snapped_at,price,market_cap,total_volume
2021-10-21 00:00:00 UTC,5.165901331733121,0.0,74387964.43467262
2021-10-22 00:00:00 UTC,5.165901331733121,0.0,74387964.43467262
2021-10-23 00:00:00 UTC,5.58375655240363,0.0,141371026.2059857
2021-10-24 00:00:00 UTC,5.5170701150392105,0.0,118162635.94408318
2021-10-25 00:00:00 UTC,5.605247903993053,0.0,103186486.38159284
2021-10-26 00:00:00 UTC,6.568958369675747,0.0,92357300.19306019
2021-10-27 00:00:00 UTC,6.071953479463278,0.0,92084362.61746329
2021-10-28 00:00:00 UTC,6.233083533616479,0.0,106296234.01145713
2021-10-29 00:00:00 UTC,5.590526344114838,0.0,104775420.09507594
2021-10-30 00:00:00 UTC,4.747361307532342,0.0,144199552.0667262
2021-10-31 00:00:00 UTC,5.275550540395415,0.0,52811360.58921689
2021-11-01 00:00:00 UTC,4.82834006320898,0.0,33133479.736427013
2021-11-02 00:00:00 UTC,5.303975893211132,0.0,80487384.19377698
2021-11-03 00:00:00 UTC,5.311981564682136,0.0,34947100.74717955
2021-11-04 00:00:00 UTC,6.590038428126246,0.0,51955844.22158585
2021-11-05 00:00:00 UTC,6.358141462040227,0.0,47621728.28741212
2021-11-06 00:00:00 UTC,6.167697786433136,0.0,35299193.76233781
2021-11-07 00:00:00 UTC,6.061020482697239,0.0,33319261.31863631
2021-11-08 00:00:00 UTC,6.475798108144709,0.0,34808688.791049674
2021-11-09 00:00:00 UTC,6.498697186995147,0.0,39859276.962419614
2021-11-10 00:00:00 UTC,6.45846599994944,0.0,36632270.47297545
2021-11-11 00:00:00 UTC,6.470154201364326,0.0,38021207.50731801
2021-11-12 00:00:00 UTC,6.31956080887992,0.0,36901082.52075511
2021-11-13 00:00:00 UTC,6.258378124086465,0.0,57894076.93244988
2021-11-14 00:00:00 UTC,6.440511654507562,0.0,32620272.092933927
2021-11-15 00:00:00 UTC,6.484753197721386,0.0,34254613.388090014
2021-11-16 00:00:00 UTC,6.224391744693751,0.0,43742457.33103718
2021-11-17 00:00:00 UTC,6.114171003086215,0.0,65551260.53188306
2021-11-18 00:00:00 UTC,6.168224338260124,0.0,34825001.918367304
2021-11-19 00:00:00 UTC,6.213461634648408,0.0,27112133.259334136
2021-11-20 00:00:00 UTC,6.90835529011944,0.0,40695902.96754131
2021-11-21 00:00:00 UTC,7.4203919454078875,0.0,41208310.561577104
2021-11-22 00:00:00 UTC,7.212458056460907,0.0,28295257.93800843
2021-11-23 00:00:00 UTC,7.401824738884305,0.0,35446081.2621461
2021-11-24 00:00:00 UTC,7.4870732923762215,0.0,28203642.9980406
2021-11-25 00:00:00 UTC,7.704737826734273,0.0,35509307.2419286
2021-11-26 00:00:00 UTC,8.227226087512141,0.0,24996274.692970857
2021-11-27 00:00:00 UTC,7.7201924956832935,0.0,28769888.565158557
2021-11-28 00:00:00 UTC,7.959937368967454,0.0,26390671.8649028
2021-11-29 00:00:00 UTC,7.753488944838934,0.0,27287975.85791983
2021-11-30 00:00:00 UTC,8.121603936504613,0.0,29830441.69939115
2021-12-01 00:00:00 UTC,7.41656398242404,0.0,68393640.61083055
2021-12-02 00:00:00 UTC,7.120022247087492,0.0,51788503.367506176
2021-12-03 00:00:00 UTC,6.578292292254168,0.0,63848052.774640016
2021-12-04 00:00:00 UTC,6.2978373436636845,0.0,41773816.04549311
2021-12-05 00:00:00 UTC,6.594207281191263,0.0,27176829.96223937
2021-12-06 00:00:00 UTC,6.8533417045377645,0.0,17272447.665422063
2021-12-07 00:00:00 UTC,6.43055056266259,0.0,31718709.326955304
2021-12-08 00:00:00 UTC,6.278278380906475,0.0,13267614.823929463
2021-12-09 00:00:00 UTC,6.265694774964497,0.0,11147893.013615059
2021-12-10 00:00:00 UTC,5.478095425299425,0.0,31005612.656865582
2021-12-11 00:00:00 UTC,5.13259732495454,0.0,22152951.52498478
2021-12-12 00:00:00 UTC,5.546832172543126,0.0,14348273.48720677
2021-12-13 00:00:00 UTC,6.268487514525571,0.0,12710875.141339667
2021-12-14 00:00:00 UTC,5.636141096231778,0.0,17417095.01028702
2021-12-15 00:00:00 UTC,5.60859544414442,0.0,9019681.02009382
2021-12-16 00:00:00 UTC,5.359269281302246,0.0,8006348.758545739
2021-12-17 00:00:00 UTC,5.511388031147116,0.0,8450242.36802732
2021-12-18 00:00:00 UTC,5.065053612008469,0.0,13083193.466407713
2021-12-19 00:00:00 UTC,5.128528462861874,0.0,13219750.858241038
2021-12-20 00:00:00 UTC,5.422269532034771,0.0,6949942.830266033
2021-12-21 00:00:00 UTC,5.18230493837937,0.0,8343159.164623144
2021-12-22 00:00:00 UTC,5.309817701720603,0.0,8116718.3872372145
2021-12-23 00:00:00 UTC,5.98118614797819,0.0,9721473.760696076
2021-12-24 00:00:00 UTC,6.370642911436606,0.0,6189746.448289158
2021-12-25 00:00:00 UTC,6.6293865673831265,0.0,7893795.213091761
2021-12-26 00:00:00 UTC,6.8707532021881095,0.0,4932647.879072615
2021-12-27 00:00:00 UTC,7.320926458949169,0.0,10035263.78744607
2021-12-28 00:00:00 UTC,6.740601241791168,0.0,10985708.931337269
2021-12-29 00:00:00 UTC,7.092323184928908,0.0,9323915.879526546
2021-12-30 00:00:00 UTC,7.062039572590235,0.0,7597889.848604196
2021-12-31 00:00:00 UTC,7.375981354286612,0.0,9281193.571545186
2022-01-01 00:00:00 UTC,7.032553118205698,0.0,12118346.069628248
2022-01-02 00:00:00 UTC,6.872511439736404,0.0,8672641.713764995
2022-01-03 00:00:00 UTC,6.271395874690948,0.0,8696941.382909663
2022-01-04 00:00:00 UTC,6.599569825407541,0.0,11813185.120518362
2022-01-05 00:00:00 UTC,6.518370339283543,0.0,6762013.265979679
2022-01-06 00:00:00 UTC,5.696124426843521,0.0,8175330.889632669
2022-01-07 00:00:00 UTC,5.473720644867157,0.0,6675118.122751684
2022-01-08 00:00:00 UTC,5.621836012209156,0.0,17410308.024175923
2022-01-09 00:00:00 UTC,5.692449857513459,0.0,5214000.063829976
2022-01-10 00:00:00 UTC,5.570323738314698,0.0,6592089.146768587
2022-01-11 00:00:00 UTC,5.2981711549577035,0.0,10883122.848322067
2022-01-12 00:00:00 UTC,5.301610832514476,0.0,3868633.1812133454
2022-01-13 00:00:00 UTC,6.138802293902113,0.0,9935208.683168402
2022-01-14 00:00:00 UTC,5.917110451911437,0.0,7703985.806175695
2022-01-15 00:00:00 UTC,5.862627559816226,0.0,5517079.978512866
2022-01-16 00:00:00 UTC,5.933256143084223,0.0,3250253.4865876995
2022-01-17 00:00:00 UTC,5.657581542834876,0.0,4416652.3869807245
2022-01-18 00:00:00 UTC,5.268054308995075,0.0,7255212.547827246
2022-01-19 00:00:00 UTC,5.040786993007226,0.0,12699403.771541988
2022-01-20 00:00:00 UTC,5.260248320975711,0.0,5165470.076372031
2022-01-21 00:00:00 UTC,5.306642728095748,0.0,5938846.099721589
2022-01-22 00:00:00 UTC,5.031936112721503,0.0,5920712.2938754
2022-01-23 00:00:00 UTC,4.2423639071746955,0.0,6503965.744268674
2022-01-24 00:00:00 UTC,5.012182825951132,0.0,4262366.6368482765
2022-01-25 00:00:00 UTC,5.231785351455699,93519722.17314996,3978518.482800591
2022-01-26 00:00:00 UTC,5.252395602661735,93859210.28623913,2907557.5021897843
2022-01-27 00:00:00 UTC,5.223116612553772,93308097.41184637,2875698.817021701
2022-01-28 00:00:00 UTC,4.481527234895959,79837831.33899565,2644752.3652458848
2022-01-29 00:00:00 UTC,5.355706613975845,92282268.16296636,3650255.6638551974
2022-01-30 00:00:00 UTC,5.941696816683368,100702171.66711688,6434789.569984462
2022-01-31 00:00:00 UTC,5.488852295603794,94807620.9812137,9437364.033154696
2022-02-01 00:00:00 UTC,5.114739527478147,88248204.10885069,3058213.2426253534
2022-02-02 00:00:00 UTC,5.155735039229572,89070277.87355582,2104642.9266560315
2022-02-03 00:00:00 UTC,4.96307120681669,86024074.5944225,3025718.840069414
2022-02-04 00:00:00 UTC,5.077613556881021,88435601.41589683,2888627.755671413
2022-02-05 00:00:00 UTC,4.9671645355842315,86182829.87627794,2454358.39529835
2022-02-06 00:00:00 UTC,5.093351338749532,89367707.30723844,3212877.0872132126
2022-02-07 00:00:00 UTC,4.920374419835956,86423978.2972325,1542118.1154766518
2022-02-08 00:00:00 UTC,4.952523756155299,86972706.0235964,2838526.894675003
2022-02-09 00:00:00 UTC,4.854711509448236,84655077.77002211,2159143.7205810626
2022-02-10 00:00:00 UTC,4.893046612102102,85445276.0177671,1390510.134379721
2022-02-11 00:00:00 UTC,4.485776463608077,78540292.31523608,4658550.048664526
2022-02-12 00:00:00 UTC,4.361831036279577,77006899.42798485,1103981.5225435977
2022-02-13 00:00:00 UTC,4.351087074446477,76856633.06332104,651650.5275295195
2022-02-14 00:00:00 UTC,4.050064887654093,71854314.87359022,2085014.9513699466
2022-02-15 00:00:00 UTC,4.13304148966881,73046495.50900912,1718834.006266716
2022-02-16 00:00:00 UTC,4.225813469372265,74787087.49285674,1336186.5022372513
2022-02-17 00:00:00 UTC,4.416524126521486,78232770.0059311,1837159.3751039784
2022-02-18 00:00:00 UTC,4.540321314923823,80143823.7604491,2716920.2098457506
2022-02-19 00:00:00 UTC,4.318578539010388,76732085.55141704,928218.7362328852
2022-02-20 00:00:00 UTC,4.270544187046081,75838406.99985883,834452.5855301486
2022-02-21 00:00:00 UTC,4.160855656324403,74019220.28889716,710436.30830943
2022-02-22 00:00:00 UTC,4.009266684426693,71524125.9881964,1097717.3383857713
2022-02-23 00:00:00 UTC,4.076846814790412,72422194.25595456,3605070.6000388977
2022-02-24 00:00:00 UTC,3.965000581943643,70569455.72800578,1224215.638174671
2022-02-25 00:00:00 UTC,3.7718209186541682,67025772.292229354,1712160.2509044174
2022-02-26 00:00:00 UTC,3.889794650730859,68605215.4701624,671622.261665253
2022-02-27 00:00:00 UTC,3.8828219973507987,68893143.95912257,159888.1520694818
2022-02-28 00:00:00 UTC,3.853656178463149,68416428.2556514,313209.5023764091
2022-03-01 00:00:00 UTC,3.8646159178053314,68836031.7936272,1088714.654757254
2022-03-02 00:00:00 UTC,3.8339951212816157,68497252.62017839,1201947.3920246288
2022-03-03 00:00:00 UTC,3.626890956264596,65093247.78464742,1859390.5202579906
2022-03-04 00:00:00 UTC,3.478724429200272,63132778.13113382,1848551.2973845566
2022-03-05 00:00:00 UTC,3.3333530789592416,60704205.65405804,1134040.7288659457
2022-03-06 00:00:00 UTC,3.0729316611586563,55918732.93779239,2497827.175769419
2022-03-07 00:00:00 UTC,3.0223257015467637,55156882.517600626,758810.1353235472
2022-03-08 00:00:00 UTC,2.874670873731304,52396768.557597265,1256806.51520052
2022-03-09 00:00:00 UTC,2.8205561493774303,51709427.0227894,841514.3060486579
2022-03-10 00:00:00 UTC,2.727096711610689,50291479.85403521,537323.2038753112
2022-03-11 00:00:00 UTC,2.7122904218227655,50011723.044078976,163776.56654854256
2022-03-12 00:00:00 UTC,2.7110518335414873,50068335.51916699,50010.76008138609
2022-03-13 00:00:00 UTC,2.7049130533780383,49792493.014138564,276598.36415566114
2022-03-14 00:00:00 UTC,2.797169630677163,51514986.32549538,851759.1757440106
2022-03-15 00:00:00 UTC,2.798103735977331,51599056.322887786,489426.4663573953
2022-03-16 00:00:00 UTC,2.9165446108245905,53698901.819911875,1257086.6559236697
2022-03-17 00:00:00 UTC,3.164051674606693,57521434.21471357,1844524.8992868671
2022-03-18 00:00:00 UTC,3.124013089770938,57605940.7626754,642149.3421182364
2022-03-19 00:00:00 UTC,2.897057379872313,53988448.8836491,1271981.9555361331
2022-03-20 00:00:00 UTC,2.9127672425059736,54333071.0803082,339399.56740873
2022-03-21 00:00:00 UTC,2.937250480538714,54553466.88328909,373493.02018418803
2022-03-22 00:00:00 UTC,3.042565198159242,56817866.22806093,228426.06586706176
2022-03-23 00:00:00 UTC,2.916347292268578,54990238.89744833,1386147.4713279689
2022-03-24 00:00:00 UTC,2.940001947719066,55434618.09427574,515103.33285235113
2022-03-25 00:00:00 UTC,3.0506814153178343,57442125.63841244,905393.7585715847
2022-03-26 00:00:00 UTC,3.1472054961760887,59329295.253668435,952244.1994947348
2022-03-27 00:00:00 UTC,3.214999039115082,60615858.12600511,835759.8314454295
2022-03-28 00:00:00 UTC,3.338979245101072,62821439.38049953,1219294.6303316958
2022-03-29 00:00:00 UTC,3.356387646883911,63535101.454224795,1711733.0556639088
2022-03-30 00:00:00 UTC,3.2246288109575763,61256256.29481704,1238150.5737912087
2022-03-31 00:00:00 UTC,3.25773741299027,62119205.562790215,890799.2778070746
2022-04-01 00:00:00 UTC,3.1997262720775606,61790503.32798117,1008610.917231003
2022-04-02 00:00:00 UTC,3.256078519075623,62804855.99472277,909467.6877465071
2022-04-03 00:00:00 UTC,3.2919453719078584,63589116.15004502,1430894.6454076192
2022-04-04 00:00:00 UTC,3.3138011728048062,63973599.99192206,874646.5046121496
2022-04-05 00:00:00 UTC,3.24262773054413,62593744.09912822,1198556.213576828
2022-04-06 00:00:00 UTC,3.2428749057686437,62414360.08847116,727688.0125447757
2022-04-07 00:00:00 UTC,3.191949587880421,61461257.7443579,599154.0118581
2022-04-08 00:00:00 UTC,3.2241727519228545,62146969.50597394,1237328.577113732
2022-04-09 00:00:00 UTC,3.174468070121849,61179169.65385599,641889.4092662634
2022-04-10 00:00:00 UTC,3.16649205703084,61253544.91688502,281514.87629089336
2022-04-11 00:00:00 UTC,3.199234076589637,61796077.312625445,670821.840551997
2022-04-12 00:00:00 UTC,3.185404047814936,61545689.89515519,1006448.3468532328
2022-04-13 00:00:00 UTC,3.4617818115574526,66639666.38933575,1788764.3420824134
2022-04-14 00:00:00 UTC,3.4576396442594732,66740253.91621843,638835.6295849297
2022-04-15 00:00:00 UTC,3.4523987108112086,66598298.97053423,1467610.8241444994
2022-04-16 00:00:00 UTC,3.521944409951211,68023441.11248386,729573.9581168307
2022-04-17 00:00:00 UTC,3.555622759031004,68530373.31644352,398278.5009683201
2022-04-18 00:00:00 UTC,3.5119065685848283,68013765.55709708,512672.44331949885
2022-04-19 00:00:00 UTC,3.532741408011895,68044684.99918322,373797.92836398154
2022-04-20 00:00:00 UTC,3.534904234586341,68235441.592808,473052.91636794416
2022-04-21 00:00:00 UTC,3.5161293874810458,67884515.1096025,356272.1909220063
2022-04-22 00:00:00 UTC,3.412525256260405,65737482.283341974,610387.2195618124
2022-04-23 00:00:00 UTC,3.40338713141685,65731554.47738363,556364.3520379988
2022-04-24 00:00:00 UTC,3.429698561954399,66130940.881797425,369583.38634677685
2022-04-25 00:00:00 UTC,3.4346840220398636,66309476.442922354,309299.6939775186
2022-04-26 00:00:00 UTC,3.345914187702848,64667835.92385781,955734.4792979521
2022-04-27 00:00:00 UTC,3.3083894766030784,63943735.83529038,538278.5655476107
2022-04-28 00:00:00 UTC,3.257833400183376,62892747.83289717,549928.9716592393
2022-04-29 00:00:00 UTC,3.233892399755257,62357034.38934556,1039628.3298375037
2022-04-30 00:00:00 UTC,3.124155142907773,60244039.74412696,869028.4507850416
2022-05-01 00:00:00 UTC,2.926879443840201,56604126.603213035,1364659.3998609546
2022-05-02 00:00:00 UTC,2.915148559071941,56295621.77475218,507354.2716888915
2022-05-03 00:00:00 UTC,2.9795793078613357,57600424.16721972,462732.7380378784
2022-05-04 00:00:00 UTC,2.999169468481886,58076129.07344199,636748.7492692271
2022-05-05 00:00:00 UTC,3.0583010426078117,59263347.77578332,440895.0217514761
2022-05-06 00:00:00 UTC,2.978638885211507,57605275.94720923,586316.2607931854
2022-05-07 00:00:00 UTC,2.9567429757004318,57207227.48795336,280286.90575156006
2022-05-08 00:00:00 UTC,2.9619146374746133,57316660.077090114,315709.4694097983
2022-05-09 00:00:00 UTC,2.931165130689335,56856240.26353675,375101.23193713016
2022-05-10 00:00:00 UTC,2.867937912635199,55778638.47427747,529027.3497576131
2022-05-11 00:00:00 UTC,2.8139354778411834,54534106.84983845,570347.2421025613
2022-05-12 00:00:00 UTC,2.6866268514229903,52665532.005667865,681226.6194318397
2022-05-13 00:00:00 UTC,2.547638890110079,49161759.923819676,669808.909227953
2022-05-14 00:00:00 UTC,2.586674712039567,49828055.53108464,789887.6050741443
2022-05-15 00:00:00 UTC,2.565044959466952,49323641.04738216,310529.3160629029
2022-05-16 00:00:00 UTC,2.574453429158152,49615753.82139809,355527.80949475896
2022-05-17 00:00:00 UTC,2.6296975181996234,50676253.09810293,287333.1348364401
2022-05-18 00:00:00 UTC,2.621172192252092,50530039.76746581,258552.00373713297
2022-05-19 00:00:00 UTC,2.6348374136195862,50823103.79785416,239500.79070799786
2022-05-20 00:00:00 UTC,2.5767020430767897,50207895.671365835,290636.90533461125
2022-05-21 00:00:00 UTC,2.513807253537436,48597900.56052379,509179.05346523004
2022-05-22 00:00:00 UTC,2.4718940550842134,47734356.51419409,350574.86103538156
2022-05-23 00:00:00 UTC,2.520011156879631,48283969.60248554,205757.63798713314
2022-05-24 00:00:00 UTC,2.492530012823242,48375633.895759426,216911.08404556016
2022-05-25 00:00:00 UTC,2.4913035039418383,48081122.6744613,209783.02515071214
2022-05-26 00:00:00 UTC,2.1161778525580326,40773368.02805719,1224275.644582918
2022-05-27 00:00:00 UTC,2.1466335484334884,41716857.85088939,185875.8990392789
2022-05-28 00:00:00 UTC,2.1221624590200254,40820564.54482814,244301.05246881326
2022-05-29 00:00:00 UTC,2.142323571822418,41242658.09767767,194419.59225088314
2022-05-30 00:00:00 UTC,2.156240718557066,41425924.71102349,163373.24704264538
2022-05-31 00:00:00 UTC,2.136117278105463,41108805.41337146,198843.49063638554
2022-06-01 00:00:00 UTC,2.106268074478701,40652034.46816494,213941.00223175125
2022-06-02 00:00:00 UTC,2.104702572214206,40606830.544428214,188896.85474066972
2022-06-03 00:00:00 UTC,2.0564258670153537,39694562.51020586,330634.11398535944
2022-06-04 00:00:00 UTC,2.0377746873899207,39415087.02387129,218381.50210751608
2022-06-05 00:00:00 UTC,2.0297091137092886,39052734.557776436,208632.375334389
2022-06-06 00:00:00 UTC,2.033182497863016,39174757.62254377,169856.6920824497
2022-06-07 00:00:00 UTC,2.0399618231201213,39413680.6229412,135409.1398143868
2022-06-08 00:00:00 UTC,2.0442942235733086,39361370.00297649,169057.93994054876
2022-06-09 00:00:00 UTC,2.0372821850611342,39172826.472931206,175842.8402044193
2022-06-10 00:00:00 UTC,2.105551918460977,40752972.400224894,347164.9649316613
2022-06-11 00:00:00 UTC,2.222912560973071,43047092.24079928,556388.1673163567
2022-06-12 00:00:00 UTC,2.125103962286374,40918639.32553552,416248.47797872726
2022-06-13 00:00:00 UTC,2.1124693204831844,40829558.200288534,695185.9482001954
2022-06-14 00:00:00 UTC,2.0470098961604153,39322600.52203612,592569.1800702849
2022-06-15 00:00:00 UTC,2.0303122791009787,39137066.83238217,236780.1183443304
2022-06-16 00:00:00 UTC,2.0228949666113927,39147809.218358345,201832.8580366673
2022-06-17 00:00:00 UTC,2.0180264824279357,38998287.172464415,146457.4128064815
2022-06-18 00:00:00 UTC,2.0134156486909864,38836079.38296818,143523.4590375445
2022-06-19 00:00:00 UTC,2.000790690979277,38639552.67296809,177208.35962043487
2022-06-20 00:00:00 UTC,1.9822797855917236,38172932.79632632,164379.67288907798
2022-06-21 00:00:00 UTC,2.0036931466995473,38695961.38205891,165530.64055295874
2022-06-22 00:00:00 UTC,1.9868837598092732,38277472.85605354,174163.69079263095
2022-06-23 00:00:00 UTC,1.9929392050762942,38268169.04618071,156238.8920136515
2022-06-24 00:00:00 UTC,2.0021701580091515,38473417.29278143,164032.13075242523
2022-06-25 00:00:00 UTC,1.9990358388853608,38429834.05328978,146005.74349121103
2022-06-26 00:00:00 UTC,1.9895934356127891,38233005.96711812,166769.9531509793
2022-06-27 00:00:00 UTC,2.0066399216007134,38811150.416563764,153419.48230734532
2022-06-28 00:00:00 UTC,2.003085578646732,38674818.53045928,138185.87609367463
2022-06-29 00:00:00 UTC,1.9995854857479405,38664811.20720302,147420.31195094358
2022-06-30 00:00:00 UTC,1.961580641564428,37975015.80239853,190606.2028250454
2022-07-01 00:00:00 UTC,1.9327146821698185,37818812.17433597,145727.69003038947
2022-07-02 00:00:00 UTC,1.9637477600524265,37820044.454619996,149509.42917955946
2022-07-03 00:00:00 UTC,1.9053862751614719,36687500.153403774,218465.4359110626
2022-07-04 00:00:00 UTC,1.8995612707995422,36590171.05900303,189531.38945346326
2022-07-05 00:00:00 UTC,1.9237151884544672,37030882.4646973,7383001.80233455
2022-07-06 00:00:00 UTC,1.927468703940218,36953843.43706556,11574975.671821374
2022-07-07 00:00:00 UTC,1.9249930856680644,37278612.401737824,3439565.0965592624
2022-07-08 00:00:00 UTC,1.9253697115845763,37076104.56604713,47715.17175903903
2022-07-09 00:00:00 UTC,1.9362977427159014,37117036.22732703,49397.399148343415
2022-07-10 00:00:00 UTC,1.933782169329133,37225383.91458317,35865.380204141846
2022-07-11 00:00:00 UTC,1.9200122196218956,36978690.40491649,37992.43419986256
2022-07-12 00:00:00 UTC,1.9160161945537544,37081678.37844627,123324.08992186653
2022-07-13 00:00:00 UTC,1.9313841682136903,37284733.44880133,126338.73174973052
2022-07-14 00:00:00 UTC,1.9342108051696751,37402620.40899053,61487.59923453089
2022-07-15 00:00:00 UTC,1.922404946242424,36562009.07446353,51991.35391590706
2022-07-16 00:00:00 UTC,1.8886555289054825,36507899.58837273,86336.15553015746
2022-07-17 00:00:00 UTC,1.8897010332828539,36109396.14652996,42727.82745337536
2022-07-18 00:00:00 UTC,1.905494234226324,36657404.951629,34231.926884618864
2022-07-19 00:00:00 UTC,1.8851887257127764,36529005.09350187,47035.4636563525
2022-07-20 00:00:00 UTC,1.8820617500714054,36543478.792995386,116796.40119155162
2022-07-21 00:00:00 UTC,1.7998029413633034,34850737.8983579,178938.94971713392
2022-07-22 00:00:00 UTC,1.8036925510722652,34969527.42784079,346366.6988245109
2022-07-23 00:00:00 UTC,1.8520406471830035,35630848.933391385,412045.5355997118
2022-07-24 00:00:00 UTC,1.8937569586432408,36549767.71814809,337337.66374469234
2022-07-25 00:00:00 UTC,1.9210128498659655,36958175.4612271,342249.2994143548
2022-07-26 00:00:00 UTC,1.9168051710402991,37828138.5134494,325329.6846773948
2022-07-27 00:00:00 UTC,1.9332770155351906,37541783.054007605,366508.36493092193
2022-07-28 00:00:00 UTC,1.9429016522573388,37674476.31367758,318573.2454006939
2022-07-29 00:00:00 UTC,2.0053243322637067,38644168.32184221,371548.0649815409
2022-07-30 00:00:00 UTC,1.999268597634597,38478712.70998864,271681.7056064191
2022-07-31 00:00:00 UTC,1.9914322111684768,38432621.3298809,274643.48554074665
2022-08-01 00:00:00 UTC,1.980195604272311,38293588.07256178,271121.376902825
2022-08-02 00:00:00 UTC,2.004383332468617,38614431.34030758,445695.30264907266
2022-08-03 00:00:00 UTC,2.04773183221329,39388157.56710318,477909.22863419034
2022-08-04 00:00:00 UTC,2.081111069639411,40270400.990829535,340625.9974292537
2022-08-05 00:00:00 UTC,2.027251156013926,39344665.797077395,470735.58196202066
2022-08-06 00:00:00 UTC,1.9939360015626182,38654987.60415462,423827.06313484156
2022-08-07 00:00:00 UTC,1.9902722490260942,38723439.50857454,335619.48390773986
2022-08-08 00:00:00 UTC,1.9721194737873502,38730879.7254418,292830.3064977968
2022-08-09 00:00:00 UTC,1.9812009175482799,38280510.195390254,453215.15120826743
2022-08-10 00:00:00 UTC,1.9657167949239631,38133024.24455696,327164.92965507635
2022-08-11 00:00:00 UTC,2.00263826442559,38909102.03137634,281761.465292588
2022-08-12 00:00:00 UTC,2.014600933755301,38388633.015752874,297866.42244807736
2022-08-13 00:00:00 UTC,2.0064550008493227,38415088.79068934,267844.1205767726
2022-08-14 00:00:00 UTC,1.9676317784207507,38565001.91746049,328018.47458575084
2022-08-15 00:00:00 UTC,1.9134082241741284,37229965.18007908,382616.0372037262
2022-08-16 00:00:00 UTC,1.9039771603726985,36777043.047951974,302160.6310751979
2022-08-17 00:00:00 UTC,1.9177334511793147,36878029.46598617,298758.7354159496
2022-08-18 00:00:00 UTC,1.9185088214688055,37048137.42548098,269384.3209388851
2022-08-19 00:00:00 UTC,1.9031185890605682,37185359.12205419,285768.03074091364
2022-08-20 00:00:00 UTC,1.9266622793713128,37547569.98722903,311748.4505243483
2022-08-21 00:00:00 UTC,1.89566703493205,36742355.738476396,263310.2722242259
2022-08-22 00:00:00 UTC,1.8615715861408317,36384998.90649213,257536.2268168119
2022-08-23 00:00:00 UTC,1.8728622870812832,36279872.79023638,280957.646401386
2022-08-24 00:00:00 UTC,1.5952159547383307,31321085.568407968,841456.6675161228
2022-08-25 00:00:00 UTC,1.5623303254520045,30628612.12188068,262088.35255577168
2022-08-26 00:00:00 UTC,1.5521982309528302,30316437.848599374,238157.55632450467
2022-08-27 00:00:00 UTC,1.5612312273689075,30833418.06136705,219743.8929438214
2022-08-28 00:00:00 UTC,1.566321620264991,30260173.47297389,213739.4569656897
2022-08-29 00:00:00 UTC,1.5753873834188101,30757552.103125796,218812.3337778857
2022-08-30 00:00:00 UTC,1.5575755305861134,29992780.57154813,249644.2662232403
2022-08-31 00:00:00 UTC,1.55964660943086,30708838.98975988,212476.51606346059
2022-09-01 00:00:00 UTC,1.6503424710896129,32584379.064866748,672500.5294302015
2022-09-02 00:00:00 UTC,1.6421969330986605,32228766.28026513,218495.17327664822
2022-09-03 00:00:00 UTC,1.6610439874828535,32419515.979680177,244829.4246207729
2022-09-04 00:00:00 UTC,1.6639740164932406,32226719.83399289,363030.1685522018
2022-09-05 00:00:00 UTC,1.656268579487328,32417520.18521022,247605.51250156088
2022-09-06 00:00:00 UTC,1.6379347641503725,31962182.399721343,232614.73773522984
2022-09-07 00:00:00 UTC,1.6320061610609136,31763632.732252896,243963.3313116079
2022-09-08 00:00:00 UTC,1.6290584979820182,31764271.319584746,301787.1335773928
2022-09-09 00:00:00 UTC,1.6159159571863189,31535272.799965847,340788.09682733193
2022-09-10 00:00:00 UTC,1.6393709836234271,31904169.433683462,246634.79301953796
2022-09-11 00:00:00 UTC,1.6411936303323789,31796346.51255397,277888.6223401175
2022-09-12 00:00:00 UTC,1.6221673658100344,32068552.71154244,326707.2470640172
2022-09-13 00:00:00 UTC,1.642147312154787,32318863.740793765,233871.00397571575
2022-09-14 00:00:00 UTC,1.610201549762845,31564710.90215896,318455.667445247
2022-09-15 00:00:00 UTC,1.6158370045649548,31500316.269449897,295159.32622488495
2022-09-16 00:00:00 UTC,1.6034464842271703,30145879.86722537,252230.06381465675
2022-09-17 00:00:00 UTC,1.621987094268373,30653991.375957467,298189.2983660209
2022-09-18 00:00:00 UTC,1.6262639095990035,30725308.677605435,275165.99914373143
2022-09-19 00:00:00 UTC,1.6218463377509744,30773587.12879064,264217.2698589855
2022-09-20 00:00:00 UTC,1.6139323250592463,30592671.438088957,252609.73620538137
2022-09-21 00:00:00 UTC,1.5848239012932601,29997782.106623076,282790.67158311274
2022-09-22 00:00:00 UTC,1.577191837139642,29710719.44017019,473146.40312696964
2022-09-23 00:00:00 UTC,1.5841958667961902,29791611.876625426,279010.3371394214
2022-09-24 00:00:00 UTC,1.5989965774193438,30078439.823759172,265634.4210434768
2022-09-25 00:00:00 UTC,1.6107229940968701,30323442.352429595,282312.63044217636
2022-09-26 00:00:00 UTC,1.6161737735198032,30271867.440058127,237833.83785469618
2022-09-27 00:00:00 UTC,1.61784544302876,30378985.026018314,256888.15992947202
2022-09-28 00:00:00 UTC,1.6140448152031128,30342025.29887547,249788.8502896675
2022-09-29 00:00:00 UTC,1.6115700193873617,30177014.484821364,270226.9029216343
2022-09-30 00:00:00 UTC,1.6107256425736796,30288265.63144735,247843.29253879853
2022-10-01 00:00:00 UTC,1.584291805101114,29892672.71963451,244328.49766499008
2022-10-02 00:00:00 UTC,1.5791491340751567,29865761.899622694,259245.0995929383
2022-10-03 00:00:00 UTC,1.562091158720869,29393225.138737574,305111.1443909421
2022-10-04 00:00:00 UTC,1.566767866841896,29454552.91822747,261742.9368985873
2022-10-05 00:00:00 UTC,1.5676409398066857,29405627.157004207,240645.22847855018
2022-10-06 00:00:00 UTC,1.6128153230960478,30488555.174600724,296560.0916117212
2022-10-07 00:00:00 UTC,1.6320024092116163,30876119.719182335,260996.1852120085
2022-10-08 00:00:00 UTC,1.6362048050715463,30792176.052039616,274378.2364535795
2022-10-09 00:00:00 UTC,1.6452441094019636,30933661.846094035,245287.17026592066
2022-10-10 00:00:00 UTC,1.6904957751721152,31771146.743282925,252745.34245331163
2022-10-11 00:00:00 UTC,1.638091633542488,30814362.35581166,266559.3100285334
2022-10-12 00:00:00 UTC,1.5726494801424427,29887858.40671146,255464.16765296136
2022-10-13 00:00:00 UTC,1.6000829614121428,29970983.246258114,315975.82207575336
2022-10-14 00:00:00 UTC,1.6598625978695911,31178778.479793854,281417.39533805574
2022-10-15 00:00:00 UTC,1.5972904827819032,30287369.703818828,259309.22545609766
2022-10-16 00:00:00 UTC,1.6194997406097322,30411505.482219733,249508.78602194344
2022-10-17 00:00:00 UTC,1.6080342082415617,30450114.82088898,257907.89808844327
2022-10-18 00:00:00 UTC,1.6392711174524535,30659944.601912588,258566.4242557256
2022-10-19 00:00:00 UTC,1.478826098509086,27659437.085243236,258282.70330582577
2022-10-20 00:00:00 UTC,1.5239814301932344,28620411.19393976,283358.1587808692
2022-10-21 00:00:00 UTC,1.5185939485038742,28549210.04205935,270921.0241237618
2022-10-22 00:00:00 UTC,1.4963238018721812,28124091.24263457,271184.96544747794
2022-10-23 00:00:00 UTC,1.4982180327155754,28402734.35489988,223357.83749672156
2022-10-24 00:00:00 UTC,1.5057008253382556,28556110.56389541,234952.4081584948
2022-10-25 00:00:00 UTC,1.5151324457318722,28349828.320686087,227351.6525602689
2022-10-26 00:00:00 UTC,1.3139249880857624,24768710.24861241,297717.76995491807
2022-10-27 00:00:00 UTC,1.3288741351103186,24925026.13920943,231106.5563203145
2022-10-28 00:00:00 UTC,1.3912178573465168,26214539.448866207,8248.728235122862
2022-10-29 00:00:00 UTC,1.4105549845012222,26450711.45234177,205349.46058030357
2022-10-30 00:00:00 UTC,1.4003136056553447,26417278.23490939,201522.3518999281
2022-10-31 00:00:00 UTC,1.357072991629737,25705193.043833274,211096.13803165196
2022-11-01 00:00:00 UTC,1.3720651293150279,25468099.22312251,208673.34926624407
2022-11-02 00:00:00 UTC,1.3713949237584728,25748407.876865145,211309.63562281153
2022-11-03 00:00:00 UTC,1.3585430935877674,25388362.11094876,229489.17891055712
2022-11-04 00:00:00 UTC,1.3691030919268492,25650978.83094296,204498.66955533906
2022-11-05 00:00:00 UTC,1.377585808219322,25829526.151470803,204915.34346460566
2022-11-06 00:00:00 UTC,1.3849489947718805,25910444.336174887,216151.75981585955
2022-11-07 00:00:00 UTC,1.3789963249156314,26185078.007962495,202543.51940415136
2022-11-08 00:00:00 UTC,1.37239911028518,26050098.082669046,220332.0075695053
2022-11-09 00:00:00 UTC,1.2838228378129835,24069671.755299903,316020.7407768443
2022-11-10 00:00:00 UTC,1.2711723740083316,23838610.490641747,220372.2405138388
2022-11-11 00:00:00 UTC,1.2762798141733958,23838637.80195794,185122.4991490907
2022-11-12 00:00:00 UTC,1.3355849841943268,24995763.523204967,233180.09677969269
2022-11-13 00:00:00 UTC,1.3361194854164906,24710985.391324162,218948.09964957985
2022-11-14 00:00:00 UTC,1.2948550253368123,24593754.168187305,188822.17900645864
2022-11-15 00:00:00 UTC,1.2724097289366996,23788684.22738607,212468.37215104006
2022-11-16 00:00:00 UTC,1.2732120434731102,23827334.846615404,188300.99435329117
2022-11-17 00:00:00 UTC,1.2679872524302118,23596731.12021943,456827.8150458023
2022-11-18 00:00:00 UTC,1.2844429134809487,23947939.140952785,548891.7075024917
2022-11-19 00:00:00 UTC,1.2399753654122563,23131925.50265288,604319.0504253187
2022-11-20 00:00:00 UTC,1.2398935506597313,23569147.4573609,597041.8284019827
2022-11-21 00:00:00 UTC,1.2467667961194902,23193167.014113985,521544.7282322513
2022-11-22 00:00:00 UTC,1.2347480617260431,23028312.25957237,473424.59300113784
2022-11-23 00:00:00 UTC,1.194936259935291,22878550.896298967,538971.2015798361
2022-11-24 00:00:00 UTC,1.1995792345994927,22999278.657687936,505532.5219608162
2022-11-25 00:00:00 UTC,1.18882377633025,22634981.304428916,492071.06923546834
2022-11-26 00:00:00 UTC,1.187925105804342,22209794.840980593,471858.85512067546
2022-11-27 00:00:00 UTC,1.2257298562484036,22642049.211264655,516706.67499516247
2022-11-28 00:00:00 UTC,1.250631709881263,23540488.335771002,527407.4893926361
2022-11-29 00:00:00 UTC,1.101786792992461,20914190.26449753,593339.7890632931
2022-11-30 00:00:00 UTC,1.104008804575787,19877798.65804097,443619.3915564835
2022-12-01 00:00:00 UTC,1.1139464516417337,20335158.311224595,482096.5770487313
2022-12-02 00:00:00 UTC,1.1151130517809416,20762648.521913987,448715.126705118
2022-12-03 00:00:00 UTC,1.1454147049335688,21520516.197183717,529294.219496514
2022-12-04 00:00:00 UTC,1.0910308202316648,20758809.297961473,452358.72228335397
2022-12-05 00:00:00 UTC,1.0920678766954357,20469689.653478425,446909.04619879357
2022-12-06 00:00:00 UTC,1.1357584366258868,21313714.89180493,411973.8208158664
2022-12-07 00:00:00 UTC,1.133708706963508,20940014.894210353,261202.2430707295
2022-12-08 00:00:00 UTC,1.1440490614478445,20739704.88948271,240187.68743009662
2022-12-09 00:00:00 UTC,1.0999526424761907,20647800.635344945,269183.1446140079
2022-12-10 00:00:00 UTC,1.0894071068815618,20218640.119711127,205613.12004714436
2022-12-11 00:00:00 UTC,1.0928482982316543,20386448.61201547,230337.66739136612
2022-12-12 00:00:00 UTC,1.0734079642781713,20645684.327606633,219592.4612388099
2022-12-13 00:00:00 UTC,1.0457869154450798,20046816.60212772,236951.3281455547
2022-12-14 00:00:00 UTC,1.0859075790243296,20234239.659180854,227495.22122582098
2022-12-15 00:00:00 UTC,1.1054598200851913,20078627.55536274,240600.6396626446
2022-12-16 00:00:00 UTC,1.0897543517164916,19829395.588068217,245635.60190705574
2022-12-17 00:00:00 UTC,1.090714403317902,19988026.909726135,232982.07459324494
2022-12-18 00:00:00 UTC,1.0881391043597326,20259563.251011938,233106.2010544678
2022-12-19 00:00:00 UTC,1.088853648994082,20050690.04691117,248825.24603622127
2022-12-20 00:00:00 UTC,1.061391803438886,19945160.01172991,225593.58666714447
2022-12-21 00:00:00 UTC,1.0833229808276443,20051055.142853495,239955.55206569177
2022-12-22 00:00:00 UTC,1.0729748087185278,20025947.513315126,251434.85906676474
2022-12-23 00:00:00 UTC,1.077595064815914,20100698.017079145,227245.9755638131
2022-12-24 00:00:00 UTC,1.0993889985198126,19778598.18114911,254396.45405675954
2022-12-25 00:00:00 UTC,1.050598733017724,19255714.995900106,242362.75642076065
2022-12-26 00:00:00 UTC,1.0292083050409244,19273307.588426407,218522.39260421472
2022-12-27 00:00:00 UTC,1.0429510347975224,19437198.24537976,216837.66619490655
2022-12-28 00:00:00 UTC,1.0617157502740417,19764783.978862595,224957.93947391017
2022-12-29 00:00:00 UTC,1.0358700086522459,18918099.558319565,255632.1229286219
2022-12-30 00:00:00 UTC,1.0177048381139249,19188105.346104596,217160.97871747796
2022-12-31 00:00:00 UTC,0.9818401843219412,18952353.209915794,172189.10657143538
2023-01-01 00:00:00 UTC,0.9468689942359058,17537520.895243935,257388.2938155135
2023-01-02 00:00:00 UTC,0.9661978531137198,17930686.668428857,188341.31131325674
2023-01-03 00:00:00 UTC,0.9692015490483361,18086834.225253686,209590.11650206725
2023-01-04 00:00:00 UTC,0.9600559986669545,18072141.846438255,207188.71477398978
2023-01-05 00:00:00 UTC,0.9261519310688996,17701070.404215053,240257.4347381594
2023-01-06 00:00:00 UTC,0.9447719374916139,17802901.4194456,210640.09112417937
2023-01-07 00:00:00 UTC,0.9294247377401305,17234757.114083726,186988.32561679257
2023-01-08 00:00:00 UTC,0.9420859801895541,17536453.168637168,198840.3260902278
2023-01-09 00:00:00 UTC,0.9331179956834361,17341647.305386204,206749.62290046015
2023-01-10 00:00:00 UTC,0.940267573379547,17752180.63368696,218344.4977054013
2023-01-11 00:00:00 UTC,0.9327255493735674,17471880.87753767,195931.22010254054
2023-01-12 00:00:00 UTC,0.9429654234031294,17535099.86547714,181136.53379092307
2023-01-13 00:00:00 UTC,0.9446356081978372,17477165.04103662,210641.37870251326
2023-01-14 00:00:00 UTC,0.9227128582724731,17381264.340243153,206158.70991107586
2023-01-15 00:00:00 UTC,0.9872381337000098,17657043.34809523,207868.58818246415
2023-01-16 00:00:00 UTC,1.028121467386952,17706290.64500714,209383.85734239977
2023-01-17 00:00:00 UTC,1.0240686501968095,19045999.335153654,223398.23781696454
2023-01-18 00:00:00 UTC,1.0239572718262897,19049915.088516988,221718.8431878817
2023-01-19 00:00:00 UTC,1.0250078315773972,19052148.84284184,229216.82338132322
2023-01-20 00:00:00 UTC,0.9200335807426763,17131104.43674959,195383.6397251149
2023-01-21 00:00:00 UTC,0.919219575166283,17108637.607355017,186845.78613201805
2023-01-22 00:00:00 UTC,0.9210739285502922,17118360.640651874,229879.94536446824
2023-01-23 00:00:00 UTC,0.9235691216646315,17185282.46469897,218540.93461157894
2023-01-24 00:00:00 UTC,0.9230004267466712,17144545.228318494,219327.40033751706
2023-01-25 00:00:00 UTC,1.0005022475559082,18613760.52534493,223429.47021490644
2023-01-26 00:00:00 UTC,1.0036423626667819,18625261.277600598,223161.0301766941
2023-01-27 00:00:00 UTC,1.000997983857195,18626148.23557932,217320.97315354072
2023-01-28 00:00:00 UTC,1.0023068846538816,18632662.98350057,226480.58521938513
2023-01-29 00:00:00 UTC,0.9966224816799047,18553731.42162797,211671.77751786262
2023-01-30 00:00:00 UTC,1.0002310530481506,18600789.788127955,213717.02805839197
2023-01-31 00:00:00 UTC,0.9986874529049037,18565350.589775134,214382.37770526423
2023-02-01 00:00:00 UTC,1.0455097547549927,19450149.436146487,758.0634765961689
2023-02-02 00:00:00 UTC,1.0514639684608302,19561743.695336234,4950.737861567825
2023-02-03 00:00:00 UTC,1.10585019747826,20503995.108821977,5353.692795910701
2023-02-04 00:00:00 UTC,1.1625059820273635,21724759.31278205,9685.578648090179
2023-02-05 00:00:00 UTC,1.1555169747365326,21494690.681955114,632.2464603617374
2023-02-06 00:00:00 UTC,1.1347487826176987,21010434.934330456,5304.731189756778
2023-02-07 00:00:00 UTC,1.1313713661627496,20980238.813605417,10782.521249711031
2023-02-08 00:00:00 UTC,1.2935046824124354,24014370.1650401,23046.59328767885
2023-02-09 00:00:00 UTC,1.432933733280011,26630503.684612047,18538.189960960568
2023-02-10 00:00:00 UTC,1.335874402018786,24839273.270878475,12781.167902807874
2023-02-11 00:00:00 UTC,1.3231482914097856,24601923.664655432,2614.355525201584
2023-02-12 00:00:00 UTC,1.350602420397393,25107612.403662447,1251.7308359178758
2023-02-13 00:00:00 UTC,1.3884639833130432,25867532.07578531,2838.158663431178
2023-02-14 00:00:00 UTC,1.5844895070642364,29449884.14983353,11471.87829746425
2023-02-15 00:00:00 UTC,1.5014992412407009,27931119.259930447,21307.28425096183
2023-02-16 00:00:00 UTC,1.5406409718318035,28637488.570315417,13295.770989513116
2023-02-17 00:00:00 UTC,1.4080129803596293,26125156.935572375,14843.95567537895
2023-02-18 00:00:00 UTC,1.4864036969300152,27525680.276901715,14916.11295257536
2023-02-19 00:00:00 UTC,1.7631224693789453,32815128.055376284,13786.608304878986
2023-02-20 00:00:00 UTC,1.6600949829925429,30960077.3766683,12378.447215694823
2023-02-21 00:00:00 UTC,1.6843334135764523,31345487.386108417,7271.666066058062
2023-02-22 00:00:00 UTC,1.6570997988200913,30871363.69428405,9703.919268968622
2023-02-23 00:00:00 UTC,1.6509249186798702,30865311.746418715,9297.701328583007
2023-02-24 00:00:00 UTC,1.6438754794058612,30552328.243078683,18785.61699798418
2023-02-25 00:00:00 UTC,1.6207038601462744,30151756.276149448,10943.640232238451
2023-02-26 00:00:00 UTC,1.6379640080712896,30468860.589873515,52.86307565828575
2023-02-27 00:00:00 UTC,1.6104555728089005,29953929.413807224,2674.443223261613
2023-02-28 00:00:00 UTC,1.5873677612629755,29463855.214231726,9318.387062757794
2023-03-01 00:00:00 UTC,1.700587626107767,31543056.241817776,21629.652149410733
2023-03-02 00:00:00 UTC,1.6823937962398845,31197379.484475162,29112.53943202788
2023-03-03 00:00:00 UTC,1.6415746816152987,30511850.97424167,20023.473473996837
2023-03-04 00:00:00 UTC,1.6578637968756738,30814671.40312365,11112.31689396562
2023-03-05 00:00:00 UTC,1.6628359564325734,30911438.958652038,611.3715829049008
2023-03-06 00:00:00 UTC,1.6504564129625807,30592460.98578637,1095.1421395007058
2023-03-07 00:00:00 UTC,1.5584123183260192,28957664.67740668,16978.970086587608
2023-03-08 00:00:00 UTC,1.582212734068385,29405102.245348267,10937.830998113905
2023-03-09 00:00:00 UTC,1.5702510413467101,29178111.470968653,9271.958045906913
2023-03-10 00:00:00 UTC,1.5281243485497076,28414546.85586323,10856.638903901005
2023-03-11 00:00:00 UTC,1.504029676733095,27958666.790068418,0.0
2023-03-12 00:00:00 UTC,1.2913341944037289,23993670.01060921,7352.890452588306
2023-03-13 00:00:00 UTC,1.5138617212623378,28340829.483297877,4833.02991787296
2023-03-14 00:00:00 UTC,1.60208287153115,29785013.060992993,13592.976398581795
2023-03-15 00:00:00 UTC,1.6357814661682895,30411639.721445378,17050.299391539505
2023-03-16 00:00:00 UTC,1.6750977744116549,31141846.358432412,14553.48973941112
2023-03-17 00:00:00 UTC,1.6502769395948944,30732977.812909238,8891.449475746322
2023-03-18 00:00:00 UTC,1.6904997093856307,31469216.256499782,11873.204093706232
2023-03-19 00:00:00 UTC,1.665664317258639,30907785.88362488,2750.3796426983163
2023-03-20 00:00:00 UTC,1.72271900491461,31994207.565101735,3563.602943091178
2023-03-21 00:00:00 UTC,1.7002650922681704,31608316.08199601,10120.63894405123
2023-03-22 00:00:00 UTC,1.680614007501976,31251469.7664941,8685.266538622911
2023-03-23 00:00:00 UTC,1.6660981638871324,31002981.786543526,10063.457342786864
2023-03-24 00:00:00 UTC,1.6635968669312626,30927760.85744268,11347.314491142088
2023-03-25 00:00:00 UTC,1.595948460421491,29662620.91865161,11903.146633034963
2023-03-26 00:00:00 UTC,1.5886416625704192,29526815.186202765,1416.8801781752868
2023-03-27 00:00:00 UTC,1.5681539922101961,29131521.828819696,1297.5409067551004
2023-03-28 00:00:00 UTC,1.5462104476066594,28712048.103828833,10045.262486867077
2023-03-29 00:00:00 UTC,1.4941725980498668,27772640.497915875,13284.796739119281
2023-03-30 00:00:00 UTC,1.4932096411137858,27786414.837247998,9694.878500544992
2023-03-31 00:00:00 UTC,1.497182370897512,27829369.851328403,9250.427552656938
2023-04-01 00:00:00 UTC,1.483734923996993,27582335.231634196,8784.985201072848
2023-04-02 00:00:00 UTC,1.4921744460607216,27724716.859697506,1959.861528343105
2023-04-03 00:00:00 UTC,1.4771085881863792,27442615.17648249,1376.3333052997998
2023-04-04 00:00:00 UTC,1.4342613631942203,26659746.637811296,11841.008257754058
2023-04-05 00:00:00 UTC,1.4175168980528305,26351612.444530945,17392.94296179891
2023-04-06 00:00:00 UTC,1.388679675738431,25820243.80151763,17062.240942963013
2023-04-07 00:00:00 UTC,1.350837739116337,25088121.548190683,17232.990765175364
2023-04-08 00:00:00 UTC,1.337363902157529,24855099.22955868,10582.585030822253
2023-04-09 00:00:00 UTC,1.3294358289091313,24706929.35282013,7800.2804525731
2023-04-10 00:00:00 UTC,1.3141194324655403,24424685.778823644,8542.485118903132
2023-04-11 00:00:00 UTC,1.2845604202466978,23838249.230650708,15091.934617290011
2023-04-12 00:00:00 UTC,1.2439205666239146,23120942.394245837,19048.04559162339
2023-04-13 00:00:00 UTC,1.2371658626356072,22999747.649007328,14730.934371006255
2023-04-14 00:00:00 UTC,1.2373266084128762,22992269.24272223,9867.029629285154
2023-04-15 00:00:00 UTC,1.1358519491371453,21116453.174137425,18493.501299450185
2023-04-16 00:00:00 UTC,1.1298919714146243,20986562.14524295,322.99799379656497
2023-04-17 00:00:00 UTC,1.1223507676299536,20856494.458289746,16355.568634078692
2023-04-18 00:00:00 UTC,1.1053545222187446,20539086.77487384,6154.929473134884
2023-04-19 00:00:00 UTC,1.0912891315623818,20251433.229127035,5752.055690773953
2023-04-20 00:00:00 UTC,1.0828379206464813,20108740.01831513,6539.109166454584
2023-04-21 00:00:00 UTC,1.0705457638824663,19893058.967827085,7063.597146521743
2023-04-22 00:00:00 UTC,1.0534332445196755,19547200.73739642,5677.128075624723
2023-04-23 00:00:00 UTC,1.0496970802318561,19514399.374597393,544.243471240274
2023-04-24 00:00:00 UTC,1.046274532131262,19450075.49196171,565.2283699179487
2023-04-25 00:00:00 UTC,1.0274615230658706,19083706.40692492,5337.359719607586
2023-04-26 00:00:00 UTC,1.0226724077859854,19030089.20315793,7027.928986733076
2023-04-27 00:00:00 UTC,1.029443407326658,19152218.709875185,788.9344742536686
2023-04-28 00:00:00 UTC,1.0385570997845608,19315669.69082505,426.65221829776993
2023-04-29 00:00:00 UTC,1.0494375125872917,19508345.38206322,294.5968630807595
2023-04-30 00:00:00 UTC,1.0503637626739988,19503619.23769785,959.9129060749855
2023-05-01 00:00:00 UTC,1.048750901016916,19463772.52745632,68.43008015525409
2023-05-02 00:00:00 UTC,1.042623044129006,19493162.800115466,207.73815425870382
2023-05-03 00:00:00 UTC,1.1285522130586667,20976270.88445043,4803.645948103689
2023-05-04 00:00:00 UTC,1.120783908351598,20828536.6128149,530.8737510564684
2023-05-05 00:00:00 UTC,1.1255110684962977,20920986.769896995,1320.8895481179482
2023-05-06 00:00:00 UTC,1.1960349628569562,22062737.710966587,28564.306238483096
2023-05-07 00:00:00 UTC,1.1654638015213388,21684802.51672415,1560.1248451255042
2023-05-08 00:00:00 UTC,1.1514948157489544,21418644.570823353,1286.1361539750897
2023-05-09 00:00:00 UTC,1.1079401852525437,20596730.92591838,2222.3546843204936
2023-05-10 00:00:00 UTC,1.0971807811150747,20393864.631322265,1932.959764391612
2023-05-11 00:00:00 UTC,1.094819549204794,20318009.712176807,1606.7221426637657
2023-05-12 00:00:00 UTC,1.0794531768568338,20096772.87369054,1135.7258077519375
2023-05-13 00:00:00 UTC,1.0691794429530095,19828080.305024635,655.4765961344112
2023-05-14 00:00:00 UTC,1.0630617945154703,19835449.43077171,507.11088739905426
2023-05-15 00:00:00 UTC,1.0542848106020652,19576170.540586155,413.163683494615
2023-05-16 00:00:00 UTC,1.0321311873427106,19225060.67732072,1279.4281107321247
2023-05-17 00:00:00 UTC,1.0028792479726591,18682886.835549608,1522.083805779396
2023-05-18 00:00:00 UTC,0.9870091166223348,18343212.848914713,3674.262842777276
2023-05-19 00:00:00 UTC,0.9942421134823747,18508431.693424337,1845.7766335077772
2023-05-20 00:00:00 UTC,0.9750798979521347,18153984.26640448,6017.17311169179
2023-05-21 00:00:00 UTC,0.9572778776276563,17788060.098650943,5101.378388207677
2023-05-22 00:00:00 UTC,0.9475429073768235,17595164.815182664,3561.288043351553
2023-05-23 00:00:00 UTC,0.9278940898987698,17235581.317296453,3367.7118885122486
2023-05-24 00:00:00 UTC,0.9103032166323878,16913086.95571952,7140.216261902395
2023-05-25 00:00:00 UTC,0.8984312067126724,16701063.618689306,2639.780047915187
2023-05-26 00:00:00 UTC,0.8802626427748125,16359008.885208406,9131.828621006964
2023-05-27 00:00:00 UTC,0.8555850263494228,15897380.786096832,7272.661787382696
2023-05-28 00:00:00 UTC,0.8375730521545517,15571497.960289003,7054.568572272794
2023-05-29 00:00:00 UTC,0.7998865497689134,14888973.671890603,10082.631842269084
2023-05-30 00:00:00 UTC,0.797430859572978,14817826.332953721,2838.7404523805994
2023-05-31 00:00:00 UTC,0.7707302621899462,14334607.305345712,7183.27899609456
2023-06-01 00:00:00 UTC,0.7626520631265779,14177383.136829562,3788.6474953328598
2023-06-02 00:00:00 UTC,0.7323855004367654,13614530.620580947,7896.147960264406
2023-06-03 00:00:00 UTC,0.729732536329232,13560551.208240343,3688.2725207333724
2023-06-04 00:00:00 UTC,0.7262345802247488,13417902.264739849,2673.706024703652
2023-06-05 00:00:00 UTC,0.7171393909301907,13308421.59542964,2161.7971795323456
2023-06-06 00:00:00 UTC,0.71017231072191,13173347.791290607,2937.1356087125496
2023-06-07 00:00:00 UTC,0.7041853581516493,13104650.833129538,663.8957956763995
2023-06-08 00:00:00 UTC,0.7253091748917566,13349568.942215083,3366.2181991741772
2023-06-09 00:00:00 UTC,0.7386174285646983,13727483.463119635,1450.4946249115908
2023-06-10 00:00:00 UTC,0.7295289196014862,13554373.040932514,338.6067883791352
2023-06-11 00:00:00 UTC,0.7212941697286563,13403597.599683002,1228.009890494372
2023-06-12 00:00:00 UTC,0.7169749072725763,13319126.840288717,316.0965582257649
2023-06-13 00:00:00 UTC,0.6942208824139271,12893873.976616586,3839.438317191365
2023-06-14 00:00:00 UTC,0.6804108671924157,12653433.533806833,1669.5921947373376
2023-06-15 00:00:00 UTC,0.6833801456417001,12713798.661454232,87.99971806978492
2023-06-16 00:00:00 UTC,0.6937005657007705,12893934.426707992,2242.190484681935
2023-06-17 00:00:00 UTC,0.6882463965586896,12769399.505515508,1281.1459677312353
2023-06-18 00:00:00 UTC,0.6889038397260545,12801688.795358127,117.47320164379036
2023-06-19 00:00:00 UTC,0.6870381120797897,12758521.939677628,163.67062825532096
2023-06-20 00:00:00 UTC,0.6789803572919155,12618860.709900867,1329.011224374235
2023-06-21 00:00:00 UTC,0.6765659011309784,12641047.618391315,356.3588792003845
2023-06-22 00:00:00 UTC,0.683006491747012,12680855.059392398,5390.222032704424
2023-06-23 00:00:00 UTC,0.6852982350940198,12730604.580551386,288.98426300222974
2023-06-24 00:00:00 UTC,0.6890093365394765,12805068.101647874,107.7912520367975
2023-06-25 00:00:00 UTC,0.6861626875522919,12735996.417100625,28.657021895149406
2023-06-26 00:00:00 UTC,0.6869254903644656,12760886.031588482,475.424983526985
2023-06-27 00:00:00 UTC,0.7178151016679414,13335328.455350148,3015.2834370287865
2023-06-28 00:00:00 UTC,0.7186013865853068,13363079.319984581,385.7350055521684
2023-06-29 00:00:00 UTC,0.7127473797029374,13245602.118263131,748.3106999754168
2023-06-30 00:00:00 UTC,0.7067217170746101,13128724.496370127,29.199967472826152
2023-07-01 00:00:00 UTC,0.7057848014257306,13072480.945990762,240.2230353820268
2023-07-02 00:00:00 UTC,0.7155072656403363,13297361.326378718,1061.1032742610412
2023-07-03 00:00:00 UTC,0.7172108674856995,13312520.246822659,646.5046716633537
2023-07-04 00:00:00 UTC,0.7106591303245395,13212930.202964205,1185.0276526314285
2023-07-05 00:00:00 UTC,0.7072764162876892,13161974.164815806,1446.643358049956
2023-07-06 00:00:00 UTC,0.7083471032415771,13155319.174673261,41.121404629578336
2023-07-07 00:00:00 UTC,0.6937080168502512,12939530.868419109,939.6433591942787
2023-07-08 00:00:00 UTC,0.6972037992780789,12952938.03990783,211.4553121984038
2023-07-09 00:00:00 UTC,0.6749575724674737,12543740.635848066,7365.257949293549
2023-07-10 00:00:00 UTC,0.6471631557443189,12027616.163008811,15366.816103092682
2023-07-11 00:00:00 UTC,0.6508918174999214,12091377.81050336,2034.3895912109265
2023-07-12 00:00:00 UTC,0.6297042635988622,11697116.194826918,13477.626237145761
2023-07-13 00:00:00 UTC,0.6711217990445796,12380837.512524873,22977.38433160198
2023-07-14 00:00:00 UTC,0.669604068857097,12421725.766455032,3732.0544054201478
2023-07-15 00:00:00 UTC,0.679765584403533,12646037.861702805,716.1955029205998
2023-07-16 00:00:00 UTC,0.6790763189551605,12596832.3710512,79.93216504613505
2023-07-17 00:00:00 UTC,0.6724388325932215,12460451.771170065,230.84401861632665
2023-07-18 00:00:00 UTC,0.6805356566623794,12624726.053973814,244.7018183037678
2023-07-19 00:00:00 UTC,0.6849296487303684,12698835.285693165,294.15376059893237
2023-07-20 00:00:00 UTC,0.6687618028949583,12402832.04988405,1281.2993864740597
2023-07-21 00:00:00 UTC,0.6810640128330262,12619976.475291621,692.517280756224
2023-07-22 00:00:00 UTC,0.682046186088665,12659299.233482832,122.80223282803104
2023-07-23 00:00:00 UTC,0.6761209421053451,12595262.064510131,577.8423221775188
2023-07-24 00:00:00 UTC,0.6794203299419463,12636844.19580131,6973.4273920543965
2023-07-25 00:00:00 UTC,0.6738010789194199,12508477.367032638,460.6430098927571
2023-07-26 00:00:00 UTC,0.6758762545762113,12534865.883424148,782.0767340587693
2023-07-27 00:00:00 UTC,0.6776017902042897,12569855.677135373,181.3275698931953
2023-07-28 00:00:00 UTC,0.6744408291587898,12593754.379595213,251.13058195822722
2023-07-29 00:00:00 UTC,0.6751943075261049,12531875.507594915,265.8454428830702
2023-07-30 00:00:00 UTC,0.6713914396107231,12463999.01405287,1353.3705435463514
2023-07-31 00:00:00 UTC,0.6690717658771576,12416116.653222166,226.55415357944153
2023-08-01 00:00:00 UTC,0.6659116092570048,12356482.932302091,254.71561011172176
2023-08-02 00:00:00 UTC,0.6645855364163559,12357672.056947092,164.03467555515655
2023-08-03 00:00:00 UTC,0.6646212512971533,12363069.292218052,39.376781989896806
2023-08-04 00:00:00 UTC,0.663906287936531,12307585.174869096,185.73182285213787
2023-08-05 00:00:00 UTC,0.6740296685805723,12506897.39461747,859.7742989476956
2023-08-06 00:00:00 UTC,0.6798201785367414,12552054.860025506,3238.298151826515
2023-08-07 00:00:00 UTC,0.723731332972562,13494147.910364714,10194.395837339367
2023-08-08 00:00:00 UTC,0.7327699218280178,13596451.30401274,1242.820829928953
2023-08-09 00:00:00 UTC,0.7255883870398966,13467253.589205723,3505.5285958383142
2023-08-10 00:00:00 UTC,0.7291545838233094,13525588.3161871,189.4528014851952
2023-08-11 00:00:00 UTC,0.7162753851285255,13285510.169578224,4865.218225548939
2023-08-12 00:00:00 UTC,0.7078492736830327,13130841.244907811,887.0461004331077
2023-08-13 00:00:00 UTC,0.7049186975117303,13077042.86189772,90.97347062963556
2023-08-14 00:00:00 UTC,0.7086653781095577,13146073.518372346,56.00894645738863
2023-08-15 00:00:00 UTC,0.7060705158203715,13095673.460338207,550.9111590037276
2023-08-16 00:00:00 UTC,0.7041416574552828,13063340.518834395,417.44620025128614
2023-08-17 00:00:00 UTC,0.706622030965054,13113073.626410902,23.26699740000854
2023-08-18 00:00:00 UTC,0.6730235681768727,12465173.685996197,1883.3603724930927
2023-08-19 00:00:00 UTC,0.6417666163164938,11916873.175981784,7458.0567767882885
2023-08-20 00:00:00 UTC,0.6391033318012012,11850208.843648916,235.20552480736
2023-08-21 00:00:00 UTC,0.6405988348802512,11888985.009096257,129.57497593420163
2023-08-22 00:00:00 UTC,0.6404818722006901,11885170.515487649,26.746928401283803
2023-08-23 00:00:00 UTC,0.6360764689182152,11844650.817972617,1052.5798575083186
2023-08-24 00:00:00 UTC,0.6280846954984226,11662255.803796459,800.103920812013
2023-08-25 00:00:00 UTC,0.6343353143632738,11762186.081886452,12.838896431880697
2023-08-26 00:00:00 UTC,0.6287071530830343,11660912.096206553,31.899002079864157
2023-08-27 00:00:00 UTC,0.6333354044478874,11772706.216539161,150.70706034426232
2023-08-28 00:00:00 UTC,0.629450844287187,11673661.671256702,157.05052739882248
2023-08-29 00:00:00 UTC,0.627447001285743,11639201.90346974,356.74019431245483
2023-08-30 00:00:00 UTC,0.6272982141267935,11634746.691442544,76.4067267072734
2023-08-31 00:00:00 UTC,0.4917802173948414,9121045.498159012,17267.313199785178
2023-09-01 00:00:00 UTC,0.37104184315972505,6854679.092472857,35795.59762108057
2023-09-02 00:00:00 UTC,0.37211187074596996,6910831.664266711,1362.577913714807
2023-09-03 00:00:00 UTC,0.37542098474631447,6966106.919345387,4384.286542710425
2023-09-04 00:00:00 UTC,0.3723067241670893,6906242.491431072,8323.678962542599
2023-09-05 00:00:00 UTC,0.3730626948395765,6926990.627219241,9360.977836322973
2023-09-06 00:00:00 UTC,0.37172356397301093,6894075.034401504,1827.6550288997107
2023-09-07 00:00:00 UTC,0.3699962714348541,6863862.094075138,1448.9855939669626
2023-09-08 00:00:00 UTC,0.3546113561389726,6584255.763073211,1094.884872620927
2023-09-09 00:00:00 UTC,0.3563005327411283,6607088.393677101,33.153682053889476
2023-09-10 00:00:00 UTC,0.34977926436056606,6487844.981617941,399.5698068833678
2023-09-11 00:00:00 UTC,0.36872901121499735,6840360.155082096,5368.213504448108
2023-09-12 00:00:00 UTC,0.37366141202825376,6925889.425380265,2182.1657402453325
2023-09-13 00:00:00 UTC,0.37197902276000694,6896060.293709897,298.5782242915442
2023-09-14 00:00:00 UTC,0.3637933631625926,6748907.79839428,556.1371560356341
2023-09-15 00:00:00 UTC,0.3474136339828401,6441997.374880839,1163.56773910358
2023-09-16 00:00:00 UTC,0.34848908282073077,6463288.158255592,43.63214658632688
2023-09-17 00:00:00 UTC,0.3475309167196061,6444580.915440824,144.2914801529435
2023-09-18 00:00:00 UTC,0.3508689393904669,6506549.487188319,176.382283714977
2023-09-19 00:00:00 UTC,0.35307741049467234,6550662.151132582,310.3042361784033
2023-09-20 00:00:00 UTC,0.35151456449396085,6519733.639762669,143.0612264074526
2023-09-21 00:00:00 UTC,0.3508167073509668,6508352.4831035165,143.1165093264535
2023-09-22 00:00:00 UTC,0.3505820773970239,6507724.459105732,94.82081482717123
2023-09-23 00:00:00 UTC,0.3501301616490226,6492116.797837938,2781.8747119016866
2023-09-24 00:00:00 UTC,0.3456013750558592,6409892.45697833,1224.3920260113864
2023-09-25 00:00:00 UTC,0.3468748825960211,6433328.09935275,4.85411139150331
2023-09-26 00:00:00 UTC,0.3490010794909714,6477540.991558341,255.85500892842725
2023-09-27 00:00:00 UTC,0.3451772143994067,6401802.54970135,3.8494713604568656
2023-09-28 00:00:00 UTC,0.3470632937498696,6436245.083194906,14.522045664035387
2023-09-29 00:00:00 UTC,0.3473010007344586,6442825.107045419,21.61909615162023
2023-09-30 00:00:00 UTC,0.3409138405281492,6343095.970357178,260.1336666940028
2023-10-01 00:00:00 UTC,0.3416911270849309,6336345.835205301,371.9163919142205
2023-10-02 00:00:00 UTC,0.3423457921424217,6356272.909126103,215.44033951441858
2023-10-03 00:00:00 UTC,0.32829477387916617,6090918.4677540185,3910.3282709661057
2023-10-04 00:00:00 UTC,0.31502753739803024,5847447.08665139,1075.3560972559203
2023-10-05 00:00:00 UTC,0.3150021355193525,5840307.702303273,101.15397056026822
2023-10-06 00:00:00 UTC,0.3139193143257308,5812631.92698725,81.69082908103213
2023-10-07 00:00:00 UTC,0.31315802629171496,5806407.908271772,55.423280349323555
2023-10-08 00:00:00 UTC,0.31169847611074303,5780842.469778411,26.777321363303916
2023-10-09 00:00:00 UTC,0.3139508169954355,5828712.8365134355,26.021326231733507
2023-10-10 00:00:00 UTC,0.31328145158308524,5832521.452647852,996.3310672506082
2023-10-11 00:00:00 UTC,0.3093308386687093,5737549.143089635,787.4091258398497
2023-10-12 00:00:00 UTC,0.3097666050533073,5746576.610880644,105.55424848228733
2023-10-13 00:00:00 UTC,0.3098665294791661,5738765.37999565,81.34350075371887
2023-10-14 00:00:00 UTC,0.310152596256834,5753179.709258443,176.11840069817208
2023-10-15 00:00:00 UTC,0.31153033784397555,5779015.131230942,59.49467931081923
2023-10-16 00:00:00 UTC,0.3116602526877547,5779747.635729719,24.22409052673759
2023-10-17 00:00:00 UTC,0.30639690657114166,5693815.014333038,1752.3772007984544
2023-10-18 00:00:00 UTC,0.307025065969066,5668432.3409892805,36.196803951681076
2023-10-19 00:00:00 UTC,0.1758630244252104,3261021.8778814916,53794.59062835373
2023-10-20 00:00:00 UTC,0.17384536236910633,3222056.6732267695,556.0871831875018
2023-10-21 00:00:00 UTC,0.17291948899322432,3208661.7517485633,1696.3102602401295
2023-10-22 00:00:00 UTC,0.17322525360492483,3218472.2627319596,442.5847048038762
2023-10-23 00:00:00 UTC,0.2087009516762338,3867150.5059011616,67234.5642331063
2023-10-24 00:00:00 UTC,0.2581849333477898,4786820.909385248,77175.60142795269
2023-10-25 00:00:00 UTC,0.21867150234792126,4063303.657578239,134068.02270238457
2023-10-26 00:00:00 UTC,0.2211760900776735,4101360.7899871147,12853.009667586752
2023-10-27 00:00:00 UTC,0.22012760058294367,4076576.6004176615,28.92708118534106
2023-10-28 00:00:00 UTC,0.21987875846238666,4077306.04524987,18.906834657853825
2023-10-29 00:00:00 UTC,0.22655503504917796,4201691.571706686,603.3249907645298
2023-10-30 00:00:00 UTC,0.2384140326953388,4421479.86711961,948.0550052336358
2023-10-31 00:00:00 UTC,0.23798578450813423,4412214.816636756,517.3255782025753
2023-11-01 00:00:00 UTC,0.23365645162459203,4332043.805369914,736.0957811330173
2023-11-02 00:00:00 UTC,0.2289885367187747,4243831.546071025,4460.439360182929
2023-11-03 00:00:00 UTC,0.22795829295662307,4211204.111879774,534.3136991897435
2023-11-04 00:00:00 UTC,0.2126345478539738,3946424.5781401074,53998.96600878181
2023-11-05 00:00:00 UTC,0.2119259899126519,3932618.1889682235,4.502770952703882
2023-11-06 00:00:00 UTC,0.21113781648699756,3919645.346105873,123.57912222483817
2023-11-07 00:00:00 UTC,0.20289320019116855,3760867.881386154,783.627504577771
2023-11-08 00:00:00 UTC,0.20304179873702033,3761514.004155039,506.2413688245511
2023-11-09 00:00:00 UTC,0.20462447336175696,3795755.6752420734,1535.9197022758335
2023-11-10 00:00:00 UTC,0.22517291189541985,4169147.182803565,3626.6087054095487
2023-11-11 00:00:00 UTC,0.2555704646629113,4744018.668633556,3719.2693848038516
2023-11-12 00:00:00 UTC,0.2628329679178535,4875764.76087003,694.612171829053
2023-11-13 00:00:00 UTC,0.27534314225251566,5106845.881857593,974.9894169562498
2023-11-14 00:00:00 UTC,0.2811058119236246,5216856.195279554,615.8694461512887
2023-11-15 00:00:00 UTC,0.28639359212718785,5311870.57636151,1696.1030074248363
2023-11-16 00:00:00 UTC,0.27817337606311315,5158567.761312794,1904.8340962841996
2023-11-17 00:00:00 UTC,0.27629552135993896,5125075.330478413,216.94076775717352
2023-11-18 00:00:00 UTC,0.2627709100905765,4867061.116819299,1803.3862572082555
2023-11-19 00:00:00 UTC,0.25262169793614403,4685979.2837820025,1272.7010970790357
2023-11-20 00:00:00 UTC,0.24797344381245906,4601160.105704997,1726.7649758686537
2023-11-21 00:00:00 UTC,0.2502219951934411,4635484.019543687,328.9649477643248
2023-11-22 00:00:00 UTC,0.249280778233358,4616443.260729588,105.56362952655653
2023-11-23 00:00:00 UTC,0.25102573163250114,4655639.5030670725,4942.244217295616
2023-11-24 00:00:00 UTC,0.2587962851260714,4797243.847470675,1485.5887722165191
2023-11-25 00:00:00 UTC,0.2844605857928867,5273504.783266648,3535.1350520543733
2023-11-26 00:00:00 UTC,0.28737210717058587,5329644.985077914,1175.5894998419017
2023-11-27 00:00:00 UTC,0.27624831182251286,5124558.262044932,5717.780353887193
2023-11-28 00:00:00 UTC,0.2724868882954428,5048433.925879241,299.00935836814256
2023-11-29 00:00:00 UTC,0.26187677762694134,4857499.280440299,1185.2240622056743
2023-11-30 00:00:00 UTC,0.27681504631819287,5131732.049618845,2232.355886767011
2023-12-01 00:00:00 UTC,0.2698305455804058,5005991.806278378,3792.580804718036
2023-12-02 00:00:00 UTC,0.28596698022033934,5301024.162632878,2183.1027865597916
2023-12-03 00:00:00 UTC,0.43582063666938337,8081999.527775296,55746.15075811605
2023-12-04 00:00:00 UTC,0.41952210379325056,7786946.379737846,22384.893006394363
2023-12-05 00:00:00 UTC,0.35529845048011066,6587685.626180322,27422.74790709652
2023-12-06 00:00:00 UTC,0.37153017131800764,6884422.485102154,7092.091924119644
2023-12-07 00:00:00 UTC,0.32368288886057284,6001920.8690040205,6799.239086784978
2023-12-08 00:00:00 UTC,0.3419263567081038,6334220.9356429335,6782.546959003631
2023-12-09 00:00:00 UTC,0.360843802339678,6693984.078146867,17990.440640880694
2023-12-10 00:00:00 UTC,0.35868393805292464,6651526.584861122,1332.5263181364994
2023-12-11 00:00:00 UTC,0.342679881835332,6355242.48499291,4587.770309534885
2023-12-12 00:00:00 UTC,0.32955679478807626,6109470.397942295,1962.9410843210394
2023-12-13 00:00:00 UTC,0.3217743088320012,5958889.7626394015,3696.094909657305
2023-12-14 00:00:00 UTC,0.31208011816002995,5776897.134287402,964.7581881599161
2023-12-15 00:00:00 UTC,0.3141421764313367,5820767.470466377,1497.9450923451132
2023-12-16 00:00:00 UTC,0.3394094218615969,6221063.0301713,2894.619478888308
2023-12-17 00:00:00 UTC,0.3412517031739242,6322187.096062798,692.463425405708
2023-12-18 00:00:00 UTC,0.31878080438708983,5907094.035342329,19729.531525854385
2023-12-19 00:00:00 UTC,0.3055288350376347,5671978.622320593,3989.2583782909364
2023-12-20 00:00:00 UTC,0.28055114608512494,5199321.933321302,3740.6428295983746
2023-12-21 00:00:00 UTC,0.2792297761272519,5178273.4407107085,5325.898898507977
2023-12-22 00:00:00 UTC,0.2813581463323638,5211820.8242424615,28.599028191649303
2023-12-23 00:00:00 UTC,0.2808032767742154,5211092.333565968,718.1774133571256
2023-12-24 00:00:00 UTC,0.28256054958313465,5239164.804956221,956.7894304223544
2023-12-25 00:00:00 UTC,0.27558923373149663,5113855.547522789,575.5019280999901
2023-12-26 00:00:00 UTC,0.2669459592812685,4952336.1404823195,1077.8265373109286
2023-12-27 00:00:00 UTC,0.2768295766894863,5132835.747116704,1693.6956344461473
2023-12-28 00:00:00 UTC,0.27381285239990083,5073345.431624985,567.5427924180809
2023-12-29 00:00:00 UTC,0.27822141793514443,5152202.0179272,997.5012620605029
2023-12-30 00:00:00 UTC,0.2945923142043281,5458574.451202655,8313.50350653106
2023-12-31 00:00:00 UTC,0.292361473052848,5419334.601205125,667.5850222640911
2024-01-01 00:00:00 UTC,0.28281121353937705,5243160.025691696,1808.4081628923025
2024-01-02 00:00:00 UTC,0.2757206703673911,5106267.212278406,813.6609143930275
2024-01-03 00:00:00 UTC,0.2783778112945386,5153316.773341827,1298.3274444328772
2024-01-04 00:00:00 UTC,0.2797706200541069,5189760.282662338,487.813717026094
2024-01-05 00:00:00 UTC,0.2863020881807308,5300415.8193397755,893.643243291844
2024-01-06 00:00:00 UTC,0.27341219789642235,5059635.470170294,1815.6276854760656
2024-01-07 00:00:00 UTC,0.26751961714639483,4955499.303834215,1639.3588297047575
2024-01-08 00:00:00 UTC,0.24489727280140494,4534956.101418702,1699.4634994982546
2024-01-09 00:00:00 UTC,0.2560736688388679,4723504.24482877,5924.329787645611
2024-01-10 00:00:00 UTC,0.27321940118784,5054322.108711606,5487.645984083285
2024-01-11 00:00:00 UTC,0.260913572640858,4833318.05429123,1025.2223477989157
2024-01-12 00:00:00 UTC,0.2650525238792754,4917943.405079447,1422.9916225245902
2024-01-13 00:00:00 UTC,0.25831873489373414,4791231.557879815,1109.9555665303762
2024-01-14 00:00:00 UTC,0.2598180093460158,4809569.843359379,54.269331792732494
2024-01-15 00:00:00 UTC,0.25566647215526767,4730936.0808331175,1530.1315647528547
2024-01-16 00:00:00 UTC,0.25480635641375154,4721344.553815151,198.61678376148194
2024-01-17 00:00:00 UTC,0.26093289416825344,4837410.545977015,2092.369973123342
2024-01-18 00:00:00 UTC,0.25953191473802784,4800095.717076338,2475.4433914725983
2024-01-19 00:00:00 UTC,0.25517044811097506,4726291.213531385,1530.5880765704949
2024-01-20 00:00:00 UTC,0.2534020625194692,4700035.440982474,513.3752662795846
2024-01-21 00:00:00 UTC,0.25192479444890326,4666975.992291775,554.1436928854473
2024-01-22 00:00:00 UTC,0.2468344079669665,4580272.8917947,555.270574087251
2024-01-23 00:00:00 UTC,0.23359207707124052,4309714.4632305745,2845.459037415285
2024-01-24 00:00:00 UTC,0.23700035974771658,4373984.459846713,440.13780929748725
2024-01-25 00:00:00 UTC,0.23619801993917933,4367737.923900629,33.18845726938243
2024-01-26 00:00:00 UTC,0.2328925582807663,4306624.765486491,303.5373304235109
2024-01-27 00:00:00 UTC,0.23116638803563888,4279182.415620992,127.86403004458023
2024-01-28 00:00:00 UTC,0.23516422710037968,4348221.3930167835,209.5961880243859
2024-01-29 00:00:00 UTC,0.23896943856926106,4416913.053791856,383.90808292231407
2024-01-30 00:00:00 UTC,0.22990678144188376,4249831.380129643,931.2528911132919
2024-01-31 00:00:00 UTC,0.231816760688324,4286665.16462806,855.2564278148317
2024-02-01 00:00:00 UTC,0.23958459163622742,4425717.032874412,383.3598256807458
2024-02-02 00:00:00 UTC,0.28384200061555087,5257375.177230447,8227.78384648519
2024-02-03 00:00:00 UTC,0.26238002238695685,4820386.240920186,8839.132408470718
2024-02-04 00:00:00 UTC,0.24705810913485987,4558436.637450356,944.3145746102662
2024-02-05 00:00:00 UTC,0.20522080387933547,3789682.3722708253,18952.338401055596
2024-02-06 00:00:00 UTC,0.20865480634767,3850443.402044225,2607.5672730128967
2024-02-07 00:00:00 UTC,0.20748917598605923,3826824.3480131947,4996.758320976177
2024-02-08 00:00:00 UTC,0.20410822070615312,3765216.13056462,439.9127201360264
2024-02-09 00:00:00 UTC,0.2104634327334569,3880640.252592566,1480.2625321129785
2024-02-10 00:00:00 UTC,0.20876074958802449,3849497.3552105566,432.57262790052573
2024-02-11 00:00:00 UTC,0.20472032605838839,3773226.200149608,292.8476582836285
2024-02-12 00:00:00 UTC,0.20643232243669918,3801354.022114697,2393.178045032622
2024-02-13 00:00:00 UTC,0.2063424737901765,3798518.259560008,3135.196540664248
2024-02-14 00:00:00 UTC,0.21113997714687552,3887283.801903113,1628.6662591984511
2024-02-15 00:00:00 UTC,0.204559364457101,3769987.86996219,6333.576914263218
2024-02-16 00:00:00 UTC,0.20243213401499885,3729023.1765619423,1.0121606700749943
2024-02-17 00:00:00 UTC,0.20497283488170664,3777200.709651417,1017.6112375906401
2024-02-18 00:00:00 UTC,0.22343651748223659,4115993.3452763027,2578.361125297337
2024-02-19 00:00:00 UTC,0.22972357200858137,4231806.897842007,1172.2654764977667
2024-02-20 00:00:00 UTC,0.2119699330916417,3901630.1378797437,2481.9318317969487
2024-02-21 00:00:00 UTC,0.22184987946102272,4081560.7042834465,1099.6890498995913
2024-02-22 00:00:00 UTC,0.22417258481953586,4129373.0533138295,1555.0163817818382
2024-02-23 00:00:00 UTC,0.21120833700329716,3883669.9610474044,1494.531078497389
2024-02-24 00:00:00 UTC,0.2124927793080058,3915686.1463303827,578.6507035035015
2024-02-25 00:00:00 UTC,0.2194770186648363,4037183.764391389,907.8097393581005
2024-02-26 00:00:00 UTC,0.2163587357244062,3979278.58756162,379.3232115967862
2024-02-27 00:00:00 UTC,0.21479573322170198,3942405.4360846602,4008.7346679302404
2024-02-28 00:00:00 UTC,0.21748475833571507,3987874.0932702804,663.7020696615765
2024-02-29 00:00:00 UTC,0.20768652821745484,3819650.4446422737,1068.76520339866
2024-03-01 00:00:00 UTC,0.22323672686962054,4104397.036272966,2485.6826556373203
2024-03-02 00:00:00 UTC,0.22651417657939493,4145354.8348655826,3117.7213522439924
2024-03-03 00:00:00 UTC,0.22160918162661902,4060752.1121066967,1475.6592028832972
2024-03-04 00:00:00 UTC,0.22536923220164806,4130873.9894100884,2118.037320362427
2024-03-05 00:00:00 UTC,0.24532524860566998,4482168.856244886,5590.963905339865
2024-03-06 00:00:00 UTC,0.24024059691043653,4403677.488544247,6089.528156629259
2024-03-07 00:00:00 UTC,0.23756305155004492,4345860.806903286,3546.7363472395045
2024-03-08 00:00:00 UTC,0.24639458114141727,4509519.050212831,3909.4716493204537
2024-03-09 00:00:00 UTC,0.23028239123404004,4213396.843356817,2890.1249020321343
2024-03-10 00:00:00 UTC,0.2340416966026688,4283741.256655408,1781.766900408422
2024-03-11 00:00:00 UTC,0.23124067660188177,4232301.653274522,5260.183803625574
2024-03-12 00:00:00 UTC,0.23585087214038097,4312573.652829371,890.3098508079846
2024-03-13 00:00:00 UTC,0.24501251358163229,4496892.035815629,3685.9005077887014
2024-03-14 00:00:00 UTC,0.24725419281831879,4522842.062449634,1577.9276665176383
2024-03-15 00:00:00 UTC,0.2968405070081041,5451337.386520539,10130.738344796362
2024-03-16 00:00:00 UTC,0.2899420196467853,5274804.771110678,1863.7452094363584
2024-03-17 00:00:00 UTC,0.25903835243208345,4714203.991423955,2637.9680889597284
2024-03-18 00:00:00 UTC,0.2726012704864568,4998549.061685307,1280.3701840653268
2024-03-19 00:00:00 UTC,0.2680120923550773,4886225.179864425,5996.91203698921
2024-03-20 00:00:00 UTC,0.263296553523242,4814533.128817498,2431.5516131707604
2024-03-21 00:00:00 UTC,0.29027725739028415,5289100.896919606,3056.06044025928
2024-03-22 00:00:00 UTC,0.28522706878509574,5214399.176854981,5918.971753759606
2024-03-23 00:00:00 UTC,0.30340850868542807,5524177.82272957,4385.00297049407
2024-03-24 00:00:00 UTC,0.308277844331951,5612241.959677217,3576.4921331655632
2024-03-25 00:00:00 UTC,0.3502549034168798,6434460.268385769,5603.05303354422
2024-03-26 00:00:00 UTC,0.4902898868348396,8589649.105582312,26686.40818594086
2024-03-27 00:00:00 UTC,0.6202600846111527,11172462.390830537,29558.561341964098
2024-03-28 00:00:00 UTC,0.9778087477606445,17937911.415363926,145645.3719387599
2024-03-29 00:00:00 UTC,1.1968966607921268,21872427.787645496,286570.6900832608
2024-03-30 00:00:00 UTC,0.9112435156374117,16694194.124953907,49458.18051254696
2024-03-31 00:00:00 UTC,0.9903241966242428,18161077.862455253,41525.21001640695
2024-04-01 00:00:00 UTC,0.8726406550099993,15969094.536757067,65078.76358595234
2024-04-02 00:00:00 UTC,0.7990096073204712,14687652.772704085,20261.64970969787
2024-04-03 00:00:00 UTC,0.8633285596322966,15821007.748432074,36507.57382799522
2024-04-04 00:00:00 UTC,1.1489680576586407,20962825.809109565,71800.49652180287
2024-04-05 00:00:00 UTC,0.9786025160551994,18138772.06851069,24869.582894185074
2024-04-06 00:00:00 UTC,1.0583154774799408,19287610.04152317,27069.257453705763
2024-04-07 00:00:00 UTC,1.054682059951093,19339506.017790858,31750.844113389227
2024-04-08 00:00:00 UTC,1.0346123678309802,19028584.955239072,31598.184297437438
2024-04-09 00:00:00 UTC,0.9274331517821317,17001601.92649079,14077.286936975474
2024-04-10 00:00:00 UTC,0.8842004151025309,16218259.811965132,21349.105478243764
2024-04-11 00:00:00 UTC,1.0007181659711282,18320177.411056153,26093.447808795696
2024-04-12 00:00:00 UTC,0.8898965913030817,16287700.315914165,12303.706906785681
2024-04-13 00:00:00 UTC,0.7840776248143443,14325689.830182804,9179.825122015971
2024-04-14 00:00:00 UTC,0.7336622162177631,13269657.205561928,7003.750008865002
2024-04-15 00:00:00 UTC,0.8580144324437344,15718411.32879109,11771.71543327351
2024-04-16 00:00:00 UTC,0.8150710538425207,14904244.512437722,2292.645133383922
2024-04-17 00:00:00 UTC,0.7555553851071986,13841409.114156889,14221.351366976367
2024-04-18 00:00:00 UTC,0.6798250517732762,12475545.976664308,5072.18583011626
2024-04-19 00:00:00 UTC,0.727484459758745,13383222.023727449,27337.090693715338
2024-04-20 00:00:00 UTC,0.7379128922568152,13506117.017783148,1747.9310888780813
2024-04-21 00:00:00 UTC,0.7079355017974401,12976898.093738211,16748.063741318678
2024-04-22 00:00:00 UTC,0.7071114056920729,12964122.350908224,6148.104674243978
2024-04-23 00:00:00 UTC,0.732444896523681,13353762.719989322,2814.670492126123
2024-04-24 00:00:00 UTC,0.704066885622002,12860739.520437524,15977.591033164244
2024-04-25 00:00:00 UTC,0.615493645182021,11183811.62631623,14548.635054597822
2024-04-26 00:00:00 UTC,0.5835332036724951,10772810.311074143,16078.158015789102
2024-04-27 00:00:00 UTC,0.5566954302861137,10143903.357832663,3029.0933177209467
2024-04-28 00:00:00 UTC,0.5648403888210252,10336834.208895892,1745.5150211887294
2024-04-29 00:00:00 UTC,0.6549400751357587,11968922.877884641,12537.494460544329
2024-04-30 00:00:00 UTC,0.6261518943645296,11444142.89292286,6071.631022216712
2024-05-01 00:00:00 UTC,0.6413538001179909,11759620.485056596,3995.5536414267835
2024-05-02 00:00:00 UTC,0.6603710409762037,12079372.148008028,20688.526154125087
2024-05-03 00:00:00 UTC,0.6650151728879097,12140294.774173921,11718.578842879886
2024-05-04 00:00:00 UTC,0.708930112633269,12948440.549769128,21042.90484142696
2024-05-05 00:00:00 UTC,0.7370751824177662,13515800.172578046,16737.08744518094
2024-05-06 00:00:00 UTC,0.7055023310594916,12942753.899834152,4056.102387238804
2024-05-07 00:00:00 UTC,0.7375646112486753,13529044.020220995,4139.734758768756
2024-05-08 00:00:00 UTC,0.7404865679693793,13568550.420821965,1067.5765268377293
2024-05-09 00:00:00 UTC,0.6606862585896927,12140525.53037711,15453.239958956985
2024-05-10 00:00:00 UTC,0.58731438163554,10736997.745353665,5267.197168758027
2024-05-11 00:00:00 UTC,0.5936973673951893,10885266.06813115,3197.379079294433
2024-05-12 00:00:00 UTC,0.5859827009390344,10742201.421816431,2644.243226039482
2024-05-13 00:00:00 UTC,0.5740338383397766,10521417.684906345,2948.2615090879
2024-05-14 00:00:00 UTC,0.5937355502632033,10883732.729059562,4511.492065937311
2024-05-15 00:00:00 UTC,0.6500887974923003,11928364.623300074,8622.980222409558
2024-05-16 00:00:00 UTC,0.6714144699603934,12305954.315035686,4487.1583182196
2024-05-17 00:00:00 UTC,0.6016473101181046,10980245.280093001,11485.157098894213
2024-05-18 00:00:00 UTC,0.621001988853475,11379864.621521266,3318.628813211276
2024-05-19 00:00:00 UTC,0.628704595029809,11517480.855410147,2877.960543356674
2024-05-20 00:00:00 UTC,0.5986560075144535,10966129.427611884,5118.551164670145
2024-05-21 00:00:00 UTC,0.6346095381794608,11625652.475477448,10325.152828744649
2024-05-22 00:00:00 UTC,0.745692143644587,13455455.50158665,13742.001604170655
2024-05-23 00:00:00 UTC,0.8737056624402333,15721928.79882573,63063.3233216181
2024-05-24 00:00:00 UTC,0.8197493390731881,15063002.545891726,65950.99902031946
2024-05-25 00:00:00 UTC,0.9239204822195854,16917088.68639627,54242.571508258174
2024-05-26 00:00:00 UTC,0.9330194769042488,17185401.25011058,33432.88237576021
2024-05-27 00:00:00 UTC,0.895228908110042,16494293.1427237,42519.879370495706
2024-05-28 00:00:00 UTC,0.7213769673481234,13289902.712072385,79997.1444757053
2024-05-29 00:00:00 UTC,0.7688935804882505,14165299.618853197,7917.76247732732
2024-05-30 00:00:00 UTC,0.6306086830591123,11442253.262031116,63828.20950518686
2024-05-31 00:00:00 UTC,0.6231099171118861,11459686.249613455,18426.128073153992
2024-06-01 00:00:00 UTC,0.6285327663358758,11554578.181768088,11574.410843947087
2024-06-02 00:00:00 UTC,0.6561262157039903,12094282.4608846,5079.644613544322
2024-06-03 00:00:00 UTC,0.6435660847270831,11797450.053495057,1752.4751264195131
2024-06-04 00:00:00 UTC,0.7412949658616993,13596148.796091003,25355.63089484494
2024-06-05 00:00:00 UTC,0.8654664210059068,15910914.358707538,33230.98806082379
2024-06-06 00:00:00 UTC,0.8952800759759811,16459870.605239606,69245.91367046855
2024-06-07 00:00:00 UTC,0.8840269691484974,16249144.352630153,22454.3158363291
2024-06-08 00:00:00 UTC,0.8381521643263203,15410210.666246822,23457.00505191752
2024-06-09 00:00:00 UTC,0.7755284417337874,14330322.666031018,13256.206308664156
2024-06-10 00:00:00 UTC,0.7905389334143599,14497307.207981916,2593.202505532478
2024-06-11 00:00:00 UTC,0.842722493181672,15495824.361133415,17715.808876849627
2024-06-12 00:00:00 UTC,0.7132979124938615,13116979.577368042,57310.5531999813
2024-06-13 00:00:00 UTC,0.6173937885644363,11353378.011019493,15907.728216751811
2024-06-14 00:00:00 UTC,0.5697391971317993,10440764.324661903,83204.18524416526
2024-06-15 00:00:00 UTC,0.5967401095530132,10885021.22857275,11077.813461809119
2024-06-16 00:00:00 UTC,0.7189505268808329,13190657.48226951,28846.334641492314
2024-06-17 00:00:00 UTC,0.6924815337585859,12705028.201671489,8010.463980759899
2024-06-18 00:00:00 UTC,0.6469472895014511,11858603.607715776,10715.960721153871
2024-06-19 00:00:00 UTC,0.638161401657877,11680037.996004624,14242.936315953972
2024-06-20 00:00:00 UTC,0.5764976652476468,10518008.296897156,37686.8466058421
2024-06-21 00:00:00 UTC,0.5677942422841903,10194383.208488638,5105.962447807666
2024-06-22 00:00:00 UTC,0.5760582843263988,10569122.856916921,5427.39741038035
2024-06-23 00:00:00 UTC,0.6002256185991064,11021973.183107128,3793.0582282354344
2024-06-24 00:00:00 UTC,0.6078854661989583,11174458.958026957,8878.154537549004
2024-06-25 00:00:00 UTC,0.5992671031818241,10972890.195101976,6996.83568003025
2024-06-26 00:00:00 UTC,0.727535718964152,13348314.253942441,35340.659349182795
2024-06-27 00:00:00 UTC,0.6870117266651474,12641545.161951741,39389.11106144549
2024-06-28 00:00:00 UTC,0.7400772002652074,13589293.544264926,29815.973984223227
2024-06-29 00:00:00 UTC,0.7441414433937105,13798383.619940486,16484.590556268104
2024-06-30 00:00:00 UTC,0.734390993472505,13474069.352359142,8872.020267254271
2024-07-01 00:00:00 UTC,0.7275943536959726,13382104.469472505,6384.44302940412
2024-07-02 00:00:00 UTC,0.7120362161792704,13067728.808368929,5102.447620485464
2024-07-03 00:00:00 UTC,0.7142796284854812,13054000.371275023,7582.296197951426
2024-07-04 00:00:00 UTC,0.7106653636356738,12988299.458499905,4048.662276156077
2024-07-05 00:00:00 UTC,0.6808911770565855,12580167.651323276,25873.848147648605
2024-07-06 00:00:00 UTC,0.6556154580269465,12013922.720161289,11999.299047538132
2024-07-07 00:00:00 UTC,0.6905756953441807,12669733.356232697,7838.998436478035
2024-07-08 00:00:00 UTC,0.6749786418165867,12443138.531810323,2438.279342838717
2024-07-09 00:00:00 UTC,0.6843138241830528,12513365.69869651,10356.158681695648
2024-07-10 00:00:00 UTC,0.6882023503968262,12605331.112696817,1078.4019401582582
2024-07-11 00:00:00 UTC,0.6938837927951433,12713134.629787715,7661.33400576067
2024-07-12 00:00:00 UTC,0.678872562082138,12430730.393376075,22411.78273365205
2024-07-13 00:00:00 UTC,0.6874523875193895,12616043.893047601,20527.626041247233
2024-07-14 00:00:00 UTC,0.6985355968169831,12821953.497643135,8110.007722032433
2024-07-15 00:00:00 UTC,0.7176923716143135,13167176.214012157,3548.246187648671
2024-07-16 00:00:00 UTC,0.7438070153171243,13646868.496379497,34567.42298579408
2024-07-17 00:00:00 UTC,0.7794565742176385,14293916.326608485,42199.45194441555
2024-07-18 00:00:00 UTC,0.768564134830888,14114268.495984608,35132.51496871207
2024-07-19 00:00:00 UTC,0.755256957113521,13856134.782785714,23595.278944699847
2024-07-20 00:00:00 UTC,0.7797894042909214,14306207.74085335,21917.023023872844
2024-07-21 00:00:00 UTC,0.7794217819834175,14299463.251799788,2832.9509856654613
2024-07-22 00:00:00 UTC,0.7812827271246451,14333564.254710836,8138.079227454845
2024-07-23 00:00:00 UTC,0.7918039807197119,14531520.91941839,17915.401662011765
2024-07-24 00:00:00 UTC,0.7675624052553034,14092770.305481844,44727.78873647314
2024-07-25 00:00:00 UTC,0.7347683175164743,13490654.900038641,28418.20615938061
2024-07-26 00:00:00 UTC,0.6656710073361604,12221997.934068447,82773.94236565068
2024-07-27 00:00:00 UTC,0.5888548611237312,10811619.412176678,104704.91291793837
2024-07-28 00:00:00 UTC,0.5904711771965792,10841295.645461174,4480.001728140751
2024-07-29 00:00:00 UTC,0.594408122724631,10913579.002168776,1073.6860799971153
2024-07-30 00:00:00 UTC,0.5942162219509172,10910056.753438557,10239.338099116412
2024-07-31 00:00:00 UTC,0.5902211536590989,10839219.95575084,6849.684229482831
2024-08-01 00:00:00 UTC,0.5921967108046307,10875882.241417773,1950.604535392337
2024-08-02 00:00:00 UTC,0.5726995052779165,10513249.217335775,80924.94960151441
2024-08-03 00:00:00 UTC,0.623329247033528,11434934.887178864,56453.175217315096
2024-08-04 00:00:00 UTC,0.593534927602075,10896651.069697788,27988.140290215128
2024-08-05 00:00:00 UTC,0.57891387293311,10618907.966105852,10581.418890626119
2024-08-06 00:00:00 UTC,0.6119427833903589,11228016.892852327,68458.73933844309
2024-08-07 00:00:00 UTC,0.6334214471662817,11630241.352436632,24947.04082773545
2024-08-08 00:00:00 UTC,0.6833618907656988,12536110.927286029,103394.61371259675
2024-08-09 00:00:00 UTC,0.7285824748947711,13362714.960951641,104923.66488080342
2024-08-10 00:00:00 UTC,0.7247036721505864,13305130.941870466,30553.146321324035
2024-08-11 00:00:00 UTC,0.72598099027775,13330799.307238137,14715.419698866413
2024-08-12 00:00:00 UTC,0.7244601582610091,13301399.03283043,3837.5013883186048
2024-08-13 00:00:00 UTC,0.6606799494127396,12132171.801386466,122783.52676879732
2024-08-14 00:00:00 UTC,0.643662393085339,11813115.07641894,131769.09130038536
2024-08-15 00:00:00 UTC,0.5908468106215463,10849180.607632706,64283.00526649533
2024-08-16 00:00:00 UTC,0.5611937743854573,10310262.194454512,67067.47197980396
2024-08-17 00:00:00 UTC,0.5589471801596746,10253780.506483106,11079.294439316134
2024-08-18 00:00:00 UTC,0.5691412148045655,10449944.454254743,10281.453152112506
2024-08-19 00:00:00 UTC,0.5732373469744739,10513038.375233205,41324.507409327955
2024-08-20 00:00:00 UTC,0.5803183022190647,10647583.2652682,3999.3648439497383
2024-08-21 00:00:00 UTC,0.5469135824735013,10028050.67918023,51486.81545154715
2024-08-22 00:00:00 UTC,0.5536898799659605,10156585.223177591,40784.67067084295
2024-08-23 00:00:00 UTC,0.5518594622369106,10109287.87883098,81699.00824494919
2024-08-24 00:00:00 UTC,0.5520582655387742,10115734.067552641,37468.901010053676
2024-08-25 00:00:00 UTC,0.582988471513631,10678299.100760106,25942.0798617685
2024-08-26 00:00:00 UTC,0.5866390273783934,10759150.076139662,5472.830529454975
2024-08-27 00:00:00 UTC,0.587623301870929,10769068.001766298,2751.2278605863758
2024-08-28 00:00:00 UTC,0.5567826006798037,10200897.54798719,43279.26982428466
2024-08-29 00:00:00 UTC,0.5931041485000398,10867505.853593104,39046.53899442491
2024-08-30 00:00:00 UTC,0.5566735047950235,10199983.573204935,39793.04065997728
2024-08-31 00:00:00 UTC,0.5571535819142669,10205572.439190928,7407.942423887631
2024-09-01 00:00:00 UTC,0.5859226511040948,10734980.415054498,27568.76893520603
2024-09-02 00:00:00 UTC,0.6029224329008687,11047369.062667415,18564.522456451446
2024-09-03 00:00:00 UTC,0.6103231516352046,11147294.91211343,4585.296995177933
2024-09-04 00:00:00 UTC,0.6044397381133159,11069620.225604411,13279.280745618778
2024-09-05 00:00:00 UTC,0.7054798419988145,12910745.649135455,141802.74167257262
2024-09-06 00:00:00 UTC,0.644543679287745,11820667.821498806,67286.41456727267
2024-09-07 00:00:00 UTC,0.6470646999875717,11862033.20631967,9444.420879478059
2024-09-08 00:00:00 UTC,0.6519534001368626,11956048.78932274,6312.5562190932515
2024-09-09 00:00:00 UTC,0.6549247146543603,12010506.982473278,2955.584556083437
2024-09-10 00:00:00 UTC,0.6527236193268376,11969913.823578598,29209.70853558739
2024-09-11 00:00:00 UTC,0.6645039698918221,12087254.894068357,5776.384555502156
2024-09-12 00:00:00 UTC,0.6697137255290896,12277075.974271871,11708.182829270218
2024-09-13 00:00:00 UTC,0.6354059031206747,11648150.918439725,72887.99136758434
2024-09-14 00:00:00 UTC,0.6345741216978634,11697058.739779087,25540.322688964476
2024-09-15 00:00:00 UTC,0.6397182068434357,11735227.349660875,3822.7752889388767
2024-09-16 00:00:00 UTC,0.6410278708351075,11746412.887423318,4464.040779825425
2024-09-17 00:00:00 UTC,0.6387453594830315,11709358.112671962,5915.677532270839
2024-09-18 00:00:00 UTC,0.652833660618644,11967622.765984278,10812.116389863244
2024-09-19 00:00:00 UTC,0.695459822965141,12744487.944903743,68328.72187043643
2024-09-20 00:00:00 UTC,0.6631973731985106,12153992.706545986,103770.47927336696
2024-09-21 00:00:00 UTC,0.6852699703087577,12560500.588301927,34565.11803939661
2024-09-22 00:00:00 UTC,0.6966942089140117,12777800.780384276,9790.83552926435
2024-09-23 00:00:00 UTC,0.6919403809618041,12670805.191164235,11805.07693549225
2024-09-24 00:00:00 UTC,0.6937030687478284,12715980.682389067,27364.41518871636
2024-09-25 00:00:00 UTC,0.6953366530928403,12744583.060752137,9659.690142027976
2024-09-26 00:00:00 UTC,0.6723630065186752,12320823.294043308,86144.22386720031
2024-09-27 00:00:00 UTC,0.6548121224844197,12003078.391962279,143502.98327638573
2024-09-28 00:00:00 UTC,0.6766982297575804,12404263.054577507,21086.221578089117
2024-09-29 00:00:00 UTC,0.6842542705884643,12546609.205750093,21451.086974186546
2024-09-30 00:00:00 UTC,0.6967716025375293,12794676.029835392,21906.242478100903
2024-10-01 00:00:00 UTC,0.6956082500827054,12771097.907379556,55869.237411363276
2024-10-02 00:00:00 UTC,0.6806639584779643,12474725.934406342,41558.23078979671
2024-10-03 00:00:00 UTC,0.6886942002117767,12621245.10100709,44740.49761735231
2024-10-04 00:00:00 UTC,0.6989039291254604,12808261.093731688,101250.28912459029
2024-10-05 00:00:00 UTC,0.705939497006354,12937196.849383438,6434.068675325256
2024-10-06 00:00:00 UTC,0.7118816107613992,13049523.484743616,16684.25769369426
2024-10-07 00:00:00 UTC,0.7187134586594408,13175090.085550493,7874.370962561168
2024-10-08 00:00:00 UTC,0.7235303308458456,13260165.10001559,12585.603305611452
2024-10-09 00:00:00 UTC,0.7184268080193466,13166036.210338231,19640.708293254924
2024-10-10 00:00:00 UTC,0.7624295157025972,13989450.846743638,282170.4732767331
2024-10-11 00:00:00 UTC,0.8308111916302446,15268652.080947965,491276.864115992
2024-10-12 00:00:00 UTC,0.86382293023097,15880331.58861436,45550.39528796511
2024-10-13 00:00:00 UTC,0.7853405137675636,14431357.511410162,231234.15123742016
2024-10-14 00:00:00 UTC,0.8131563909302402,14957312.694025813,52886.69471412855
2024-10-15 00:00:00 UTC,0.842707450653543,15492916.829520917,58855.94009455934
2024-10-16 00:00:00 UTC,0.859436880249542,15824776.165273027,45649.83481760846
2024-10-17 00:00:00 UTC,0.876155339442609,16124211.066163743,70764.11653329743
2024-10-18 00:00:00 UTC,0.838074185017375,15421126.838134132,152555.3291163215
2024-10-19 00:00:00 UTC,0.8492846806556127,15631034.818834031,18810.66264537723
2024-10-20 00:00:00 UTC,0.8570348389055963,15772040.111842416,21106.490579785586
2024-10-21 00:00:00 UTC,0.8709005941768104,16016048.094007332,32426.76854140965
2024-10-22 00:00:00 UTC,0.8851338972845639,16294955.04388273,48392.5136607932
2024-10-23 00:00:00 UTC,0.8732781752729781,16079575.776643174,34416.62778007686
2024-10-24 00:00:00 UTC,0.8714897450081917,16049863.830143686,30839.283230366967
2024-10-25 00:00:00 UTC,0.8158994598228144,15013514.34916877,94651.03519719701
2024-10-26 00:00:00 UTC,0.798343834577736,14699223.070748825,51963.33329822868
2024-10-27 00:00:00 UTC,0.7992322499036986,14699782.962186486,7201.463518778991
2024-10-28 00:00:00 UTC,0.8216084400432353,15116515.355988748,24755.62202526461
2024-10-29 00:00:00 UTC,0.8296649575697738,15261596.613050625,18398.184539631773
2024-10-30 00:00:00 UTC,0.8617134918679226,15848414.390957115,42377.15826530118
2024-10-31 00:00:00 UTC,0.8664667941355575,15945863.643655663,14354.133895931905
2024-11-01 00:00:00 UTC,0.7724265243946588,14218403.601461664,99417.00439877421
2024-11-02 00:00:00 UTC,0.7445753259592375,13668813.770967133,109394.19231566624
2024-11-03 00:00:00 UTC,0.753133502829494,13829864.152068576,10550.7794407996
2024-11-04 00:00:00 UTC,0.7517391989803923,13803451.191981249,9897.671197852456
2024-11-05 00:00:00 UTC,0.7068509144226203,13197568.476055171,57150.53721362881
2024-11-06 00:00:00 UTC,0.7028316757999189,12894054.646912767,44811.93056402251
2024-11-07 00:00:00 UTC,0.765188785756708,14033926.458235595,86890.69399450792
2024-11-08 00:00:00 UTC,0.6986185758155627,12801193.579659136,109782.90146426139
2024-11-09 00:00:00 UTC,0.7038973739652093,12914480.640121412,10493.650543461568
2024-11-10 00:00:00 UTC,0.7091583370708725,12999498.161665758,18238.882276687156
2024-11-11 00:00:00 UTC,0.6945165608109104,12727761.276225742,40270.892582422806
2024-11-12 00:00:00 UTC,0.7080696287979938,13009700.498956202,79060.63444062979
2024-11-13 00:00:00 UTC,0.7006756846620835,12833299.873651734,24342.251996085433
2024-11-14 00:00:00 UTC,0.6509425221916978,11921852.556624852,126210.7290184212
2024-11-15 00:00:00 UTC,0.6482232660155033,11836662.712334115,81444.79211218673
2024-11-16 00:00:00 UTC,0.6323972087090483,11579184.731674237,16830.39215852881
2024-11-17 00:00:00 UTC,0.6338759258452468,11591582.737274067,1975.2881937617092
2024-11-18 00:00:00 UTC,0.6139300101685846,11226296.961585505,37039.88138617266
2024-11-19 00:00:00 UTC,0.6032548780388385,11020071.433964532,24172.539044928664
2024-11-20 00:00:00 UTC,0.6011065129506402,10966604.314839913,11036.672791486999
2024-11-21 00:00:00 UTC,0.6403473935963978,11693496.469515167,33954.20657057552
2024-11-22 00:00:00 UTC,0.5702844348099415,10402249.462968383,103132.65473994508
2024-11-23 00:00:00 UTC,0.5664050333275652,10329570.782626122,24504.320706489514
2024-11-24 00:00:00 UTC,0.5690035850775464,10372164.398935936,11544.96394817976
2024-11-25 00:00:00 UTC,0.548690119947287,10019070.807777634,73917.90357747208
2024-11-26 00:00:00 UTC,0.5479856846270625,9984274.940727053,4430.852185738201
2024-11-27 00:00:00 UTC,0.5450835999723188,9925171.785698732,27627.09486794546
2024-11-28 00:00:00 UTC,0.5212033821377258,9470766.509394594,48951.34914825007
2024-11-29 00:00:00 UTC,0.5184556791035788,9432404.729659144,44997.076114657524
2024-11-30 00:00:00 UTC,0.523268157747264,9518275.604361122,25109.81304426144
2024-12-01 00:00:00 UTC,0.532402742201963,9639505.114733271,22305.737848025747
2024-12-02 00:00:00 UTC,0.5362353192256296,9756844.844522275,4801.719242497843
2024-12-03 00:00:00 UTC,0.5461749080595545,9919144.617051158,17991.40891958117
2024-12-04 00:00:00 UTC,0.5507500675772153,10030506.116243348,5344.381690746094
2024-12-05 00:00:00 UTC,0.5542976011316555,10083733.189269593,14661.902732451252
2024-12-06 00:00:00 UTC,0.5445455461343973,9946924.74822378,25648.976153929205
2024-12-07 00:00:00 UTC,0.5506043330954041,10012884.758877562,5544.617605702921
2024-12-08 00:00:00 UTC,0.5500263430473559,10007511.324601632,3005.488105409114
2024-12-09 00:00:00 UTC,0.5518332683015351,10040319.648380537,1627.8769309758084
2024-12-10 00:00:00 UTC,0.5421419857095163,9865084.044020062,6279.947969450332
2024-12-11 00:00:00 UTC,0.5542865624909095,10084941.789939554,2707.626909956515
2024-12-12 00:00:00 UTC,0.5537596591855296,10074763.891293196,13275.019750116291
2024-12-13 00:00:00 UTC,0.54445765480651,9903406.675859254,16752.68674426201
2024-12-14 00:00:00 UTC,0.5475378823566579,9964412.394892499,2516.014344699969
2024-12-15 00:00:00 UTC,0.5454336713861284,9936483.528955448,3196.5547406196188
2024-12-16 00:00:00 UTC,0.5492661201932848,9998566.066688873,1470.0096067809425
2024-12-17 00:00:00 UTC,0.5531704208628371,10078241.220025532,9903.181137655873
2024-12-18 00:00:00 UTC,0.5455716938174694,9920709.660672316,1418.2848182572661
2024-12-19 00:00:00 UTC,0.5240852593450268,9535367.487485366,14204.046030957134
2024-12-20 00:00:00 UTC,0.5076006999760095,9235149.007651918,21377.038398125038
2024-12-21 00:00:00 UTC,0.5232572325512425,9503006.936575646,16626.276137142137
2024-12-22 00:00:00 UTC,0.5306011589226965,9645878.231008954,4679.64291848528
2024-12-23 00:00:00 UTC,0.5290702108621667,9612412.958679901,408.1728807688212
2024-12-24 00:00:00 UTC,0.512260444906413,9311627.079345893,27596.15955494357
2024-12-25 00:00:00 UTC,0.4946926907682669,8987049.071643816,14635.340160096644
2024-12-26 00:00:00 UTC,0.4566658568878406,8296460.626413048,23274.485152177287
2024-12-27 00:00:00 UTC,0.4018325433777842,7299002.134695762,33555.945602067266
2024-12-28 00:00:00 UTC,0.3987052199170527,7246010.4932532655,3030.638389463923
2024-12-29 00:00:00 UTC,0.3951713210244812,7182896.987488142,2707.63924414622
2024-12-30 00:00:00 UTC,0.3939409402085668,7156637.778527245,2751.938754271847
2024-12-31 00:00:00 UTC,0.393527415146382,7154483.562887066,2565.5217239173844
2025-01-01 00:00:00 UTC,0.3895611029231417,7079791.444175194,1540.9537213024012
2025-01-02 00:00:00 UTC,0.3978177779848245,7242051.761616197,18311.36353044763
2025-01-03 00:00:00 UTC,0.22929728422032344,4167185.0343915327,47998.48648178673
2025-01-04 00:00:00 UTC,0.18959510903783186,3445647.1803715876,24903.583196995238
2025-01-05 00:00:00 UTC,0.1860913567146377,3382664.5463748164,3612.943462104579
2025-01-06 00:00:00 UTC,0.18873386859032945,3431713.215024248,7404.606630144342
2025-01-07 00:00:00 UTC,0.19038701780433898,3458566.597201384,3727.49302856791
2025-01-08 00:00:00 UTC,0.17487093810715348,3176409.71940726,5115.799171857911
2025-01-09 00:00:00 UTC,0.173137297492173,3142856.797777646,499.77977882437426
2025-01-10 00:00:00 UTC,0.16955765980309576,3079451.6763982293,1068.6700952618055
2025-01-11 00:00:00 UTC,0.17089920593576952,3102380.6198704736,1608.5719919482522
2025-01-12 00:00:00 UTC,0.17890936320046993,3250205.7489511007,1840.2548513035933
2025-01-13 00:00:00 UTC,0.18202569558367318,3306119.5262545366,1515.5010711482394
2025-01-14 00:00:00 UTC,0.18547290888479415,3368073.3949348372,2678.2757461997317
2025-01-15 00:00:00 UTC,0.18961908125886548,3440112.687923651,1239.01448854511
2025-01-16 00:00:00 UTC,0.19745502415262742,3581677.012824065,3198.057297438881
2025-01-17 00:00:00 UTC,0.18959566133249414,3448108.747670045,1298.6447693873918
2025-01-18 00:00:00 UTC,0.19816345095102544,3597584.513699423,1989.2350539566924
2025-01-19 00:00:00 UTC,0.18954341553118662,3441085.43288371,948.926933732445
2025-01-20 00:00:00 UTC,0.19366087661530776,3463850.4337150306,1397.9055367363248
2025-01-21 00:00:00 UTC,0.18871897801129836,3431942.6247148165,749.337811481475
2025-01-22 00:00:00 UTC,0.1922624665705353,3490380.9826837694,144.0876579683793
2025-01-23 00:00:00 UTC,0.19313867859626357,3506082.467263882,476.40644801779877
2025-01-24 00:00:00 UTC,0.19691282787733477,3567048.911873838,5289.176181588247
2025-01-25 00:00:00 UTC,0.1961805807153802,3560215.9584138026,300.9276694803089
2025-01-26 00:00:00 UTC,0.18257808144613627,3313306.2737905364,3729.9877192591266
2025-01-27 00:00:00 UTC,0.18372421525064248,3334101.0611574594,341.9118468516383
2025-01-28 00:00:00 UTC,0.1789934326249764,3246531.916558463,1246.220543387517
2025-01-29 00:00:00 UTC,0.1590694166526298,2886643.4232050874,6469.5272713285685
2025-01-30 00:00:00 UTC,0.15841653752208718,2874789.087506699,1414.6459004283931
2025-01-31 00:00:00 UTC,0.16070282538457514,2922567.894498232,251.27988570085932
2025-02-01 00:00:00 UTC,0.16203708322639515,2949191.9938761136,212.44261653442044
2025-02-02 00:00:00 UTC,0.15875315059931236,2881002.8336041085,238.785427513105
2025-02-03 00:00:00 UTC,0.15035026310200997,2728383.920617333,1704.4909474094457
2025-02-04 00:00:00 UTC,0.15544317613387332,2821383.3424852453,3423.043786478068
2025-02-05 00:00:00 UTC,0.1508490719630322,2736277.524532227,1147.2839875798334
2025-02-06 00:00:00 UTC,0.15989181834465663,2897610.624464501,968.109668016498
2025-02-07 00:00:00 UTC,0.16008002576241967,2903109.5823044637,1618.107072743267
2025-02-08 00:00:00 UTC,0.16254145712759155,2955827.312615253,1484.4506455931428
2025-02-09 00:00:00 UTC,0.16404007610195437,2973525.5217171703,150.47143423706257
2025-02-10 00:00:00 UTC,0.1781019503148956,3232626.85636106,8132.30860803107
2025-02-11 00:00:00 UTC,0.18082398762175317,3278407.0941262236,442.95763569974036
2025-02-12 00:00:00 UTC,0.1802227444057153,3279980.3948547607,150.1654860544415
2025-02-13 00:00:00 UTC,0.1824954141039819,3308698.8099000654,717.3597433698952
2025-02-14 00:00:00 UTC,0.17956362811184506,3255538.2510818904,228.12484536000764
2025-02-15 00:00:00 UTC,0.18263128778014412,3306746.4033772964,462.8818794326752
2025-02-16 00:00:00 UTC,0.17886290259991297,3242450.2393389707,53.31428307096959
2025-02-17 00:00:00 UTC,0.17799635268687386,3225064.256077855,103.35959633335573
2025-02-18 00:00:00 UTC,0.18055660391928957,3262280.194870586,265.8130536832459
2025-02-19 00:00:00 UTC,0.17898242716323778,3241530.7934120256,100.05973450225814
2025-02-20 00:00:00 UTC,0.18785040998677233,3405381.442607649,1015.1885310985193
2025-02-21 00:00:00 UTC,0.1871080779256122,3392261.572997779,419.8530820282558
2025-02-22 00:00:00 UTC,0.1883059188097889,3414044.723781887,709.5019123852885
2025-02-23 00:00:00 UTC,0.19039155588591808,3443216.1313489294,462.7967830343711
2025-02-24 00:00:00 UTC,0.19037250416474777,3457458.912989562,899.2963490515181
2025-02-25 00:00:00 UTC,0.18115697151370272,3284348.1511735823,3151.2519573299687
2025-02-26 00:00:00 UTC,0.17935132090706166,3250066.8110690606,1478.8682732358757
2025-02-27 00:00:00 UTC,0.1772155901764328,3211682.9044656525,271.2154875358312
2025-02-28 00:00:00 UTC,0.1844377396904841,3353420.703733426,1493.83780003728
2025-03-01 00:00:00 UTC,0.18373572212919198,3330985.469832126,4959.817615361225
2025-03-02 00:00:00 UTC,0.18409897605634917,3337561.398182678,777.7531602029153
2025-03-03 00:00:00 UTC,0.1906976466520758,3457191.771103687,835.1181231765469
2025-03-04 00:00:00 UTC,0.17910412185259522,3245313.6301078848,1387.7626702702933
2025-03-05 00:00:00 UTC,0.17992757013931074,3262263.366086191,891.25119385609
2025-03-06 00:00:00 UTC,0.1836712594541312,3330466.457614755,739.5118600415851
2025-03-07 00:00:00 UTC,0.17790894300952606,3225284.8520072554,2526.3196764329396
2025-03-08 00:00:00 UTC,0.17808441238274675,3228063.7470081653,1435.0501121067343
2025-03-09 00:00:00 UTC,0.17995061934901746,3261165.1411807267,112.96782622129155
2025-03-10 00:00:00 UTC,0.16932362703431766,3068076.448374502,517.1115428295683
2025-03-11 00:00:00 UTC,0.16331065052578927,2963442.6446444914,850.6189827933382
2025-03-12 00:00:00 UTC,0.16240637942712996,2954640.7996853185,538.3889167776028
2025-03-13 00:00:00 UTC,0.16369293606085647,3261247.1856307224,632.0278298981165
2025-03-14 00:00:00 UTC,0.15981916819737602,3177928.731902559,640.489713564095
2025-03-15 00:00:00 UTC,0.16236784253935416,3219370.443326441,167.89845128413054
2025-03-16 00:00:00 UTC,0.1676432167049945,3328183.8429658706,879.2212947850732
2025-03-17 00:00:00 UTC,0.16479865815602376,3269214.6845319876,167.01750474572367
2025-03-18 00:00:00 UTC,0.16848080424164927,3341461.22254284,214.72825147709455
2025-03-19 00:00:00 UTC,0.1732199352959173,3442122.659933207,239.7817606504753
2025-03-20 00:00:00 UTC,0.20089235263845812,3993783.0194329983,3396.162121201846
2025-03-21 00:00:00 UTC,0.1950454985427543,3871520.587213195,269.9646996511209
2025-03-22 00:00:00 UTC,0.19260748015201126,3820294.2053896547,368.02287180295144
2025-03-23 00:00:00 UTC,0.19520165652655158,3872579.4457274675,373.12536986407997
2025-03-24 00:00:00 UTC,0.19766183951729843,3920910.1869400833,206.13053905724198
2025-03-25 00:00:00 UTC,0.20384021494376503,4034481.156481023,116.05166882849457
2025-03-26 00:00:00 UTC,0.19858109105124377,3939703.8041646755,159.8177908175815
2025-03-27 00:00:00 UTC,0.19771703642141558,3921565.7933060843,152.89417900297386
2025-03-28 00:00:00 UTC,0.19378860463428432,3844681.221254158,298.5687550512126
2025-03-29 00:00:00 UTC,0.1948319062862741,3864791.715258723,515.0864417913231
2025-03-30 00:00:00 UTC,0.187618223293734,3716216.614629337,2782.8163148898852
2025-03-31 00:00:00 UTC,0.1888999273314284,3743755.7615773035,243.8600237345841
2025-04-01 00:00:00 UTC,0.19556827222343792,3875407.2370729386,946.0849523809767
2025-04-02 00:00:00 UTC,0.23005747446392377,4562138.040867395,4364.516785885011
2025-04-03 00:00:00 UTC,0.22182536817020743,4398926.1369357575,1190.5475017069284
2025-04-04 00:00:00 UTC,0.22398655105450854,4454119.7891449835,1817.0395896495088
2025-04-05 00:00:00 UTC,0.23354021487625246,4633204.900865199,757.370784922632
2025-04-06 00:00:00 UTC,0.2532082017030602,5038843.991111144,1612.594984995782
2025-04-07 00:00:00 UTC,0.26818462007470834,5324262.814429649,4750.56488787082
2025-04-08 00:00:00 UTC,0.33069521188949835,6524378.553302979,5921.369227696411
2025-04-09 00:00:00 UTC,0.32700469027942425,6477665.26281426,1146.088507132208
2025-04-10 00:00:00 UTC,0.3276120187020423,6499317.4813959515,2386.2717063040186
2025-04-11 00:00:00 UTC,0.31933854359603786,6334576.435940525,420.4493875467134
2025-04-12 00:00:00 UTC,0.30861168487329244,6120656.728363554,1711.2821106602323
2025-04-13 00:00:00 UTC,0.3053028455991132,6054113.683544949,909.412025955833
2025-04-14 00:00:00 UTC,0.3012502876526838,5970476.517194883,143.51560208414682
2025-04-15 00:00:00 UTC,0.3012662431881449,5975448.620065769,46.37646355683656
2025-04-16 00:00:00 UTC,0.25676976385909683,5092885.666579609,3052.678173958766
2025-04-17 00:00:00 UTC,0.2561710850868969,5081011.5145848775,52.75506896487542
2025-04-18 00:00:00 UTC,0.2533325457117697,5024711.620182363,745.3337685781822
2025-04-19 00:00:00 UTC,0.24868618532063475,4932549.158612294,278.9329774638864
2025-04-20 00:00:00 UTC,0.24960213558324823,4951386.08345844,47.76627684825053
2025-04-21 00:00:00 UTC,0.24671945164735545,4893583.735916602,251.07157669101335
2025-04-22 00:00:00 UTC,0.24724224433072484,4903912.134936542,218.1237464921826
2025-04-23 00:00:00 UTC,0.2597807035886896,5154534.188918169,927.3210729216577
2025-04-24 00:00:00 UTC,0.25076678883470505,4973819.24841895,936.7233024706601
2025-04-25 00:00:00 UTC,0.24904061827631457,4939116.694974141,341.23131389312607
2025-04-26 00:00:00 UTC,0.2618604661311133,5192483.490031674,3511.2012869837617
2025-04-27 00:00:00 UTC,0.26582620611191893,5271542.1792051485,871.0687552489431
2025-04-28 00:00:00 UTC,0.2668055057347313,5290922.652449444,152.0023485557102
2025-04-29 00:00:00 UTC,0.26735712003038375,5301862.418355027,26.756922673720677
2025-04-30 00:00:00 UTC,0.26148815692789673,5185801.5304685375,30.562698292737853
2025-05-01 00:00:00 UTC,0.2635842332960757,5227466.673013898,323.00578978863666
2025-05-02 00:00:00 UTC,0.2560278991797755,5077193.70606572,465.6376218815217
2025-05-03 00:00:00 UTC,0.2569359004735868,5095194.099453182,79.26330729448132
2025-05-04 00:00:00 UTC,0.2575485895477622,5116770.388747978,59.700580842083
2025-05-05 00:00:00 UTC,0.25627656472228166,5082123.373365339,48.05960165262741
2025-05-06 00:00:00 UTC,0.25698187350971535,5096111.823373359,46.30689483709686
2025-05-07 00:00:00 UTC,0.24811380279406361,4920252.413688833,853.8031345641872
2025-05-08 00:00:00 UTC,0.24688343840008337,4895844.874461095,332.9854638314983
2025-05-09 00:00:00 UTC,0.2447631865609941,4853798.287090107,191.51698256154526
2025-05-10 00:00:00 UTC,0.24173743029012948,4793795.538927849,816.6901906959026
2025-05-11 00:00:00 UTC,0.24056552964113997,4770560.747388006,284.43513795974496
2025-05-12 00:00:00 UTC,0.22692576238582293,4500476.5049922895,1667.3438766582478
2025-05-13 00:00:00 UTC,0.22534835552769533,4468789.85359354,424.59179794653573
2025-05-14 00:00:00 UTC,0.24102187546954007,4779605.52434418,984.9536406848194
2025-05-15 00:00:00 UTC,0.2416758784781506,4792217.0253123455,846.6347948236429
2025-05-16 00:00:00 UTC,0.20620202339014018,4069624.506380032,3946.8530651256115
2025-05-17 00:00:00 UTC,0.205891378152347,4078998.2880897797,405.9141836453762
2025-05-18 00:00:00 UTC,0.203034209699218,4026297.663066131,539.3889910304441
2025-05-19 00:00:00 UTC,0.20189607689096045,4003727.7645552973,358.8020157008137
2025-05-20 00:00:00 UTC,0.20607533660355393,4086605.1458423208,182.5733130529588
2025-05-21 00:00:00 UTC,0.20474138384498422,4060527.2897811714,235.62660627531787
2025-05-22 00:00:00 UTC,0.2163996110106359,4444420.792260956,1434.9484731367334
2025-05-23 00:00:00 UTC,0.22207131336960495,4689978.825895549,1147.1793918001624
2025-05-24 00:00:00 UTC,0.21984144877934647,4643335.613815452,84.62034499314112
2025-05-25 00:00:00 UTC,0.2193290916401148,4632093.620708139,154.40654116261257
2025-05-26 00:00:00 UTC,0.21889226543280776,4622839.680750298,202.76372348037333
2025-05-27 00:00:00 UTC,0.22196672468379794,4687288.29555228,185.45734570660412
2025-05-28 00:00:00 UTC,0.2206762132050182,4661923.764545704,79.02931422782466
2025-05-29 00:00:00 UTC,0.21981960508986934,4650405.99488214,359.5552584610518
2025-05-30 00:00:00 UTC,0.2150800923727802,4542548.294088087,2090.8562732295236
2025-05-31 00:00:00 UTC,0.21322129494285788,4483252.32050099,206.86603774522675
2025-06-01 00:00:00 UTC,0.21131874408681592,4462845.120238658,97.73762286194987
2025-06-02 00:00:00 UTC,0.21086249761035936,4453208.797598786,59.24944614242492
2025-06-03 00:00:00 UTC,0.1906548234620389,4024219.95667314,2096.3745635968867
2025-06-04 00:00:00 UTC,0.19423417138338786,4101281.5566545534,26.39887285234568
2025-06-05 00:00:00 UTC,0.19332621264888428,4082100.242466114,3266.627230097214
2025-06-06 00:00:00 UTC,0.1781097090914247,3760799.1178643377,2602.8920815333813
2025-06-07 00:00:00 UTC,0.1762325166009876,3721098.7295704647,75.75125165089534
2025-06-08 00:00:00 UTC,0.17835245281075196,3770157.05910593,370.6998091366958
2025-06-09 00:00:00 UTC,0.16115172716699974,3402729.863925754,2631.0467889575784
2025-06-10 00:00:00 UTC,0.16158115958700195,3411797.357556612,403.76569706736353
2025-06-11 00:00:00 UTC,0.16255432284555638,3432344.139815241,112.7672150960347
2025-06-12 00:00:00 UTC,0.1547162992325454,3269493.2427370544,1105.1546177078199
2025-06-13 00:00:00 UTC,0.1541705931855646,3255493.9037830615,386.9345149683533
2025-06-14 00:00:00 UTC,0.15318133242680404,3234336.2416436523,98.78863614141102
2025-06-15 00:00:00 UTC,0.15273398983455272,3225214.9918991257,371.1670761618347
2025-06-16 00:00:00 UTC,0.1524554764832678,3219010.2084567207,117.85739832902873
2025-06-17 00:00:00 UTC,0.14827749232458362,3130880.884206596,1445.8054565360537
2025-06-18 00:00:00 UTC,0.15166918926768136,3202408.2035164144,492.5375166187351
2025-06-19 00:00:00 UTC,0.16332986219306,3448131.5548087214,1226.1406179329708
2025-06-20 00:00:00 UTC,0.1638746623071884,3459929.179145322,243.7633345176308
2025-06-21 00:00:00 UTC,0.1642361642353968,3467264.9720651032,18.944344928175482
2025-06-22 00:00:00 UTC,0.1621664554545993,3422629.64133099,93.8833510723139
2025-06-23 00:00:00 UTC,0.16501810614243975,3470770.9117771355,166.04167593639127
2025-06-24 00:00:00 UTC,0.15809267851224362,3337566.755023996,473.97013158014863
2025-06-25 00:00:00 UTC,0.15897394701455161,3356154.165880488,301.1117459282611
2025-06-26 00:00:00 UTC,0.16077129365839382,3393073.291633291,118.64372573507687
2025-06-27 00:00:00 UTC,0.16021044602325196,3382138.1778778904,138.3960264268856
2025-06-28 00:00:00 UTC,0.1604214652646901,3386595.7527110036,48.29296327661589
2025-06-29 00:00:00 UTC,0.15307045240050385,3231411.352026834,381.59826064465796
2025-06-30 00:00:00 UTC,0.1563131083427854,3298270.7395606283,244.8099665984511
2025-07-01 00:00:00 UTC,0.15900294685328772,3356649.817604416,99.11817539083981
2025-07-02 00:00:00 UTC,0.15704767961107913,3315371.4883922227,166.31680751565318
2025-07-03 00:00:00 UTC,0.16255111613536774,3431558.8584020133,442.39328203948185
2025-07-04 00:00:00 UTC,0.16308777512733239,3442861.265114386,179.70203986058536
2025-07-05 00:00:00 UTC,0.1624298615263533,3428960.89074317,105.5188986767375
2025-07-06 00:00:00 UTC,0.16263514213214375,3443586.2826982983,29.541107798669717
2025-07-07 00:00:00 UTC,0.16154582729004938,3411373.4764462053,144.9671823881782
2025-07-08 00:00:00 UTC,0.16218970801454602,3424125.400164816,141.57335237458264
2025-07-09 00:00:00 UTC,0.1631681140380582,3444222.301790831,243.91590136906376
2025-07-10 00:00:00 UTC,0.16643133838691432,3513114.4629827943,458.8445656221489
2025-07-11 00:00:00 UTC,0.16947956654553495,3577810.33887441,599.2181831516664
2025-07-12 00:00:00 UTC,0.1713222049,3616691.518940712,111.1813249979291
2025-07-13 00:00:00 UTC,0.16900291021395542,3574618.0376829673,246.1659737227357
2025-07-14 00:00:00 UTC,0.1597138655730032,3371634.0843784013,2159.22129297792
2025-07-15 00:00:00 UTC,0.1597437599871397,3372265.153843984,389.1198351032781
2025-07-16 00:00:00 UTC,0.16146664101771604,3408359.045848139,40.407840689830785
2025-07-17 00:00:00 UTC,0.15949494633028954,3377892.9584979224,164.68908187655367
2025-07-18 00:00:00 UTC,0.15883129648848315,3353002.6245225137,134.8507955871026
2025-07-19 00:00:00 UTC,0.15873168357594938,3350899.7495567705,52.90988988438475
2025-07-20 00:00:00 UTC,0.16427034363436302,3467823.442322483,24.37861147754964
2025-07-21 00:00:00 UTC,0.16357361080083857,3453115.0877913088,402.6555345862238
2025-07-22 00:00:00 UTC,0.1676353843715772,3538857.4971091026,276.67258692917954
2025-07-23 00:00:00 UTC,0.17073281376358618,3604428.617333603,4224.133201655545
2025-07-24 00:00:00 UTC,0.1652661986160549,3496262.6655791504,295.4351170907534
2025-07-25 00:00:00 UTC,0.16416323002569866,3472398.566550244,169.90091432660012
2025-07-26 00:00:00 UTC,0.16480186379673817,3479037.457971726,15.922310315643104
2025-07-27 00:00:00 UTC,0.1696079643325112,3580519.2191125867,616.8689238566993
2025-07-28 00:00:00 UTC,0.1696069225955411,3589167.1528399657,131.39446777662468
2025-07-29 00:00:00 UTC,0.1604223316028274,3382692.691737129,725.6344113357377
2025-07-30 00:00:00 UTC,0.15885652346656637,3353036.1445496553,349.5148056166881
2025-07-31 00:00:00 UTC,0.15815334737194045,3338653.558625139,83.95316092463236
2025-08-01 00:00:00 UTC,0.16007221881087758,3379161.376288239,151.9905258358647
2025-08-02 00:00:00 UTC,0.1592371523197472,3361519.6426348956,90.40192171976096
2025-08-03 00:00:00 UTC,0.15852655242541194,3346267.285465686,59.941672524033
2025-08-04 00:00:00 UTC,0.15879715997359692,3352244.588992588,32.27456166835266
2025-08-05 00:00:00 UTC,0.15928700303539817,3357958.982515664,71.69334430986825
2025-08-06 00:00:00 UTC,0.17164188173513967,3622706.1753267706,1724.23321358752
2025-08-07 00:00:00 UTC,0.17114011165909776,3612105.898570103,20.704349065373314
2025-08-08 00:00:00 UTC,0.17310572542073063,3653602.3091941923,33.581706592186094
2025-08-09 00:00:00 UTC,0.17798609492369125,3759503.603165127,2271.0349797724366
2025-08-10 00:00:00 UTC,0.18141224032185055,3828921.189897448,862.1967351827633
2025-08-11 00:00:00 UTC,0.19320122516100982,4077741.742347237,944.1878454230301
2025-08-12 00:00:00 UTC,0.19263281768676424,4065704.7847436634,457.48689867409246
2025-08-13 00:00:00 UTC,0.19354639982439123,4086242.0387118254,52.99691129581283
2025-08-14 00:00:00 UTC,0.19463500944032916,4108002.7671266086,60.42966557216866
2025-08-15 00:00:00 UTC,0.1909575764680551,4030386.181757594,495.8823689276116
2025-08-16 00:00:00 UTC,0.1896715387662007,4003242.8304507644,101.2637671322114
2025-08-17 00:00:00 UTC,0.19148817792975842,4041585.155052205,71.55104568025803
2025-08-18 00:00:00 UTC,0.19076417739812257,4026303.141015591,36.435424749400916
2025-08-19 00:00:00 UTC,0.18948160005253706,3999233.948577156,54.12250922085004
2025-08-20 00:00:00 UTC,0.1848850241912591,3904132.1269874894,130.57493678957246
2025-08-21 00:00:00 UTC,0.1897022486273668,3966286.2807688545,499.7993218307132
2025-08-22 00:00:00 UTC,0.18685115509343997,3943715.287254009,166.49467990809637
2025-08-23 00:00:00 UTC,0.21911379035274578,4624656.477131039,3260.623481715401
2025-08-24 00:00:00 UTC,0.21850418534457577,4612225.919566068,89.46646654340911
2025-08-25 00:00:00 UTC,0.21943798110067037,4631498.907449103,141.78935898317064
2025-08-26 00:00:00 UTC,0.21611248762946472,4561310.422751224,984.7076680966776
2025-08-27 00:00:00 UTC,0.2161352397532557,4561790.63331437,172.87761740135826
2025-08-28 00:00:00 UTC,0.21321021744594001,4500054.567603932,58.75218222789154
2025-08-29 00:00:00 UTC,0.21306083855507957,4496419.316384704,17.78659451836044
2025-08-30 00:00:00 UTC,0.20272322604741883,4278714.173561587,1000.1014297954339
2025-08-31 00:00:00 UTC,0.2014621248411484,4250472.864343976,9.545607122720629
2025-09-01 00:00:00 UTC,0.19831339488851976,4185642.645451707,508.23562573347255
2025-09-02 00:00:00 UTC,0.19618635556100317,4140750.1319701327,7.6266022983297175
2025-09-03 00:00:00 UTC,0.1972223561132707,4162611.79142762,37.502311636269724
2025-09-04 00:00:00 UTC,0.20803945107124458,4390922.227364578,972.9231670004973
2025-09-05 00:00:00 UTC,0.20886879723122226,4408423.736221777,32.32438368032521
2025-09-06 00:00:00 UTC,0.20771741946238936,4384036.398336893,1.216432566045362
2025-09-07 00:00:00 UTC,0.20709584560446587,4370999.22974321,21.51591688589928
2025-09-08 00:00:00 UTC,0.2085556819469187,4401432.6742625795,17.86171897243502
2025-09-09 00:00:00 UTC,0.20794782405411122,4388985.51236303,44.1863967289835
2025-09-10 00:00:00 UTC,0.20693534028894123,4353321.661948328,73.94368445482243
2025-09-11 00:00:00 UTC,0.1787130034711201,3772137.8531035795,2026.3203491948866
2025-09-12 00:00:00 UTC,0.16473163014243725,3476856.473068768,3563.5394077317083
2025-09-13 00:00:00 UTC,0.16094133947770112,3401327.3735937956,590.0509240874728
2025-09-14 00:00:00 UTC,0.1623882405594209,3427396.4559877305,12.588071246500332
2025-09-15 00:00:00 UTC,0.16600471495589864,3503726.4383002273,143.47043759324504
2025-09-16 00:00:00 UTC,0.1719730990361815,3629696.264528192,1224.036613317982
2025-09-17 00:00:00 UTC,0.1672212283885453,3521474.978011435,21.95285966243994
2025-09-18 00:00:00 UTC,0.16939607718960414,3574985.7756027766,73.9333115754858
2025-09-19 00:00:00 UTC,0.17131958643326256,3617222.5345715308,165.5946204959927
2025-09-20 00:00:00 UTC,0.18134500717704538,3827814.8261973173,994.7618419229904
2025-09-21 00:00:00 UTC,0.19380013245739414,4090679.921316189,951.9058616793398
2025-09-22 00:00:00 UTC,0.19395938597945894,4093742.9307926,86.0844398581744
2025-09-23 00:00:00 UTC,0.19627711515674473,4142661.3562794393,275.5632503231729
2025-09-24 00:00:00 UTC,0.19717199225611104,4160494.105875716,41.03778416127174
2025-09-25 00:00:00 UTC,0.20040304973062906,4229749.553332454,172.99966964895924
2025-09-26 00:00:00 UTC,0.2137689685057163,4511601.605018778,1340.1972191527998
2025-09-27 00:00:00 UTC,0.2154729642093945,4547812.522312628,279.94925477784886
2025-09-28 00:00:00 UTC,0.22348458187305226,4716907.21717818,423.73971078838974
2025-09-29 00:00:00 UTC,0.22299551064278206,4706158.734225173,130.8862417867205
2025-09-30 00:00:00 UTC,0.267601715885317,5639429.942595018,2866.4726965673826
2025-10-01 00:00:00 UTC,0.26929855785683593,5717144.575735676,3290.0101496584516
2025-10-02 00:00:00 UTC,0.2580265596053147,5445959.820706481,1096.2805493105857
2025-10-03 00:00:00 UTC,0.25906509491612034,5467876.153635211,42.67783615109478
2025-10-04 00:00:00 UTC,0.259678359855607,5480819.83769101,15.999027628384194
2025-10-05 00:00:00 UTC,0.25785475016106,5442893.634225128,9.4791144123
2025-10-06 00:00:00 UTC,0.26353784410362247,5562278.831199521,312.82867363275784
2025-10-07 00:00:00 UTC,0.26756970042089384,5647375.941712343,182.64464371955376
2025-10-08 00:00:00 UTC,0.2624495739916467,5539309.599486108,714.8064112357819
2025-10-09 00:00:00 UTC,0.2600070751434816,5487858.994529538,44.3207478712936
2025-10-10 00:00:00 UTC,0.25795860555239114,5444522.383000287,187.57356303771186
2025-10-11 00:00:00 UTC,0.26964907733965127,5691327.94755414,1118.6295422602925
2025-10-12 00:00:00 UTC,0.2655528066949921,5604809.025285994,638.428223490855
2025-10-13 00:00:00 UTC,0.28308832022566066,5956377.993477916,968.5477093805181
2025-10-14 00:00:00 UTC,0.3677819505034413,7761739.401123584,9041.786479573302
2025-10-15 00:00:00 UTC,0.34565372485720774,7294752.558012623,6340.259508353438
2025-10-16 00:00:00 UTC,0.3170317601979937,6662567.865652916,1474.4219577311012
2025-10-17 00:00:00 UTC,0.30060134839075014,6344548.06826973,1125.591263744709
2025-10-18 00:00:00 UTC,0.2901370381928255,6123427.3738184925,730.4287374568003
2025-10-19 00:00:00 UTC,0.2931712558010893,6187727.137228121,202.31812308635645
2025-10-20 00:00:00 UTC,0.29655878538891534,6259224.969323228,45.194069291916136
2025-10-21 00:00:00 UTC,0.29386047175014657,6202431.122483774,446.2674065279065
2025-10-22 00:00:00 UTC,0.2828894111869283,5970705.762954709,899.5745537819827
2025-10-23 00:00:00 UTC,0.2640004955796375,5572043.639438031,1743.2439216455525
2025-10-24 00:00:00 UTC,0.26940508711342565,5686113.955152724,553.279240082944
2025-10-25 00:00:00 UTC,0.2681260043484329,5659117.396038908,219.66012784410307
2025-10-26 00:00:00 UTC,0.24831678117040412,5241020.241452137,1140.9426196537559
2025-10-27 00:00:00 UTC,0.2535459818265773,5351383.816124283,109.51301475098686
2025-10-28 00:00:00 UTC,0.25187474594561937,5316115.308798714,461.0047809254529
2025-10-29 00:00:00 UTC,0.24960983150396757,5268311.602670176,665.1080930669641
2025-10-30 00:00:00 UTC,0.25104654910426444,5298635.231983167,207.44792542045178
2025-10-31 00:00:00 UTC,0.25157478246047427,5309784.223602086,748.2400532763913
2025-11-01 00:00:00 UTC,0.25267740168481334,5333056.310354088,87.69828135643985
2025-11-02 00:00:00 UTC,0.24171715344926428,5101727.269348062,919.8646700097993
2025-11-03 00:00:00 UTC,0.2381649015117515,5026752.778218259,57.553976162543684
2025-11-04 00:00:00 UTC,0.22717942590425724,4794891.283600437,308.4489308568842
2025-11-05 00:00:00 UTC,0.2018230880046703,4266150.146654653,1323.596276039055
2025-11-06 00:00:00 UTC,0.20282909209943986,4280948.602176961,168.07196941699524
2025-11-07 00:00:00 UTC,0.2178182042981505,4597311.596512533,1202.9395805339148
2025-11-08 00:00:00 UTC,0.21832382478117954,4607983.316617624,68.7843785522877
2025-11-09 00:00:00 UTC,0.21876027688307734,4617195.155985423,240.6236333695358
2025-11-10 00:00:00 UTC,0.2116588066979917,4467310.203350822,412.52639402221905
2025-11-11 00:00:00 UTC,0.19204856751578164,4053415.807887575,3479.143143180644
2025-11-12 00:00:00 UTC,0.17929040597432291,3784136.7078802665,975.498974889235
2025-11-13 00:00:00 UTC,0.19455362206745536,4106284.9900733633,1160.0529359513305
2025-11-14 00:00:00 UTC,0.18535786688793995,3912197.6682092594,152.9234051388745
2025-11-15 00:00:00 UTC,0.18264428231328786,3854642.2561666546,408.59484713446255
2025-11-16 00:00:00 UTC,0.18130699943763826,3826699.305181182,77.37540620241035
2025-11-17 00:00:00 UTC,0.17673154042298922,3730128.8148716525,152.91776389714428
2025-11-18 00:00:00 UTC,0.167016608602138,3525083.654099904,477.0871200398476
2025-11-19 00:00:00 UTC,0.17256765720469563,3642136.339515971,389.7400562367773
2025-11-20 00:00:00 UTC,0.1679767877261638,3545349.3735600226,73.52443119977917
2025-11-21 00:00:00 UTC,0.1740180501508611,3672857.383701451,163.4724901863385
2025-11-22 00:00:00 UTC,0.1609477761936876,3396993.7467454663,178.27454940729393
2025-11-23 00:00:00 UTC,0.1694649715725325,3576759.2590500736,438.8964181078833
2025-11-24 00:00:00 UTC,0.1713912322830388,3617415.276442428,69.57970136479183
2025-11-25 00:00:00 UTC,0.17090947088866446,3607247.1307071075,784.6209005525027
2025-11-26 00:00:00 UTC,0.17052530037017455,3599138.75617807,664.252924643427
2025-11-27 00:00:00 UTC,0.1630099507938237,3440518.3880112735,1344.4767384107931
2025-11-28 00:00:00 UTC,0.1667624093584451,3470470.8388625686,114.31245458363631
2025-11-29 00:00:00 UTC,0.16911010161392,3569269.3075961075,20.9190583514
2025-11-30 00:00:00 UTC,0.16890990115979038,3565043.8395165997,25.164851511759256
2025-12-01 00:00:00 UTC,0.16733973376765182,3531903.5940371016,86.55068552058094
2025-12-02 00:00:00 UTC,0.16700261075626693,3524788.2129573384,72.84111216185313
2025-12-03 00:00:00 UTC,0.1635607947687119,3452144.6035600724,11.536766734570394
2025-12-04 00:00:00 UTC,0.16802818842213973,3546434.246224547,232.31573887741425
2025-12-05 00:00:00 UTC,0.16801396469817823,3546134.037656927,1.066268394888466
2025-12-06 00:00:00 UTC,0.16799277424641373,3545686.7880344903,1.225267321753092
2025-12-07 00:00:00 UTC,0.17250620433909317,3640948.372939606,205.13577044874415
2025-12-08 00:00:00 UTC,0.17225606108334152,3635668.5142075666,8.056154725108854
2025-12-09 00:00:00 UTC,0.17195593073129972,3629333.907087133,41.00441525863778
2025-12-10 00:00:00 UTC,0.14798041255161956,3123302.1540709008,1835.0397321785526
2025-12-11 00:00:00 UTC,0.13967255218595473,2950634.208564695,237.4756584885696
2025-12-12 00:00:00 UTC,0.1463601171707717,3089103.8979235357,10.080026380876781
2025-12-13 00:00:00 UTC,0.15044924167119,3175409.7213781467,284.7060705456
2025-12-14 00:00:00 UTC,0.15037451470781998,3174210.6859313045,4.151788089799999
2025-12-15 00:00:00 UTC,0.15050286151080122,3176541.431701634,11.131798818580702
2025-12-16 00:00:00 UTC,0.1403426008300126,2962097.0770532824,316.9403670532293
2025-12-17 00:00:00 UTC,0.1403497543543323,2962248.060670179,275.66551666896623
2025-12-18 00:00:00 UTC,0.13953632795183998,2945100.7815635167,4.147023429399999
2025-12-19 00:00:00 UTC,0.1394952709483919,2944213.1747256587,2.1507124639966735
2025-12-20 00:00:00 UTC,0.1403198865583091,2961617.6654033456,1.3502589386763693
2025-12-21 00:00:00 UTC,0.1403198865583091,2961617.6654033456,1.3502589386763693
2025-12-22 00:00:00 UTC,0.13941479331585557,2942514.598821447,3.101535812952286
2025-12-23 00:00:00 UTC,0.14010578657419007,2957101.9286785624,3.357697251691853
2025-12-24 00:00:00 UTC,0.1391917271938832,2937806.523696888,13.566533431205583
2025-12-25 00:00:00 UTC,0.1306432836717436,2757381.482258795,406.20166210599217
2025-12-26 00:00:00 UTC,0.13004588292748,2744821.5801644954,38.48734267135618
2025-12-27 00:00:00 UTC,0.13022431388213,2748538.6278307852,28.6922767339
2025-12-28 00:00:00 UTC,0.13102673323404002,2765474.640152108,1.9912121964000005
2025-12-29 00:00:00 UTC,0.1304920949227752,2754190.4643586418,32.165698840449465
2025-12-30 00:00:00 UTC,0.10483593039188796,2212686.676372069,1146.834875502365
2025-12-31 00:00:00 UTC,0.10650718773278248,2247959.8123848764,94.3671168697636
2026-01-01 00:00:00 UTC,0.10336963265082327,2181951.4353524162,37.90339278864221
2026-01-02 00:00:00 UTC,0.10677580494580999,2253604.4472584426,253.9875328744
2026-01-03 00:00:00 UTC,0.10778605271950008,2274963.5774123357,13.957723002618799
2026-01-04 00:00:00 UTC,0.10124080834196814,2136603.506665773,214.86673074012555
2026-01-05 00:00:00 UTC,0.10079985132901019,2127504.0172578115,18.496681216055457
2026-01-06 00:00:00 UTC,0.100555969879237,2122155.2467883015,9.019685744621555
2026-01-07 00:00:00 UTC,0.1011250284800521,2134364.2778532947,3.120695950331524
2026-01-08 00:00:00 UTC,0.10062667960138819,2123845.4450610885,68.9748699142989
2026-01-09 00:00:00 UTC,0.10164266992843927,2145289.126169134,441.6827793396676
2026-01-10 00:00:00 UTC,0.10116762171200722,2135262.67001804,10.906861997521325
2026-01-11 00:00:00 UTC,0.10303107843837354,2174593.1348216003,407.56253826177453
2026-01-12 00:00:00 UTC,0.1026640299552,2166846.141159555,62.137814928
2026-01-13 00:00:00 UTC,0.10335991778091459,2181533.679243608,172.8108526864307
2026-01-14 00:00:00 UTC,0.10339480100654976,2182264.8918164107,5.86522982217683
2026-01-15 00:00:00 UTC,0.10329943278070598,2180241.481253696,19.56262786945095
2026-01-16 00:00:00 UTC,0.08838025932662294,1865370.2173988519,744.6280756612534
2026-01-17 00:00:00 UTC,0.09920176696114782,2093770.9734341572,35.19117931906812
2026-01-18 00:00:00 UTC,0.0884566717596515,1866381.773624215,194.6144724944003
2026-01-19 00:00:00 UTC,0.08728372979477202,1842222.599890722,34.46699467360583
2026-01-20 00:00:00 UTC,0.08751207763740827,1847046.2129357394,378.7050909552177
2026-01-21 00:00:00 UTC,0.08700147019663029,1833955.983825922,11.399462385173859
2026-01-22 00:00:00 UTC,0.08701864858341456,1836631.8074029658,20.057540432144965
2026-01-23 00:00:00 UTC,0.08836602904851454,1865069.870498187,122.76098693250064
2026-01-24 00:00:00 UTC,0.08864044125629247,1870861.6656748438,13.511781773324325
2026-01-25 00:00:00 UTC,0.08895512591575523,1877503.4587189758,49.054399853500634
2026-01-26 00:00:00 UTC,0.08787232561134382,1854654.0556205148,2.8008021584475795
2026-01-27 00:00:00 UTC,0.08785609976753303,1854308.8123275433,2.800284983352329
2026-01-28 00:00:00 UTC,0.0824016470136406,1739184.5121861508,28.702370792412026
2026-01-29 00:00:00 UTC,0.08239440760356906,1739031.7158485763,28.69984914096788
2026-01-30 00:00:00 UTC,0.08051739433431541,1699412.7724457337,655.0012288625463
2026-01-31 00:00:00 UTC,0.08143592171757492,1718801.7341857818,260.718301533239
2026-02-01 00:00:00 UTC,0.080725858805172,1703815.014081455,62.6888384304
2026-02-02 00:00:00 UTC,0.08018572188142012,1699538.3132949355,24.32499688639588
2026-02-03 00:00:00 UTC,0.07983818241987538,1685079.5509312379,1.6196971096005643
2026-02-04 00:00:00 UTC,0.08061345242921397,1701442.544170692,1.6944723551165304
2026-02-05 00:00:00 UTC,0.08044722872467432,1697790.3876786614,6.536609238797402
2026-02-06 00:00:00 UTC,0.08053875847826737,1699866.0397275367,20.926770466699214
2026-02-07 00:00:00 UTC,0.0804066672721312,1697072.559746675,26.47292536508161
2026-02-08 00:00:00 UTC,0.08039530514393416,1706740.8269632917,101.90867888790994
2026-02-09 00:00:00 UTC,0.08053585133474465,1699804.6810147846,8.720479550908625
2026-02-10 00:00:00 UTC,0.08351827842198087,1762752.3427039622,253.8977669787585
2026-02-11 00:00:00 UTC,0.0834888,1762130.1656382014,6.89878
2026-02-12 00:00:00 UTC,0.08346766105619717,1761684.0031523984,1.2797731888499035
2026-02-13 00:00:00 UTC,0.08342020069887023,1760682.2960094311,1.2378580936283645
2026-02-14 00:00:00 UTC,0.0840842240983159,1774697.2975767413,6.026643549239353
2026-02-15 00:00:00 UTC,0.08359565526605757,1764385.4727893083,5.976639696861528
2026-02-16 00:00:00 UTC,0.08347179341,1761606.9864258724,4.809684
2026-02-17 00:00:00 UTC,0.08380013068157713,1768701.1690002782,54.083694261042524
2026-02-18 00:00:00 UTC,0.0790603666005113,1668663.2846109576,173.43789926533634
2026-02-19 00:00:00 UTC,0.07941124688343837,1669178.1974197952,10.867254151596667
2026-02-20 00:00:00 UTC,0.0794907297940068,1677744.205799812,2.297212021013658
2026-02-21 00:00:00 UTC,0.07948260518031697,1677578.5602469875,2.2969772268397617
2026-02-22 00:00:00 UTC,0.0795344301664121,1678663.5607238887,196.58331933853182
2026-02-23 00:00:00 UTC,0.0795344301664121,1678663.5607238887,196.58331933853182
2026-02-24 00:00:00 UTC,0.07905047853983983,1668454.1261005912,1.0579616414405795
2026-02-25 00:00:00 UTC,0.07955535617688321,1679109.4648258106,1.0020403093497763
2026-02-26 00:00:00 UTC,0.07956181254304799,1679246.4368269357,1.2781811690999998
2026-02-27 00:00:00 UTC,0.07901828495894564,1667774.6423850083,5.375362555088839
2026-02-28 00:00:00 UTC,0.07903159020211922,1668055.4653260172,5.376267668455685
2026-03-01 00:00:00 UTC,0.07950728899199742,1678068.8364374936,5.372757175059227
2026-03-02 00:00:00 UTC,0.07913437000421697,1670224.7549755843,22.411695547485277
2026-03-03 00:00:00 UTC,0.08075299718545861,1704387.801791299,83.08619320547336
2026-03-04 00:00:00 UTC,0.057569395909078475,1215070.3944595638,1037.135159128011
2026-03-05 00:00:00 UTC,0.05735487868991345,1210542.7540702003,7.228362090140302
2026-03-06 00:00:00 UTC,0.05702381943009951,1203555.355660689,32.54583753101834
2026-03-07 00:00:00 UTC,0.057057364052964,1204263.354719778,18.281981619
2026-03-08 00:00:00 UTC,0.05705746976820759,1204265.5859654027,6.028113298299954
2026-03-09 00:00:00 UTC,0.05704259364030007,1203951.6076385644,13.803464200858024
2026-03-10 00:00:00 UTC,0.06087186874476207,1284773.0013356814,188.46090696114908
2026-03-11 00:00:00 UTC,0.0612432842705663,1292612.166613012,1.1710229155508807
2026-03-12 00:00:00 UTC,0.022175156357085817,468034.17676255706,2378.7758633543526
2026-03-13 00:00:00 UTC,0.022517206303057098,475252.3508843766,18.442350458134882
2026-03-14 00:00:00 UTC,0.02162663072279365,456455.69678510877,100.50850111519843
2026-03-15 00:00:00 UTC,0.02168743904755961,457739.12861539045,9.899451022477992
2026-03-16 00:00:00 UTC,0.021696401919935066,457928.30066940904,49.83813142445264
2026-03-17 00:00:00 UTC,0.02164296265560409,456800.40160142485,50.83726477153193
2026-03-18 00:00:00 UTC,0.021596507953535297,455819.9200056759,9.51946062794609
2026-03-19 00:00:00 UTC,0.024830031836241898,524018.9671384356,304.47285900006193
2026-03-20 00:00:00 UTC,0.025816431728637,544886.417317897,372.52291198319995
2026-03-21 00:00:00 UTC,0.025854439929636767,545688.6254886135,12.32172724823016
2026-03-22 00:00:00 UTC,0.02585202058900809,545637.5624346142,6.038347423643502
2026-03-23 00:00:00 UTC,0.02579657414,544467.6307045557,1.061763
2026-03-24 00:00:00 UTC,0.025787915928803463,544284.5575345011,4.699304324310365
2026-03-25 00:00:00 UTC,0.02578557184560517,544235.0828778468,1.42440941018359
2026-03-26 00:00:00 UTC,0.025770722335863503,543921.6663589756,1.6119678878767532
2026-03-27 00:00:00 UTC,0.025770722335863503,543921.6663589756,1.6119678878767532
2026-03-28 00:00:00 UTC,0.02574782826586904,543487.4593275553,1.1449942372178763
2026-03-29 00:00:00 UTC,0.025901589204083666,546683.7668583641,1.8389711405452294
2026-04-01 00:00:00 UTC,0.02579419047259404,544416.9892246079,9.079650702419542
2026-04-02 00:00:00 UTC,0.02579419047259404,544416.9892246079,9.079650702419542
2026-04-03 00:00:00 UTC,0.025939348200681032,547533.0204076619,4.120580476395723
2026-04-04 00:00:00 UTC,0.02593933731146422,547479.4114414612,4.12057874659535
2026-04-06 00:00:00 UTC,0.025783286004452986,544135.3576132326,3.436888726571348
2026-04-07 00:00:00 UTC,0.025783286004452986,544135.3576132326,3.436888726571348
2026-04-08 00:00:00 UTC,0.025780959338067202,544137.7304345025,2.0202959914112566
2026-04-13 00:00:00 UTC,0.025751150286615,543508.5750415277,3.2003046205
2026-04-14 00:00:00 UTC,0.025751150286615,543508.5750415277,3.2003046205
2026-04-15 00:00:00 UTC,0.025635101320408926,541109.3212231286,32.065626736437785
2026-04-16 00:00:00 UTC,0.02588483541372351,546330.1582380175,4.740976740681903
2026-04-17 00:00:00 UTC,0.02574512793304311,543381.4661251561,5.011612810655681
2026-04-18 00:00:00 UTC,0.025762967538525857,543811.0590861286,1.6143280731834615
2026-04-19 00:00:00 UTC,0.02580770846144532,544756.1714498345,78.92754816002527
2026-04-20 00:00:00 UTC,0.025780688302551,544132.0099084072,2.9936286419
2026-04-21 00:00:00 UTC,0.026008106706592343,548876.8159785608,16.177063577933684
2026-04-22 00:00:00 UTC,0.026323963674573354,555598.4811151907,19.953651181828242
2026-04-23 00:00:00 UTC,0.02642920087799136,557819.6371348038,12.845577639986658
2026-04-24 00:00:00 UTC,0.026267668704511152,554369.7614140713,20.902436388865777
2026-04-25 00:00:00 UTC,0.02626313578694797,554314.6363875538,1.5854073968270255
2026-04-26 00:00:00 UTC,0.02626313578694797,554314.6363875538,1.5854073968270255
2026-04-27 00:00:00 UTC,0.026253117375704998,554103.1859335644,1.2927257145
2026-04-28 00:00:00 UTC,0.026253117375704998,554103.1859335644,1.2927257145
2026-04-29 00:00:00 UTC,0.026250542890158025,554048.8483620181,1.2865741381277183
2026-04-30 00:00:00 UTC,0.026239923494776926,553824.7134248544,37.53117052325025
2026-05-01 00:00:00 UTC,0.026239923494776926,553824.7134248544,37.53117052325025
2026-05-02 00:00:00 UTC,0.026386132030386502,556910.6180141098,79.36053094393522
2026-05-03 00:00:00 UTC,0.02665222356503069,562526.7955135767,70.7139816702138
2026-05-04 00:00:00 UTC,0.026808721009785,565774.2417526525,21.7864261395
2026-05-05 00:00:00 UTC,0.026825694157926,566188.0981624586,2.308628182
2026-05-06 00:00:00 UTC,0.026860069285875983,566913.6260165939,5.423963219425956
2026-05-07 00:00:00 UTC,0.02685750275360261,566859.4563083218,1.1884678845232566
2026-05-08 00:00:00 UTC,0.02685750275360261,566859.4563083218,1.1884678845232566
2026-05-09 00:00:00 UTC,0.02686081781568876,566929.7081045598,10.54171532399183
2026-05-10 00:00:00 UTC,0.02697387733471659,569315.6798963294,13.087891641153298
2026-05-11 00:00:00 UTC,0.02699867703215481,569839.1069303099,1.6531338795895631
2026-05-12 00:00:00 UTC,0.026998687289523215,569839.3234242381,1.6531345076500867
2026-05-13 00:00:00 UTC,0.026898806792241256,567677.1170677777,40.058531206811274
2026-05-14 00:00:00 UTC,0.02686487365410492,567070.3364076875,1.3333308059737226
2026-05-15 00:00:00 UTC,0.026884330912033853,567425.6964178958,2.383044992479136
2026-05-16 00:00:00 UTC,0.026971186801562345,569280.2258196195,18.19237070450515
2026-05-17 00:00:00 UTC,0.02697150207573487,569265.5472377825,2.22003307345079
2026-05-18 00:00:00 UTC,0.027104449133136744,572071.5525975514,11.784732012687947
2026-05-20 00:00:00 UTC,0.027050156630580545,570925.6449246387,20.513851120905795
