timeOpen;timeClose;timeHigh;timeLow;name;open;high;low;close;volume;marketCap;circulatingSupply;timestamp
"2026-01-07T00:00:00.000Z";"2026-01-07T23:59:59.999Z";"2026-01-07T12:19:00.000Z";"2026-01-07T12:29:00.000Z";"2781";0.1004849425;0.1027101797;0.0990877187;0.0990877187;0;0;0;"2026-01-07T23:59:59.999Z"
"2026-01-06T00:00:00.000Z";"2026-01-06T23:59:59.999Z";"2026-01-06T05:41:00.000Z";"2026-01-06T20:45:00.000Z";"2781";0.1006855534;0.10255441;0.1004849425;0.1004849425;0;0;0;"2026-01-06T23:59:59.999Z"
"2026-01-05T00:00:00.000Z";"2026-01-05T23:59:59.999Z";"2026-01-05T00:56:00.000Z";"2026-01-05T05:56:00.000Z";"2781";0.1008687982;0.1008687982;0.1006855534;0.1006855534;0;0;0;"2026-01-05T23:59:59.999Z"
"2026-01-04T00:00:00.000Z";"2026-01-04T23:59:59.999Z";"2026-01-04T10:55:00.000Z";"2026-01-04T19:23:00.000Z";"2781";0.1012574901;0.1040098064;0.1007744672;0.1008687982;0;0;0;"2026-01-04T23:59:59.999Z"
"2026-01-03T00:00:00.000Z";"2026-01-03T23:59:59.999Z";"2026-01-03T00:00:00.000Z";"2026-01-03T22:34:00.000Z";"2781";0.1078883649;0.1078883649;0.1007795424;0.1012574901;0;0;0;"2026-01-03T23:59:59.999Z"
"2026-01-02T00:00:00.000Z";"2026-01-02T23:59:59.999Z";"2026-01-02T22:44:00.000Z";"2026-01-02T06:53:00.000Z";"2781";0.1067801745;0.1079009293;0.1067474424;0.1078883649;0;0;0;"2026-01-02T23:59:59.999Z"
"2026-01-01T00:00:00.000Z";"2026-01-01T23:59:59.999Z";"2026-01-01T23:19:00.000Z";"2026-01-01T11:54:00.000Z";"2781";0.1033950067;0.106780629;0.103286109;0.1067801745;2.83;0;0;"2026-01-01T23:59:59.999Z"
"2025-12-31T00:00:00.000Z";"2025-12-31T23:59:59.999Z";"2025-12-31T06:19:00.000Z";"2025-12-31T23:55:00.000Z";"2781";0.1046954882;0.1052894853;0.1033950067;0.1033950067;37.95;0;0;"2025-12-31T23:59:59.999Z"
"2025-12-30T00:00:00.000Z";"2025-12-30T23:59:59.999Z";"2025-12-30T18:40:00.000Z";"2025-12-30T13:47:00.000Z";"2781";0.104425212;0.10524009;0.1041092945;0.1046954882;0;0;0;"2025-12-30T23:59:59.999Z"
"2025-12-29T00:00:00.000Z";"2025-12-29T23:59:59.999Z";"2025-12-29T11:46:00.000Z";"2025-12-29T22:03:00.000Z";"2781";0.1302610525;0.131485509;0.1037442145;0.104425212;0;0;0;"2025-12-29T23:59:59.999Z"
"2025-12-28T00:00:00.000Z";"2025-12-28T23:59:59.999Z";"2025-12-28T00:49:00.000Z";"2025-12-28T23:36:00.000Z";"2781";0.1310468439;0.1311534886;0.1302610525;0.1302610525;31.5;0;0;"2025-12-28T23:59:59.999Z"
"2025-12-27T00:00:00.000Z";"2025-12-27T23:59:59.999Z";"2025-12-27T18:56:00.000Z";"2025-12-27T01:40:00.000Z";"2781";0.1302535994;0.1310595475;0.1302226479;0.1310468439;0;0;0;"2025-12-27T23:59:59.999Z"
"2025-12-26T00:00:00.000Z";"2025-12-26T23:59:59.999Z";"2025-12-26T13:55:00.000Z";"2025-12-26T00:42:00.000Z";"2781";0.130094611;0.1312664883;0.130094611;0.1302535994;0;0;0;"2025-12-26T23:59:59.999Z"
"2025-12-25T00:00:00.000Z";"2025-12-25T23:59:59.999Z";"2025-12-25T00:59:00.000Z";"2025-12-25T22:52:00.000Z";"2781";0.1306283582;0.1306419039;0.1286970151;0.130094611;38.87;0;0;"2025-12-25T23:59:59.999Z"
"2025-12-24T00:00:00.000Z";"2025-12-24T23:59:59.999Z";"2025-12-24T00:47:00.000Z";"2025-12-24T12:59:00.000Z";"2781";0.1400340488;0.1400340488;0.1286484565;0.1306283582;0;0;0;"2025-12-24T23:59:59.999Z"
"2025-12-23T00:00:00.000Z";"2025-12-23T23:59:59.999Z";"2025-12-23T00:00:00.000Z";"2025-12-23T15:53:00.000Z";"2781";0.1401375305;0.1401375305;0.1400340488;0.1400340488;0;0;0;"2025-12-23T23:59:59.999Z"
"2025-12-22T00:00:00.000Z";"2025-12-22T23:59:59.999Z";"2025-12-22T11:56:00.000Z";"2025-12-22T00:25:00.000Z";"2781";0.1395261428;0.1401375305;0.139523799;0.1401375305;0;0;0;"2025-12-22T23:59:59.999Z"
"2025-12-21T00:00:00.000Z";"2025-12-21T23:59:59.999Z";"2025-12-21T23:54:00.000Z";"2025-12-21T12:57:00.000Z";"2781";0.1394645697;0.1395261428;0.1391180657;0.1395261428;0.47;0;0;"2025-12-21T23:59:59.999Z"
"2025-12-20T00:00:00.000Z";"2025-12-20T23:59:59.999Z";"2025-12-20T00:28:00.000Z";"2025-12-20T16:08:00.000Z";"2781";0.1413334079;0.1413334079;0.1408311175;0.1411358985;0;0;0;"2025-12-20T23:59:59.999Z"
"2025-12-19T00:00:00.000Z";"2025-12-19T23:59:59.999Z";"2025-12-19T19:58:00.000Z";"2025-12-19T01:55:00.000Z";"2781";0.1392281985;0.1413334079;0.1392163589;0.1413334079;0;0;0;"2025-12-19T23:59:59.999Z"
"2025-12-18T00:00:00.000Z";"2025-12-18T23:59:59.999Z";"2025-12-18T16:33:00.000Z";"2025-12-18T18:49:00.000Z";"2781";0.1393456604;0.1410921372;0.138897175;0.1392281985;0;0;0;"2025-12-18T23:59:59.999Z"
"2025-12-17T00:00:00.000Z";"2025-12-17T23:59:59.999Z";"2025-12-17T00:53:00.000Z";"2025-12-17T16:58:00.000Z";"2781";0.1405349412;0.1405349412;0.1390877931;0.1393456604;0;0;0;"2025-12-17T23:59:59.999Z"
"2025-12-16T00:00:00.000Z";"2025-12-16T23:59:59.999Z";"2025-12-16T18:50:00.000Z";"2025-12-16T09:50:00.000Z";"2781";0.1403366651;0.1405349412;0.1395568302;0.1405349412;0;0;0;"2025-12-16T23:59:59.999Z"
"2025-12-15T00:00:00.000Z";"2025-12-15T23:59:59.999Z";"2025-12-15T02:23:00.000Z";"2025-12-15T18:58:00.000Z";"2781";0.1505025274;0.1515301254;0.1403366651;0.1403366651;0;0;0;"2025-12-15T23:59:59.999Z"
"2025-12-14T00:00:00.000Z";"2025-12-14T23:59:59.999Z";"2025-12-14T11:57:00.000Z";"2025-12-14T10:21:00.000Z";"2781";0.1504565009;0.1514140641;0.1503179923;0.1505025274;0;0;0;"2025-12-14T23:59:59.999Z"
"2025-12-13T00:00:00.000Z";"2025-12-13T23:59:59.999Z";"2025-12-13T12:57:00.000Z";"2025-12-13T20:56:00.000Z";"2781";0.1504796583;0.1513816807;0.1504229515;0.1504565009;0;0;0;"2025-12-13T23:59:59.999Z"
"2025-12-12T00:00:00.000Z";"2025-12-12T23:59:59.999Z";"2025-12-12T13:23:00.000Z";"2025-12-12T10:53:00.000Z";"2781";0.1464934447;0.1504941118;0.1460626547;0.1504796583;0;0;0;"2025-12-12T23:59:59.999Z"
"2025-12-11T00:00:00.000Z";"2025-12-11T23:59:59.999Z";"2025-12-11T21:56:00.000Z";"2025-12-11T19:35:00.000Z";"2781";0.145867408;0.1465025076;0.1445860542;0.1464934447;0;0;0;"2025-12-11T23:59:59.999Z"
"2025-12-10T00:00:00.000Z";"2025-12-10T23:59:59.999Z";"2025-12-10T00:55:00.000Z";"2025-12-10T22:34:00.000Z";"2781";0.1495786812;0.1495786812;0.1458671249;0.145867408;0;0;0;"2025-12-10T23:59:59.999Z"
"2025-12-09T00:00:00.000Z";"2025-12-09T23:59:59.999Z";"2025-12-09T16:51:00.000Z";"2025-12-09T22:12:00.000Z";"2781";0.1709825736;0.1732257205;0.1495406505;0.1495786812;0;0;0;"2025-12-09T23:59:59.999Z"
"2025-12-08T00:00:00.000Z";"2025-12-08T23:59:59.999Z";"2025-12-08T06:55:00.000Z";"2025-12-08T23:51:00.000Z";"2781";0.1726356129;0.17367934;0.1709825736;0.1709825736;39.46;0;0;"2025-12-08T23:59:59.999Z"
"2025-12-07T00:00:00.000Z";"2025-12-07T23:59:59.999Z";"2025-12-07T18:28:00.000Z";"2025-12-07T16:44:00.000Z";"2781";0.1732439456;0.1742027181;0.171626891;0.1726356129;0;0;0;"2025-12-07T23:59:59.999Z"
"2025-12-06T00:00:00.000Z";"2025-12-06T23:59:59.999Z";"2025-12-06T12:36:00.000Z";"2025-12-06T00:10:00.000Z";"2781";0.1676831822;0.1744366766;0.1676765953;0.1732439456;1.27;0;0;"2025-12-06T23:59:59.999Z"
"2025-12-05T00:00:00.000Z";"2025-12-05T23:59:59.999Z";"2025-12-05T00:02:00.000Z";"2025-12-05T16:51:00.000Z";"2781";0.1692368372;0.1692368372;0.1669201529;0.1676831822;0;0;0;"2025-12-05T23:59:59.999Z"
"2025-12-04T00:00:00.000Z";"2025-12-04T23:59:59.999Z";"2025-12-04T19:32:00.000Z";"2025-12-04T00:01:00.000Z";"2781";0.167902806;0.1707131063;0.167902806;0.1692368372;0;0;0;"2025-12-04T23:59:59.999Z"
"2025-12-03T00:00:00.000Z";"2025-12-03T23:59:59.999Z";"2025-12-03T21:46:00.000Z";"2025-12-03T14:20:00.000Z";"2781";0.1684660657;0.168907227;0.1675356388;0.167902806;239.24;0;0;"2025-12-03T23:59:59.999Z"
"2025-12-02T00:00:00.000Z";"2025-12-02T23:59:59.999Z";"2025-12-02T19:08:00.000Z";"2025-12-02T09:57:00.000Z";"2781";0.1673608801;0.1685175741;0.1659866907;0.1684660657;0;0;0;"2025-12-02T23:59:59.999Z"
"2025-12-01T00:00:00.000Z";"2025-12-01T23:59:59.999Z";"2025-12-01T00:46:00.000Z";"2025-12-01T15:48:00.000Z";"2781";0.1687274569;0.1687274569;0.1669587081;0.1673608801;0;0;0;"2025-12-01T23:59:59.999Z"
"2025-11-30T00:00:00.000Z";"2025-11-30T23:59:59.999Z";"2025-11-30T09:55:00.000Z";"2025-11-30T00:56:00.000Z";"2781";0.1689279126;0.16966881;0.1689279126;0.1696665599;0;0;0;"2025-11-30T23:59:59.999Z"
"2025-11-29T00:00:00.000Z";"2025-11-29T23:59:59.999Z";"2025-11-29T00:14:00.000Z";"2025-11-29T10:40:00.000Z";"2781";0.1691344113;0.1691463494;0.1685141895;0.1689279126;0;0;0;"2025-11-29T23:59:59.999Z"
"2025-11-28T00:00:00.000Z";"2025-11-28T23:59:59.999Z";"2025-11-28T14:52:00.000Z";"2025-11-28T06:46:00.000Z";"2781";0.1687092834;0.1692307271;0.1686410539;0.1691344113;0;0;0;"2025-11-28T23:59:59.999Z"
"2025-11-27T00:00:00.000Z";"2025-11-27T23:59:59.999Z";"2025-11-27T05:03:00.000Z";"2025-11-27T14:31:00.000Z";"2781";0.1696783991;0.1709924313;0.169196643;0.1695851296;63.16;0;0;"2025-11-27T23:59:59.999Z"
"2025-11-26T00:00:00.000Z";"2025-11-26T23:59:59.999Z";"2025-11-26T10:22:00.000Z";"2025-11-26T17:53:00.000Z";"2781";0.1710446201;0.1710919865;0.1693332508;0.1696783991;0;0;0;"2025-11-26T23:59:59.999Z"
"2025-11-25T00:00:00.000Z";"2025-11-25T23:59:59.999Z";"2025-11-25T20:49:00.000Z";"2025-11-25T22:20:00.000Z";"2781";0.1696128652;0.1719383897;0.1658278655;0.1710446201;3.88;0;0;"2025-11-25T23:59:59.999Z"
"2025-11-24T00:00:00.000Z";"2025-11-24T23:59:59.999Z";"2025-11-24T03:14:00.000Z";"2025-11-24T23:32:00.000Z";"2781";0.1718030307;0.1759396081;0.1695398613;0.1696128652;453.03;0;0;"2025-11-24T23:59:59.999Z"
"2025-11-23T00:00:00.000Z";"2025-11-23T23:59:59.999Z";"2025-11-23T19:39:00.000Z";"2025-11-23T03:49:00.000Z";"2781";0.170493015;0.1720019995;0.1703511139;0.1718030307;0.63;0;0;"2025-11-23T23:59:59.999Z"
"2025-11-22T00:00:00.000Z";"2025-11-22T23:59:59.999Z";"2025-11-22T00:42:00.000Z";"2025-11-22T22:33:00.000Z";"2781";0.1743341867;0.1743341867;0.1698430023;0.170493015;0;0;0;"2025-11-22T23:59:59.999Z"
"2025-11-21T00:00:00.000Z";"2025-11-21T23:59:59.999Z";"2025-11-21T18:53:00.000Z";"2025-11-21T20:56:00.000Z";"2781";0.1742002922;0.1744908892;0.1735349253;0.1743341867;0;0;0;"2025-11-21T23:59:59.999Z"
"2025-11-20T00:00:00.000Z";"2025-11-20T23:59:59.999Z";"2025-11-20T12:55:00.000Z";"2025-11-20T00:06:00.000Z";"2781";0.1704887312;0.1753953908;0.1704823939;0.1742002922;157.74;0;0;"2025-11-20T23:59:59.999Z"
"2025-11-19T00:00:00.000Z";"2025-11-19T23:59:59.999Z";"2025-11-19T23:54:00.000Z";"2025-11-19T10:56:00.000Z";"2781";0.1657060899;0.1704887599;0.1656098466;0.1704887312;306.48;0;0;"2025-11-19T23:59:59.999Z"
"2025-11-18T00:00:00.000Z";"2025-11-18T23:59:59.999Z";"2025-11-18T09:46:00.000Z";"2025-11-18T23:57:00.000Z";"2781";0.170469609;0.1714906463;0.1657060899;0.1657060899;132.24;0;0;"2025-11-18T23:59:59.999Z"
"2025-11-17T00:00:00.000Z";"2025-11-17T23:59:59.999Z";"2025-11-17T13:23:00.000Z";"2025-11-17T22:49:00.000Z";"2781";0.1767360028;0.1772314641;0.1704512312;0.170469609;0;0;0;"2025-11-17T23:59:59.999Z"
"2025-11-16T00:00:00.000Z";"2025-11-16T23:59:59.999Z";"2025-11-16T00:20:00.000Z";"2025-11-16T23:42:00.000Z";"2781";0.1816474371;0.1816474371;0.1767360028;0.1767360028;154.89;0;0;"2025-11-16T23:59:59.999Z"
"2025-11-15T00:00:00.000Z";"2025-11-15T23:59:59.999Z";"2025-11-15T10:08:00.000Z";"2025-11-15T18:54:00.000Z";"2781";0.1817948458;0.1818797742;0.1807575873;0.1816474371;0;0;0;"2025-11-15T23:59:59.999Z"
"2025-11-14T00:00:00.000Z";"2025-11-14T23:59:59.999Z";"2025-11-14T03:58:00.000Z";"2025-11-14T19:11:00.000Z";"2781";0.1858236542;0.1858446098;0.1791971288;0.1817948458;0;0;0;"2025-11-14T23:59:59.999Z"
"2025-11-13T00:00:00.000Z";"2025-11-13T23:59:59.999Z";"2025-11-13T10:29:00.000Z";"2025-11-13T21:40:00.000Z";"2781";0.1886340341;0.1898697629;0.1847444089;0.1858236542;114.18;0;0;"2025-11-13T23:59:59.999Z"
"2025-11-12T00:00:00.000Z";"2025-11-12T23:59:59.999Z";"2025-11-12T06:26:00.000Z";"2025-11-12T04:25:00.000Z";"2781";0.1797805978;0.1887399765;0.179755834;0.1886340413;0;0;0;"2025-11-12T23:59:59.999Z"
"2025-11-11T00:00:00.000Z";"2025-11-11T23:59:59.999Z";"2025-11-11T04:18:00.000Z";"2025-11-11T00:46:00.000Z";"2781";0.1793901968;0.1856608086;0.1793901634;0.1797805978;693.23;0;0;"2025-11-11T23:59:59.999Z"
"2025-11-10T00:00:00.000Z";"2025-11-10T23:59:59.999Z";"2025-11-10T04:53:00.000Z";"2025-11-10T22:07:00.000Z";"2781";0.2143461987;0.2154627179;0.1788508495;0.1793901968;0;0;0;"2025-11-10T23:59:59.999Z"
"2025-11-09T00:00:00.000Z";"2025-11-09T23:59:59.999Z";"2025-11-09T08:54:00.000Z";"2025-11-09T22:40:00.000Z";"2781";0.2188946216;0.219822637;0.2143461987;0.2143461987;0;0;0;"2025-11-09T23:59:59.999Z"
"2025-11-08T00:00:00.000Z";"2025-11-08T23:59:59.999Z";"2025-11-08T13:48:00.000Z";"2025-11-08T00:58:00.000Z";"2781";0.2182129018;0.2200506497;0.2182129018;0.2188946216;0;0;0;"2025-11-08T23:59:59.999Z"
"2025-11-07T00:00:00.000Z";"2025-11-07T23:59:59.999Z";"2025-11-07T03:18:00.000Z";"2025-11-07T17:50:00.000Z";"2781";0.2184898937;0.2197792739;0.2175384608;0.2182129018;0;0;0;"2025-11-07T23:59:59.999Z"
"2025-11-06T00:00:00.000Z";"2025-11-06T23:59:59.999Z";"2025-11-06T18:42:00.000Z";"2025-11-06T07:25:00.000Z";"2781";0.2020765392;0.2221632517;0.1941618024;0.2184898937;0;0;0;"2025-11-06T23:59:59.999Z"
"2025-11-05T00:00:00.000Z";"2025-11-05T23:59:59.999Z";"2025-11-05T16:54:00.000Z";"2025-11-05T11:06:00.000Z";"2781";0.2012929576;0.2027560485;0.2009639449;0.2020765392;0;0;0;"2025-11-05T23:59:59.999Z"
"2025-11-04T00:00:00.000Z";"2025-11-04T23:59:59.999Z";"2025-11-04T11:47:00.000Z";"2025-11-04T19:17:00.000Z";"2781";0.2410329754;0.2415641914;0.2008528371;0.2012929576;0;0;0;"2025-11-04T23:59:59.999Z"
"2025-11-03T00:00:00.000Z";"2025-11-03T23:59:59.999Z";"2025-11-03T06:54:00.000Z";"2025-11-03T20:59:00.000Z";"2781";0.2427874712;0.2442519295;0.2397803621;0.2410329754;0;0;0;"2025-11-03T23:59:59.999Z"
"2025-11-02T00:00:00.000Z";"2025-11-02T23:59:59.999Z";"2025-11-02T02:50:00.000Z";"2025-11-02T23:41:00.000Z";"2781";0.2447841283;0.2449561116;0.2427657452;0.2427874712;0;0;0;"2025-11-02T23:59:59.999Z"
"2025-11-01T00:00:00.000Z";"2025-11-01T23:59:59.999Z";"2025-11-01T08:35:00.000Z";"2025-11-01T23:22:00.000Z";"2781";0.2525755181;0.2534047704;0.244166713;0.2447841283;437.59;0;0;"2025-11-01T23:59:59.999Z"
"2025-10-31T00:00:00.000Z";"2025-10-31T23:59:59.999Z";"2025-10-31T17:33:00.000Z";"2025-10-31T02:46:00.000Z";"2781";0.2510324501;0.252710817;0.2505752913;0.2525755181;0;0;0;"2025-10-31T23:59:59.999Z"
"2025-10-30T00:00:00.000Z";"2025-10-30T23:59:59.999Z";"2025-10-30T03:01:00.000Z";"2025-10-30T12:31:00.000Z";"2781";0.2499333182;0.2549964296;0.2377978343;0.2510324501;0;0;0;"2025-10-30T23:59:59.999Z"
"2025-10-29T00:00:00.000Z";"2025-10-29T23:59:59.999Z";"2025-10-29T23:09:00.000Z";"2025-10-29T12:46:00.000Z";"2781";0.2505131305;0.2515874401;0.2481588836;0.2499333182;210.29;0;0;"2025-10-29T23:59:59.999Z"
"2025-10-28T00:00:00.000Z";"2025-10-28T23:59:59.999Z";"2025-10-28T04:55:00.000Z";"2025-10-28T15:58:00.000Z";"2781";0.2511043877;0.2546837293;0.2459400775;0.2505131305;0;0;0;"2025-10-28T23:59:59.999Z"
"2025-10-27T00:00:00.000Z";"2025-10-27T23:59:59.999Z";"2025-10-27T21:48:00.000Z";"2025-10-27T23:59:00.000Z";"2781";0.2520828818;0.2544559179;0.2511043877;0.2511043877;944.77;0;0;"2025-10-27T23:59:59.999Z"
"2025-10-26T00:00:00.000Z";"2025-10-26T23:59:59.999Z";"2025-10-26T12:33:00.000Z";"2025-10-26T00:32:00.000Z";"2781";0.2474753602;0.2524713258;0.2474753602;0.2520828818;0;0;0;"2025-10-26T23:59:59.999Z"
"2025-10-25T00:00:00.000Z";"2025-10-25T23:59:59.999Z";"2025-10-25T07:28:00.000Z";"2025-10-25T14:00:00.000Z";"2781";0.2683976476;0.2691796672;0.2460889986;0.2474753602;0;0;0;"2025-10-25T23:59:59.999Z"
"2025-10-24T00:00:00.000Z";"2025-10-24T23:59:59.999Z";"2025-10-24T00:32:00.000Z";"2025-10-24T17:27:00.000Z";"2781";0.2698406713;0.2698407502;0.2666377032;0.2683976476;0;0;0;"2025-10-24T23:59:59.999Z"
"2025-10-23T00:00:00.000Z";"2025-10-23T23:59:59.999Z";"2025-10-23T10:26:00.000Z";"2025-10-23T04:35:00.000Z";"2781";0.2666304459;0.2703051631;0.2545710163;0.2698406713;0;0;0;"2025-10-23T23:59:59.999Z"
"2025-10-22T00:00:00.000Z";"2025-10-22T23:59:59.999Z";"2025-10-22T04:12:00.000Z";"2025-10-22T23:07:00.000Z";"2781";0.28473553;0.2851380786;0.2645885722;0.2666304459;1339.39;0;0;"2025-10-22T23:59:59.999Z"
"2025-10-21T00:00:00.000Z";"2025-10-21T23:59:59.999Z";"2025-10-21T09:22:00.000Z";"2025-10-21T09:08:00.000Z";"2781";0.2891767216;0.2897396849;0.2833526777;0.28473553;391.31;0;0;"2025-10-21T23:59:59.999Z"
"2025-10-20T00:00:00.000Z";"2025-10-20T23:59:59.999Z";"2025-10-20T00:23:00.000Z";"2025-10-20T20:31:00.000Z";"2781";0.2966280883;0.2966280883;0.2884954699;0.2891767216;0;0;0;"2025-10-20T23:59:59.999Z"
"2025-10-19T00:00:00.000Z";"2025-10-19T23:59:59.999Z";"2025-10-19T19:49:00.000Z";"2025-10-19T15:53:00.000Z";"2781";0.2945588273;0.2966280883;0.2945078623;0.2966280883;0;0;0;"2025-10-19T23:59:59.999Z"
"2025-10-18T00:00:00.000Z";"2025-10-18T23:59:59.999Z";"2025-10-18T21:13:00.000Z";"2025-10-18T16:01:00.000Z";"2781";0.2923323453;0.2945691412;0.2909397704;0.2945588273;0;0;0;"2025-10-18T23:59:59.999Z"
"2025-10-17T00:00:00.000Z";"2025-10-17T23:59:59.999Z";"2025-10-17T03:57:00.000Z";"2025-10-17T16:51:00.000Z";"2781";0.2994301157;0.3001780352;0.2920854793;0.2923323453;0;0;0;"2025-10-17T23:59:59.999Z"
"2025-10-16T00:00:00.000Z";"2025-10-16T23:59:59.999Z";"2025-10-16T15:22:00.000Z";"2025-10-16T23:29:00.000Z";"2781";0.3142492096;0.3179983445;0.2994181049;0.2994301157;921.32;0;0;"2025-10-16T23:59:59.999Z"
"2025-10-15T00:00:00.000Z";"2025-10-15T23:59:59.999Z";"2025-10-15T03:55:00.000Z";"2025-10-15T22:51:00.000Z";"2781";0.345683067;0.345804273;0.3142484003;0.3142492096;0;0;0;"2025-10-15T23:59:59.999Z"
"2025-10-14T00:00:00.000Z";"2025-10-14T23:59:59.999Z";"2025-10-14T00:18:00.000Z";"2025-10-14T16:18:00.000Z";"2781";0.3698240362;0.3698240362;0.3218235041;0.345683067;6236.43;0;0;"2025-10-14T23:59:59.999Z"
"2025-10-13T00:00:00.000Z";"2025-10-13T23:59:59.999Z";"2025-10-13T21:09:00.000Z";"2025-10-13T00:07:00.000Z";"2781";0.2796094519;0.3785719351;0.2796094519;0.3698240362;8375.02;0;0;"2025-10-13T23:59:59.999Z"
"2025-10-12T00:00:00.000Z";"2025-10-12T23:59:59.999Z";"2025-10-12T22:35:00.000Z";"2025-10-12T00:17:00.000Z";"2781";0.2661271212;0.2796434916;0.2661205641;0.2796094519;0;0;0;"2025-10-12T23:59:59.999Z"
"2025-10-11T00:00:00.000Z";"2025-10-11T23:59:59.999Z";"2025-10-11T00:51:00.000Z";"2025-10-11T23:58:00.000Z";"2781";0.2698416026;0.270432911;0.2661271212;0.2661271212;0;0;0;"2025-10-11T23:59:59.999Z"
"2025-10-10T00:00:00.000Z";"2025-10-10T23:59:59.999Z";"2025-10-10T21:55:00.000Z";"2025-10-10T17:54:00.000Z";"2781";0.2573596452;0.2709132739;0.2524727833;0.2698416026;629.35;0;0;"2025-10-10T23:59:59.999Z"
"2025-10-09T00:00:00.000Z";"2025-10-09T23:59:59.999Z";"2025-10-09T01:18:00.000Z";"2025-10-09T14:23:00.000Z";"2781";0.2620132981;0.2620302331;0.2569655197;0.2573596452;187.71;0;0;"2025-10-09T23:59:59.999Z"
"2025-10-08T00:00:00.000Z";"2025-10-08T23:59:59.999Z";"2025-10-08T00:30:00.000Z";"2025-10-08T13:51:00.000Z";"2781";0.2628991604;0.2628991604;0.2618500713;0.2620132981;0;0;0;"2025-10-08T23:59:59.999Z"
"2025-10-07T00:00:00.000Z";"2025-10-07T23:59:59.999Z";"2025-10-07T03:46:00.000Z";"2025-10-07T20:25:00.000Z";"2781";0.2677097744;0.2704776214;0.2628985635;0.2628991604;0;0;0;"2025-10-07T23:59:59.999Z"
"2025-10-06T00:00:00.000Z";"2025-10-06T23:59:59.999Z";"2025-10-06T17:22:00.000Z";"2025-10-06T03:54:00.000Z";"2781";0.2643108265;0.2678472364;0.2641313363;0.2677097744;0;0;0;"2025-10-06T23:59:59.999Z"
"2025-10-05T00:00:00.000Z";"2025-10-05T23:59:59.999Z";"2025-10-05T22:16:00.000Z";"2025-10-05T00:14:00.000Z";"2781";0.2584187627;0.2644639089;0.2584187627;0.2643108265;158.34;0;0;"2025-10-05T23:59:59.999Z"
"2025-10-04T00:00:00.000Z";"2025-10-04T23:59:59.999Z";"2025-10-04T04:49:00.000Z";"2025-10-04T12:17:00.000Z";"2781";0.2588918337;0.2601247365;0.2579876796;0.2584187627;0;0;0;"2025-10-04T23:59:59.999Z"
"2025-10-03T00:00:00.000Z";"2025-10-03T23:59:59.999Z";"2025-10-03T05:25:00.000Z";"2025-10-03T00:01:00.000Z";"2781";0.2582490022;0.2592064691;0.2582490022;0.2588918337;0;0;0;"2025-10-03T23:59:59.999Z"
"2025-10-02T00:00:00.000Z";"2025-10-02T23:59:59.999Z";"2025-10-02T00:01:00.000Z";"2025-10-02T11:50:00.000Z";"2781";0.2591851778;0.2592006503;0.2577597245;0.2582490022;0;0;0;"2025-10-02T23:59:59.999Z"
"2025-10-01T00:00:00.000Z";"2025-10-01T23:59:59.999Z";"2025-10-01T10:59:00.000Z";"2025-10-01T16:13:00.000Z";"2781";0.2717243184;0.273524503;0.2583578963;0.2591851778;1103.1;0;0;"2025-10-01T23:59:59.999Z"
"2025-09-30T00:00:00.000Z";"2025-09-30T23:59:59.999Z";"2025-09-30T07:32:00.000Z";"2025-09-30T01:32:00.000Z";"2781";0.2675432909;0.3002801183;0.2670551796;0.2717243184;1126.87;0;0;"2025-09-30T23:59:59.999Z"
"2025-09-29T00:00:00.000Z";"2025-09-29T23:59:59.999Z";"2025-09-29T23:44:00.000Z";"2025-09-29T08:56:00.000Z";"2781";0.2232857565;0.2675459921;0.2230993717;0.2675432909;1116.86;0;0;"2025-09-29T23:59:59.999Z"
"2025-09-28T00:00:00.000Z";"2025-09-28T23:59:59.999Z";"2025-09-28T14:36:00.000Z";"2025-09-28T11:39:00.000Z";"2781";0.2231058704;0.2234535538;0.2216991205;0.2232857565;0;0;0;"2025-09-28T23:59:59.999Z"
"2025-09-27T00:00:00.000Z";"2025-09-27T23:59:59.999Z";"2025-09-27T23:34:00.000Z";"2025-09-27T00:06:00.000Z";"2781";0.2176966861;0.2231310873;0.2176966861;0.2231058704;65.67;0;0;"2025-09-27T23:59:59.999Z"
"2025-09-26T00:00:00.000Z";"2025-09-26T23:59:59.999Z";"2025-09-26T23:34:00.000Z";"2025-09-26T02:16:00.000Z";"2781";0.2150328985;0.217697881;0.2143603644;0.2176966861;71.27;0;0;"2025-09-26T23:59:59.999Z"
"2025-09-25T00:00:00.000Z";"2025-09-25T23:59:59.999Z";"2025-09-25T16:21:00.000Z";"2025-09-25T01:39:00.000Z";"2781";0.2000379254;0.2155624848;0.2000264479;0.2150328985;0;0;0;"2025-09-25T23:59:59.999Z"
"2025-09-24T00:00:00.000Z";"2025-09-24T23:59:59.999Z";"2025-09-24T19:54:00.000Z";"2025-09-24T12:58:00.000Z";"2781";0.1976322662;0.2006199954;0.1975219601;0.2000379254;0;0;0;"2025-09-24T23:59:59.999Z"
"2025-09-23T00:00:00.000Z";"2025-09-23T23:59:59.999Z";"2025-09-23T16:47:00.000Z";"2025-09-23T00:01:00.000Z";"2781";0.1968247185;0.1977985994;0.1968247185;0.1976322662;0;0;0;"2025-09-23T23:59:59.999Z"
"2025-09-22T00:00:00.000Z";"2025-09-22T23:59:59.999Z";"2025-09-22T21:56:00.000Z";"2025-09-22T09:40:00.000Z";"2781";0.1968004441;0.1968447596;0.1936427605;0.1968247185;0;0;0;"2025-09-22T23:59:59.999Z"
"2025-09-21T00:00:00.000Z";"2025-09-21T23:59:59.999Z";"2025-09-21T23:58:00.000Z";"2025-09-21T00:02:00.000Z";"2781";0.1957461816;0.1968004441;0.1957461816;0.1968004441;0;0;0;"2025-09-21T23:59:59.999Z"
"2025-09-20T00:00:00.000Z";"2025-09-20T23:59:59.999Z";"2025-09-20T21:57:00.000Z";"2025-09-20T13:41:00.000Z";"2781";0.182219082;0.1957778563;0.1820999936;0.1957461816;347.12;0;0;"2025-09-20T23:59:59.999Z"
"2025-09-19T00:00:00.000Z";"2025-09-19T23:59:59.999Z";"2025-09-19T20:23:00.000Z";"2025-09-19T02:37:00.000Z";"2781";0.1713330372;0.1829365385;0.1713330369;0.182219082;691.73;0;0;"2025-09-19T23:59:59.999Z"
"2025-09-18T00:00:00.000Z";"2025-09-18T23:59:59.999Z";"2025-09-18T22:56:00.000Z";"2025-09-18T17:55:00.000Z";"2781";0.1688891711;0.1713330372;0.1683720936;0.1713330372;0;0;0;"2025-09-18T23:59:59.999Z"
"2025-09-17T00:00:00.000Z";"2025-09-17T23:59:59.999Z";"2025-09-17T17:42:00.000Z";"2025-09-17T09:53:00.000Z";"2781";0.1676505635;0.1692185731;0.1671177652;0.1688891711;0;0;0;"2025-09-17T23:59:59.999Z"
"2025-09-16T00:00:00.000Z";"2025-09-16T23:59:59.999Z";"2025-09-16T21:43:00.000Z";"2025-09-16T14:28:00.000Z";"2781";0.1676755969;0.1676971841;0.167453466;0.1676505635;0;0;0;"2025-09-16T23:59:59.999Z"
"2025-09-15T00:00:00.000Z";"2025-09-15T23:59:59.999Z";"2025-09-15T20:43:00.000Z";"2025-09-15T00:26:00.000Z";"2781";0.1633512774;0.1688466224;0.1633512774;0.1676755969;0;0;0;"2025-09-15T23:59:59.999Z"
"2025-09-14T00:00:00.000Z";"2025-09-14T23:59:59.999Z";"2025-09-14T03:13:00.000Z";"2025-09-14T10:52:00.000Z";"2781";0.163716361;0.1639081455;0.1632872226;0.1633512774;0;0;0;"2025-09-14T23:59:59.999Z"
"2025-09-13T00:00:00.000Z";"2025-09-13T23:59:59.999Z";"2025-09-13T22:27:00.000Z";"2025-09-13T02:52:00.000Z";"2781";0.1628206809;0.163716361;0.1628205217;0.163716361;0;0;0;"2025-09-13T23:59:59.999Z"
"2025-09-12T00:00:00.000Z";"2025-09-12T23:59:59.999Z";"2025-09-12T15:19:00.000Z";"2025-09-12T17:45:00.000Z";"2781";0.1641300746;0.1647583857;0.1621808916;0.1628206809;0;0;0;"2025-09-12T23:59:59.999Z"
"2025-09-11T00:00:00.000Z";"2025-09-11T23:59:59.999Z";"2025-09-11T07:30:00.000Z";"2025-09-11T10:49:00.000Z";"2781";0.179752835;0.1812331034;0.1592903113;0.1641300746;0;0;0;"2025-09-11T23:59:59.999Z"
"2025-09-10T00:00:00.000Z";"2025-09-10T23:59:59.999Z";"2025-09-10T13:12:00.000Z";"2025-09-10T13:22:00.000Z";"2781";0.2073083332;0.2073512388;0.1776368315;0.179752835;0;0;0;"2025-09-10T23:59:59.999Z"
"2025-09-09T00:00:00.000Z";"2025-09-09T23:59:59.999Z";"2025-09-09T11:33:00.000Z";"2025-09-09T21:29:00.000Z";"2781";0.2085418893;0.2091998673;0.2068646772;0.2073083332;0;0;0;"2025-09-09T23:59:59.999Z"
"2025-09-08T00:00:00.000Z";"2025-09-08T23:59:59.999Z";"2025-09-08T16:50:00.000Z";"2025-09-08T08:36:00.000Z";"2781";0.2080453982;0.2086284474;0.2078494649;0.2085418893;0;0;0;"2025-09-08T23:59:59.999Z"
"2025-09-07T00:00:00.000Z";"2025-09-07T23:59:59.999Z";"2025-09-07T22:58:00.000Z";"2025-09-07T17:44:00.000Z";"2781";0.2077378197;0.2080453982;0.207660901;0.2080453982;0;0;0;"2025-09-07T23:59:59.999Z"
"2025-09-06T00:00:00.000Z";"2025-09-06T23:59:59.999Z";"2025-09-06T03:25:00.000Z";"2025-09-06T00:29:00.000Z";"2781";0.2074160246;0.2087752479;0.2073600612;0.2077378197;0;0;0;"2025-09-06T23:59:59.999Z"
"2025-09-05T00:00:00.000Z";"2025-09-05T23:59:59.999Z";"2025-09-05T08:55:00.000Z";"2025-09-05T16:29:00.000Z";"2781";0.2080576774;0.2094131643;0.2069603664;0.2074160246;0;0;0;"2025-09-05T23:59:59.999Z"
"2025-09-04T00:00:00.000Z";"2025-09-04T23:59:59.999Z";"2025-09-04T03:08:00.000Z";"2025-09-04T17:15:00.000Z";"2781";0.2081358018;0.2081522464;0.2077344122;0.2080576774;0;0;0;"2025-09-04T23:59:59.999Z"
"2025-09-03T00:00:00.000Z";"2025-09-03T23:59:59.999Z";"2025-09-03T20:59:00.000Z";"2025-09-03T00:00:00.000Z";"2781";0.1968405804;0.2081491287;0.1968405804;0.2081358018;0;0;0;"2025-09-03T23:59:59.999Z"
"2025-09-02T00:00:00.000Z";"2025-09-02T23:59:59.999Z";"2025-09-02T04:29:00.000Z";"2025-09-02T02:55:00.000Z";"2781";0.1969196072;0.1971589307;0.1963538148;0.1968405804;0;0;0;"2025-09-02T23:59:59.999Z"
"2025-09-01T00:00:00.000Z";"2025-09-01T23:59:59.999Z";"2025-09-01T02:01:00.000Z";"2025-09-01T19:17:00.000Z";"2781";0.198233037;0.1982996299;0.196773821;0.1969196072;0;0;0;"2025-09-01T23:59:59.999Z"
"2025-08-31T00:00:00.000Z";"2025-08-31T23:59:59.999Z";"2025-08-31T04:55:00.000Z";"2025-08-31T22:12:00.000Z";"2781";0.2022704534;0.2027398045;0.1982274206;0.198233037;0;0;0;"2025-08-31T23:59:59.999Z"
"2025-08-30T00:00:00.000Z";"2025-08-30T23:59:59.999Z";"2025-08-30T17:59:00.000Z";"2025-08-30T21:06:00.000Z";"2781";0.202194456;0.202968697;0.2016704842;0.2022704534;0;0;0;"2025-08-30T23:59:59.999Z"
"2025-08-29T00:00:00.000Z";"2025-08-29T23:59:59.999Z";"2025-08-29T03:41:00.000Z";"2025-08-29T20:39:00.000Z";"2781";0.2127999483;0.2128807175;0.2021602086;0.202194456;0;0;0;"2025-08-29T23:59:59.999Z"
"2025-08-28T00:00:00.000Z";"2025-08-28T23:59:59.999Z";"2025-08-28T22:21:00.000Z";"2025-08-28T22:24:00.000Z";"2781";0.2146955934;0.2155701027;0.2121486515;0.2127999483;0;0;0;"2025-08-28T23:59:59.999Z"
"2025-08-27T00:00:00.000Z";"2025-08-27T23:59:59.999Z";"2025-08-27T23:28:00.000Z";"2025-08-27T01:37:00.000Z";"2781";0.2133962028;0.2146955934;0.2130535467;0.2146955934;0;0;0;"2025-08-27T23:59:59.999Z"
"2025-08-26T00:00:00.000Z";"2025-08-26T23:59:59.999Z";"2025-08-26T00:25:00.000Z";"2025-08-26T17:54:00.000Z";"2781";0.2156254941;0.2156254941;0.2132467597;0.2133962028;65.18;0;0;"2025-08-26T23:59:59.999Z"
"2025-08-25T00:00:00.000Z";"2025-08-25T23:59:59.999Z";"2025-08-25T15:12:00.000Z";"2025-08-25T23:45:00.000Z";"2781";0.2198813752;0.2246890895;0.2156254941;0.2156254941;886.19;0;0;"2025-08-25T23:59:59.999Z"
"2025-08-24T00:00:00.000Z";"2025-08-24T23:59:59.999Z";"2025-08-24T19:40:00.000Z";"2025-08-24T11:19:00.000Z";"2781";0.2186486223;0.2207219397;0.2177874579;0.2198813752;67.55;0;0;"2025-08-24T23:59:59.999Z"
"2025-08-23T00:00:00.000Z";"2025-08-23T23:59:59.999Z";"2025-08-23T05:55:00.000Z";"2025-08-23T14:54:00.000Z";"2781";0.219892726;0.2199464423;0.2182180196;0.2186486223;0;0;0;"2025-08-23T23:59:59.999Z"
"2025-08-22T00:00:00.000Z";"2025-08-22T23:59:59.999Z";"2025-08-22T21:18:00.000Z";"2025-08-22T00:42:00.000Z";"2781";0.185904348;0.2198993621;0.185904348;0.219892726;0;0;0;"2025-08-22T23:59:59.999Z"
"2025-08-21T00:00:00.000Z";"2025-08-21T23:59:59.999Z";"2025-08-21T00:41:00.000Z";"2025-08-21T19:52:00.000Z";"2781";0.1879190379;0.1879230747;0.1858484753;0.185904348;0;0;0;"2025-08-21T23:59:59.999Z"
"2025-08-20T00:00:00.000Z";"2025-08-20T23:59:59.999Z";"2025-08-20T18:49:00.000Z";"2025-08-20T19:25:00.000Z";"2781";0.1899414453;0.1926588454;0.1879125118;0.1879190379;0;0;0;"2025-08-20T23:59:59.999Z"
"2025-08-19T00:00:00.000Z";"2025-08-19T23:59:59.999Z";"2025-08-19T07:16:00.000Z";"2025-08-19T22:41:00.000Z";"2781";0.1908431539;0.1912686328;0.1890380977;0.1899414453;8.33;0;0;"2025-08-19T23:59:59.999Z"
"2025-08-18T00:00:00.000Z";"2025-08-18T23:59:59.999Z";"2025-08-18T01:42:00.000Z";"2025-08-18T07:12:00.000Z";"2781";0.19069344;0.1919183514;0.1902827735;0.1908431539;0;0;0;"2025-08-18T23:59:59.999Z"
"2025-08-17T00:00:00.000Z";"2025-08-17T23:59:59.999Z";"2025-08-17T14:48:00.000Z";"2025-08-17T00:03:00.000Z";"2781";0.1895755657;0.1911417245;0.1895755657;0.19069344;0;0;0;"2025-08-17T23:59:59.999Z"
"2025-08-16T00:00:00.000Z";"2025-08-16T23:59:59.999Z";"2025-08-16T22:22:00.000Z";"2025-08-16T22:55:00.000Z";"2781";0.1896262865;0.1897527943;0.1892455307;0.1895755657;45.73;0;0;"2025-08-16T23:59:59.999Z"
"2025-08-15T00:00:00.000Z";"2025-08-15T23:59:59.999Z";"2025-08-15T10:28:00.000Z";"2025-08-15T22:37:00.000Z";"2781";0.1916004125;0.1920339561;0.1896146397;0.1896262865;0;0;0;"2025-08-15T23:59:59.999Z"
"2025-08-14T00:00:00.000Z";"2025-08-14T23:59:59.999Z";"2025-08-14T00:41:00.000Z";"2025-08-14T17:09:00.000Z";"2781";0.1946544148;0.1948578032;0.1895262182;0.1916004125;314.76;0;0;"2025-08-14T23:59:59.999Z"
"2025-08-13T00:00:00.000Z";"2025-08-13T23:59:59.999Z";"2025-08-13T14:13:00.000Z";"2025-08-13T02:39:00.000Z";"2781";0.1930167183;0.1947506192;0.1930069609;0.1946544148;0;0;0;"2025-08-13T23:59:59.999Z"
"2025-08-12T00:00:00.000Z";"2025-08-12T23:59:59.999Z";"2025-08-12T23:42:00.000Z";"2025-08-12T10:43:00.000Z";"2781";0.1929064572;0.1930175211;0.1922633016;0.1930167183;0;0;0;"2025-08-12T23:59:59.999Z"
"2025-08-11T00:00:00.000Z";"2025-08-11T23:59:59.999Z";"2025-08-11T07:45:00.000Z";"2025-08-11T23:10:00.000Z";"2781";0.1933669632;0.1958583625;0.1928627939;0.1929064572;495.64;0;0;"2025-08-11T23:59:59.999Z"
"2025-08-10T00:00:00.000Z";"2025-08-10T23:59:59.999Z";"2025-08-10T23:24:00.000Z";"2025-08-10T00:18:00.000Z";"2781";0.1784842029;0.193402144;0.1784842029;0.1933669632;781.05;0;0;"2025-08-10T23:59:59.999Z"
"2025-08-09T00:00:00.000Z";"2025-08-09T23:59:59.999Z";"2025-08-09T03:29:00.000Z";"2025-08-09T03:59:00.000Z";"2781";0.1785401882;0.1785875798;0.1730518502;0.1784842029;0;0;0;"2025-08-09T23:59:59.999Z"
"2025-08-08T00:00:00.000Z";"2025-08-08T23:59:59.999Z";"2025-08-08T16:13:00.000Z";"2025-08-08T07:49:00.000Z";"2781";0.1720979169;0.1820117396;0.1697607381;0.1785401882;0;0;0;"2025-08-08T23:59:59.999Z"
"2025-08-07T00:00:00.000Z";"2025-08-07T23:59:59.999Z";"2025-08-07T07:45:00.000Z";"2025-08-07T00:06:00.000Z";"2781";0.1718024969;0.1722884299;0.1718024969;0.1720979169;8.5;0;0;"2025-08-07T23:59:59.999Z"
"2025-08-06T00:00:00.000Z";"2025-08-06T23:59:59.999Z";"2025-08-06T02:31:00.000Z";"2025-08-06T05:40:00.000Z";"2781";0.1731209707;0.1731223409;0.1714586572;0.1718024969;0;0;0;"2025-08-06T23:59:59.999Z"
"2025-08-05T00:00:00.000Z";"2025-08-05T23:59:59.999Z";"2025-08-05T06:58:00.000Z";"2025-08-05T00:20:00.000Z";"2781";0.1586123773;0.1743224617;0.1586123773;0.1731209707;0;0;0;"2025-08-05T23:59:59.999Z"
"2025-08-04T00:00:00.000Z";"2025-08-04T23:59:59.999Z";"2025-08-04T11:23:00.000Z";"2025-08-04T17:08:00.000Z";"2781";0.1583867063;0.1590323957;0.1583695612;0.1586123773;0;0;0;"2025-08-04T23:59:59.999Z"
"2025-08-03T00:00:00.000Z";"2025-08-03T23:59:59.999Z";"2025-08-03T02:31:00.000Z";"2025-08-03T02:54:00.000Z";"2781";0.1584782994;0.1584926685;0.1583294781;0.1583867063;0;0;0;"2025-08-03T23:59:59.999Z"
"2025-08-02T00:00:00.000Z";"2025-08-02T23:59:59.999Z";"2025-08-02T00:59:00.000Z";"2025-08-02T07:59:00.000Z";"2781";0.1600292479;0.1600488604;0.1582907831;0.1584782994;53.91;0;0;"2025-08-02T23:59:59.999Z"
"2025-08-01T00:00:00.000Z";"2025-08-01T23:59:59.999Z";"2025-08-01T07:15:00.000Z";"2025-08-01T20:58:00.000Z";"2781";0.1606186822;0.1607568403;0.1599401344;0.1600292479;72.17;0;0;"2025-08-01T23:59:59.999Z"
"2025-07-31T00:00:00.000Z";"2025-07-31T23:59:59.999Z";"2025-07-31T19:57:00.000Z";"2025-07-31T00:28:00.000Z";"2781";0.1576165693;0.1606677261;0.1576165693;0.1606186822;0;0;0;"2025-07-31T23:59:59.999Z"
"2025-07-30T00:00:00.000Z";"2025-07-30T23:59:59.999Z";"2025-07-30T21:57:00.000Z";"2025-07-30T23:56:00.000Z";"2781";0.1579163809;0.1582042204;0.1576165693;0.1576165693;1.01;0;0;"2025-07-30T23:59:59.999Z"
"2025-07-29T00:00:00.000Z";"2025-07-29T23:59:59.999Z";"2025-07-29T11:07:00.000Z";"2025-07-29T21:10:00.000Z";"2781";0.1593618687;0.161134367;0.1575097402;0.1579163809;0;0;0;"2025-07-29T23:59:59.999Z"
"2025-07-28T00:00:00.000Z";"2025-07-28T23:59:59.999Z";"2025-07-28T00:57:00.000Z";"2025-07-28T23:16:00.000Z";"2781";0.1699517608;0.1703353303;0.1588677803;0.1593618687;679.79;0;0;"2025-07-28T23:59:59.999Z"
"2025-07-27T00:00:00.000Z";"2025-07-27T23:59:59.999Z";"2025-07-27T12:37:00.000Z";"2025-07-27T02:13:00.000Z";"2781";0.1693223973;0.1704985779;0.1693161396;0.1699517608;0;0;0;"2025-07-27T23:59:59.999Z"
"2025-07-26T00:00:00.000Z";"2025-07-26T23:59:59.999Z";"2025-07-26T22:36:00.000Z";"2025-07-26T15:45:00.000Z";"2781";0.1654805721;0.1693227112;0.1632947492;0.1693223973;0;0;0;"2025-07-26T23:59:59.999Z"
"2025-07-25T00:00:00.000Z";"2025-07-25T23:59:59.999Z";"2025-07-25T21:23:00.000Z";"2025-07-25T09:23:00.000Z";"2781";0.1634327842;0.1654814057;0.1634165628;0.1654805721;0;0;0;"2025-07-25T23:59:59.999Z"
"2025-07-24T00:00:00.000Z";"2025-07-24T23:59:59.999Z";"2025-07-24T09:44:00.000Z";"2025-07-24T23:49:00.000Z";"2781";0.1661576702;0.1669325027;0.1634311542;0.1634327842;99.09;0;0;"2025-07-24T23:59:59.999Z"
"2025-07-23T00:00:00.000Z";"2025-07-23T23:59:59.999Z";"2025-07-23T04:54:00.000Z";"2025-07-23T21:39:00.000Z";"2781";0.1708065657;0.1708261217;0.1661095798;0.1661576702;0;0;0;"2025-07-23T23:59:59.999Z"
"2025-07-22T00:00:00.000Z";"2025-07-22T23:59:59.999Z";"2025-07-22T14:52:00.000Z";"2025-07-22T16:28:00.000Z";"2781";0.1655638917;0.1746344377;0.1607607714;0.1708065657;0;0;0;"2025-07-22T23:59:59.999Z"
"2025-07-21T00:00:00.000Z";"2025-07-21T23:59:59.999Z";"2025-07-21T09:56:00.000Z";"2025-07-21T02:09:00.000Z";"2781";0.163771164;0.1664251513;0.1637336528;0.1655638917;0;0;0;"2025-07-21T23:59:59.999Z"
"2025-07-20T00:00:00.000Z";"2025-07-20T23:59:59.999Z";"2025-07-20T20:42:00.000Z";"2025-07-20T00:40:00.000Z";"2781";0.1586483585;0.1647413005;0.1586483585;0.163771164;0;0;0;"2025-07-20T23:59:59.999Z"
"2025-07-19T00:00:00.000Z";"2025-07-19T23:59:59.999Z";"2025-07-19T01:29:00.000Z";"2025-07-19T02:59:00.000Z";"2781";0.1591104895;0.1593207546;0.1585046376;0.1586483585;0;0;0;"2025-07-19T23:59:59.999Z"
"2025-07-18T00:00:00.000Z";"2025-07-18T23:59:59.999Z";"2025-07-18T22:16:00.000Z";"2025-07-18T00:25:00.000Z";"2781";0.1567557581;0.1591104895;0.1567557581;0.1591104895;0;0;0;"2025-07-18T23:59:59.999Z"
"2025-07-17T00:00:00.000Z";"2025-07-17T23:59:59.999Z";"2025-07-17T11:27:00.000Z";"2025-07-17T16:39:00.000Z";"2781";0.1574675508;0.1584588888;0.156453209;0.1567557581;0;0;0;"2025-07-17T23:59:59.999Z"
"2025-07-16T00:00:00.000Z";"2025-07-16T23:59:59.999Z";"2025-07-16T15:35:00.000Z";"2025-07-16T18:52:00.000Z";"2781";0.158301763;0.1590994875;0.1566011761;0.1574675508;0;0;0;"2025-07-16T23:59:59.999Z"
"2025-07-15T00:00:00.000Z";"2025-07-15T23:59:59.999Z";"2025-07-15T01:57:00.000Z";"2025-07-15T15:56:00.000Z";"2781";0.1603009828;0.1604373762;0.1581657625;0.158301763;12.98;0;0;"2025-07-15T23:59:59.999Z"
"2025-07-14T00:00:00.000Z";"2025-07-14T23:59:59.999Z";"2025-07-14T05:04:00.000Z";"2025-07-14T01:30:00.000Z";"2781";0.1602520462;0.1617579405;0.1600653715;0.1603009828;0;0;0;"2025-07-14T23:59:59.999Z"
"2025-07-13T00:00:00.000Z";"2025-07-13T23:59:59.999Z";"2025-07-13T18:17:00.000Z";"2025-07-13T18:41:00.000Z";"2781";0.1693458617;0.174366089;0.1552314013;0.1602520462;0;0;0;"2025-07-13T23:59:59.999Z"
"2025-07-12T00:00:00.000Z";"2025-07-12T23:59:59.999Z";"2025-07-12T18:59:00.000Z";"2025-07-12T20:58:00.000Z";"2781";0.1722949527;0.1730061295;0.169339521;0.1693458617;0;0;0;"2025-07-12T23:59:59.999Z"
"2025-07-11T00:00:00.000Z";"2025-07-11T23:59:59.999Z";"2025-07-11T22:28:00.000Z";"2025-07-11T03:41:00.000Z";"2781";0.1705338127;0.1723105746;0.1700976089;0.1722949527;0;0;0;"2025-07-11T23:59:59.999Z"
"2025-07-10T00:00:00.000Z";"2025-07-10T23:59:59.999Z";"2025-07-10T23:47:00.000Z";"2025-07-10T21:27:00.000Z";"2781";0.1660752741;0.1705349119;0.1636379432;0.1705338127;321.55;0;0;"2025-07-10T23:59:59.999Z"
"2025-07-09T00:00:00.000Z";"2025-07-09T23:59:59.999Z";"2025-07-09T20:44:00.000Z";"2025-07-09T04:26:00.000Z";"2781";0.1623671134;0.1661219887;0.1622959746;0.1660752741;0;0;0;"2025-07-09T23:59:59.999Z"
"2025-07-08T00:00:00.000Z";"2025-07-08T23:59:59.999Z";"2025-07-08T00:52:00.000Z";"2025-07-08T04:55:00.000Z";"2781";0.1648015029;0.1648959347;0.1617246768;0.1623671134;147.34;0;0;"2025-07-08T23:59:59.999Z"
"2025-07-07T00:00:00.000Z";"2025-07-07T23:59:59.999Z";"2025-07-07T00:12:00.000Z";"2025-07-07T00:00:00.000Z";"2781";0.1641213501;0.1655058148;0.1641213501;0.1648015029;0;0;0;"2025-07-07T23:59:59.999Z"
"2025-07-06T00:00:00.000Z";"2025-07-06T23:59:59.999Z";"2025-07-06T20:07:00.000Z";"2025-07-06T10:41:00.000Z";"2781";0.1629185428;0.1642300093;0.1622619105;0.1641213501;0;0;0;"2025-07-06T23:59:59.999Z"
"2025-07-05T00:00:00.000Z";"2025-07-05T23:59:59.999Z";"2025-07-05T23:50:00.000Z";"2025-07-05T20:47:00.000Z";"2781";0.1625288704;0.1629185428;0.1624940527;0.1629185428;0;0;0;"2025-07-05T23:59:59.999Z"
"2025-07-04T00:00:00.000Z";"2025-07-04T23:59:59.999Z";"2025-07-04T07:22:00.000Z";"2025-07-04T20:46:00.000Z";"2781";0.1637205588;0.1637330091;0.1624038832;0.1625288704;50.69;0;0;"2025-07-04T23:59:59.999Z"
"2025-07-03T00:00:00.000Z";"2025-07-03T23:59:59.999Z";"2025-07-03T15:10:00.000Z";"2025-07-03T12:26:00.000Z";"2781";0.1639826115;0.1647043623;0.1637139961;0.1637205588;0;0;0;"2025-07-03T23:59:59.999Z"
"2025-07-02T00:00:00.000Z";"2025-07-02T23:59:59.999Z";"2025-07-02T22:40:00.000Z";"2025-07-02T06:58:00.000Z";"2781";0.1572448429;0.1639838037;0.1567880821;0.1639826115;0;0;0;"2025-07-02T23:59:59.999Z"
"2025-07-01T00:00:00.000Z";"2025-07-01T23:59:59.999Z";"2025-07-01T17:10:00.000Z";"2025-07-01T15:59:00.000Z";"2781";0.1569887089;0.1572886776;0.1547610175;0.1572448429;2.53;0;0;"2025-07-01T23:59:59.999Z"
"2025-06-30T00:00:00.000Z";"2025-06-30T23:59:59.999Z";"2025-06-30T05:43:00.000Z";"2025-06-30T00:07:00.000Z";"2781";0.155443835;0.1577550003;0.155443835;0.1569887089;0;0;0;"2025-06-30T23:59:59.999Z"
"2025-06-29T00:00:00.000Z";"2025-06-29T23:59:59.999Z";"2025-06-29T22:07:00.000Z";"2025-06-29T00:04:00.000Z";"2781";0.1523044162;0.1554463155;0.1523044162;0.155443835;0;0;0;"2025-06-29T23:59:59.999Z"
"2025-06-28T00:00:00.000Z";"2025-06-28T23:59:59.999Z";"2025-06-28T17:54:00.000Z";"2025-06-28T22:40:00.000Z";"2781";0.160240359;0.160804755;0.1523044162;0.1523044162;0;0;0;"2025-06-28T23:59:59.999Z"
"2025-06-27T00:00:00.000Z";"2025-06-27T23:59:59.999Z";"2025-06-27T04:29:00.000Z";"2025-06-27T17:41:00.000Z";"2781";0.1603101526;0.1607426638;0.160240359;0.160240359;0;0;0;"2025-06-27T23:59:59.999Z"
"2025-06-26T00:00:00.000Z";"2025-06-26T23:59:59.999Z";"2025-06-26T08:52:00.000Z";"2025-06-26T01:36:00.000Z";"2781";0.1596817093;0.1605117903;0.1595734553;0.1603101526;0;0;0;"2025-06-26T23:59:59.999Z"
"2025-06-25T00:00:00.000Z";"2025-06-25T23:59:59.999Z";"2025-06-25T00:01:00.000Z";"2025-06-25T05:51:00.000Z";"2781";0.1600693291;0.1600693291;0.1589954326;0.1596817093;72.81;0;0;"2025-06-25T23:59:59.999Z"
"2025-06-24T00:00:00.000Z";"2025-06-24T23:59:59.999Z";"2025-06-24T09:53:00.000Z";"2025-06-24T00:35:00.000Z";"2781";0.1577223013;0.1603971992;0.1577223013;0.1600693291;0;0;0;"2025-06-24T23:59:59.999Z"
"2025-06-23T00:00:00.000Z";"2025-06-23T23:59:59.999Z";"2025-06-23T03:56:00.000Z";"2025-06-23T18:54:00.000Z";"2781";0.1640907164;0.1648959481;0.1567507798;0.1577223013;0;0;0;"2025-06-23T23:59:59.999Z"
"2025-06-22T00:00:00.000Z";"2025-06-22T23:59:59.999Z";"2025-06-22T18:40:00.000Z";"2025-06-22T00:29:00.000Z";"2781";0.1627226096;0.1647433409;0.1627226096;0.1640907164;90.72;0;0;"2025-06-22T23:59:59.999Z"
"2025-06-21T00:00:00.000Z";"2025-06-21T23:59:59.999Z";"2025-06-21T07:59:00.000Z";"2025-06-21T23:46:00.000Z";"2781";0.1641367876;0.165467941;0.1624399056;0.1627226096;60.19;0;0;"2025-06-21T23:59:59.999Z"
"2025-06-20T00:00:00.000Z";"2025-06-20T23:59:59.999Z";"2025-06-20T20:22:00.000Z";"2025-06-20T21:51:00.000Z";"2781";0.1649785595;0.1657867352;0.1640221901;0.1641367876;0;0;0;"2025-06-20T23:59:59.999Z"
"2025-06-19T00:00:00.000Z";"2025-06-19T23:59:59.999Z";"2025-06-19T13:22:00.000Z";"2025-06-19T00:24:00.000Z";"2781";0.162479567;0.1658888059;0.1624767657;0.1649785595;0;0;0;"2025-06-19T23:59:59.999Z"
"2025-06-18T00:00:00.000Z";"2025-06-18T23:59:59.999Z";"2025-06-18T21:00:00.000Z";"2025-06-18T11:56:00.000Z";"2781";0.1518125439;0.1628406764;0.1513818012;0.162479567;364.22;0;0;"2025-06-18T23:59:59.999Z"
"2025-06-17T00:00:00.000Z";"2025-06-17T23:59:59.999Z";"2025-06-17T16:35:00.000Z";"2025-06-17T09:24:00.000Z";"2781";0.1488666679;0.1525465328;0.1485376707;0.1518125439;0;0;0;"2025-06-17T23:59:59.999Z"
"2025-06-16T00:00:00.000Z";"2025-06-16T23:59:59.999Z";"2025-06-16T00:00:00.000Z";"2025-06-16T09:07:00.000Z";"2781";0.1529854766;0.1529854766;0.1461774723;0.1488666679;1512.25;0;0;"2025-06-16T23:59:59.999Z"
"2025-06-15T00:00:00.000Z";"2025-06-15T23:59:59.999Z";"2025-06-15T22:50:00.000Z";"2025-06-15T09:46:00.000Z";"2781";0.1525072545;0.1529854766;0.1522520508;0.1529854766;0;0;0;"2025-06-15T23:59:59.999Z"
"2025-06-14T00:00:00.000Z";"2025-06-14T23:59:59.999Z";"2025-06-14T12:06:00.000Z";"2025-06-14T22:35:00.000Z";"2781";0.1529321267;0.1555244759;0.1525069281;0.1525072545;0;0;0;"2025-06-14T23:59:59.999Z"
"2025-06-13T00:00:00.000Z";"2025-06-13T23:59:59.999Z";"2025-06-13T00:33:00.000Z";"2025-06-13T10:45:00.000Z";"2781";0.1561886604;0.1561886604;0.1525860037;0.1529321267;0;0;0;"2025-06-13T23:59:59.999Z"
"2025-06-12T00:00:00.000Z";"2025-06-12T23:59:59.999Z";"2025-06-12T21:23:00.000Z";"2025-06-12T23:39:00.000Z";"2781";0.1576748584;0.1591386684;0.156186692;0.1561886604;382.53;0;0;"2025-06-12T23:59:59.999Z"
"2025-06-11T00:00:00.000Z";"2025-06-11T23:59:59.999Z";"2025-06-11T13:36:00.000Z";"2025-06-11T15:24:00.000Z";"2781";0.1618522582;0.1627806281;0.156086423;0.1576748584;438.36;0;0;"2025-06-11T23:59:59.999Z"
"2025-06-10T00:00:00.000Z";"2025-06-10T23:59:59.999Z";"2025-06-10T14:59:00.000Z";"2025-06-10T08:48:00.000Z";"2781";0.1605948842;0.1619259729;0.160497055;0.1618522582;0;0;0;"2025-06-10T23:59:59.999Z"
"2025-06-09T00:00:00.000Z";"2025-06-09T23:59:59.999Z";"2025-06-09T11:14:00.000Z";"2025-06-09T02:38:00.000Z";"2781";0.1598448498;0.1606454607;0.1598189736;0.1605948842;0;0;0;"2025-06-09T23:59:59.999Z"
"2025-06-08T00:00:00.000Z";"2025-06-08T23:59:59.999Z";"2025-06-08T00:51:00.000Z";"2025-06-08T23:53:00.000Z";"2781";0.1778698564;0.1799237192;0.1598345677;0.1598448498;1517.63;0;0;"2025-06-08T23:59:59.999Z"
"2025-06-07T00:00:00.000Z";"2025-06-07T23:59:59.999Z";"2025-06-07T17:27:00.000Z";"2025-06-07T07:46:00.000Z";"2781";0.1750906098;0.1780243106;0.1749598534;0.1778698564;0;0;0;"2025-06-07T23:59:59.999Z"
"2025-06-06T00:00:00.000Z";"2025-06-06T23:59:59.999Z";"2025-06-06T10:17:00.000Z";"2025-06-06T04:22:00.000Z";"2781";0.1751279906;0.1757549533;0.17456562;0.1750906098;0;0;0;"2025-06-06T23:59:59.999Z"
"2025-06-05T00:00:00.000Z";"2025-06-05T23:59:59.999Z";"2025-06-05T05:25:00.000Z";"2025-06-05T22:59:00.000Z";"2781";0.1927090406;0.1928440158;0.1751279906;0.1751279906;0;0;0;"2025-06-05T23:59:59.999Z"
"2025-06-04T00:00:00.000Z";"2025-06-04T23:59:59.999Z";"2025-06-04T06:00:00.000Z";"2025-06-04T14:38:00.000Z";"2781";0.1987791471;0.2207650838;0.1916554473;0.1927090406;0;0;0;"2025-06-04T23:59:59.999Z"
"2025-06-03T00:00:00.000Z";"2025-06-03T23:59:59.999Z";"2025-06-03T00:09:00.000Z";"2025-06-03T23:29:00.000Z";"2781";0.1997855779;0.1997855779;0.1987791471;0.1987791471;0;0;0;"2025-06-03T23:59:59.999Z"
"2025-06-02T00:00:00.000Z";"2025-06-02T23:59:59.999Z";"2025-06-02T15:22:00.000Z";"2025-06-02T18:18:00.000Z";"2781";0.2109800584;0.2115924517;0.1997226614;0.1997855779;775.57;0;0;"2025-06-02T23:59:59.999Z"
"2025-06-01T00:00:00.000Z";"2025-06-01T23:59:59.999Z";"2025-06-01T01:27:00.000Z";"2025-06-01T22:55:00.000Z";"2781";0.2114370054;0.2118580068;0.2109800584;0.2109800584;0;0;0;"2025-06-01T23:59:59.999Z"
"2025-05-31T00:00:00.000Z";"2025-05-31T23:59:59.999Z";"2025-05-31T01:53:00.000Z";"2025-05-31T07:48:00.000Z";"2781";0.2126476083;0.2126523239;0.2111996975;0.2114370054;0;0;0;"2025-05-31T23:59:59.999Z"
"2025-05-30T00:00:00.000Z";"2025-05-30T23:59:59.999Z";"2025-05-30T00:59:00.000Z";"2025-05-30T23:52:00.000Z";"2781";0.2143995609;0.2147720587;0.2126249335;0.2126476083;102.41;0;0;"2025-05-30T23:59:59.999Z"
"2025-05-29T00:00:00.000Z";"2025-05-29T23:59:59.999Z";"2025-05-29T15:46:00.000Z";"2025-05-29T17:29:00.000Z";"2781";0.2217553511;0.222856718;0.2136667791;0.2143995609;1392.78;0;0;"2025-05-29T23:59:59.999Z"
"2025-05-28T00:00:00.000Z";"2025-05-28T23:59:59.999Z";"2025-05-28T16:38:00.000Z";"2025-05-28T02:41:00.000Z";"2781";0.2217050477;0.2234726106;0.2210329424;0.2217553511;0;0;0;"2025-05-28T23:59:59.999Z"
"2025-05-27T00:00:00.000Z";"2025-05-27T23:59:59.999Z";"2025-05-27T09:42:00.000Z";"2025-05-27T22:58:00.000Z";"2781";0.222147041;0.2222547941;0.2215565345;0.2217050477;33.61;0;0;"2025-05-27T23:59:59.999Z"
"2025-05-26T00:00:00.000Z";"2025-05-26T23:59:59.999Z";"2025-05-26T17:03:00.000Z";"2025-05-26T00:14:00.000Z";"2781";0.2188604985;0.2229118244;0.2188604985;0.222147041;0;0;0;"2025-05-26T23:59:59.999Z"
"2025-05-25T00:00:00.000Z";"2025-05-25T23:59:59.999Z";"2025-05-25T18:47:00.000Z";"2025-05-25T22:12:00.000Z";"2781";0.2198968308;0.2211258058;0.2188588165;0.2188604985;0;0;0;"2025-05-25T23:59:59.999Z"
"2025-05-24T00:00:00.000Z";"2025-05-24T23:59:59.999Z";"2025-05-24T20:26:00.000Z";"2025-05-24T21:58:00.000Z";"2781";0.2206300037;0.2219120438;0.2198966109;0.2198968308;0;0;0;"2025-05-24T23:59:59.999Z"
"2025-05-23T00:00:00.000Z";"2025-05-23T23:59:59.999Z";"2025-05-23T09:20:00.000Z";"2025-05-23T20:33:00.000Z";"2781";0.2219479629;0.2219539108;0.2202155835;0.2206300037;0;0;0;"2025-05-23T23:59:59.999Z"
"2025-05-22T00:00:00.000Z";"2025-05-22T23:59:59.999Z";"2025-05-22T09:19:00.000Z";"2025-05-22T00:56:00.000Z";"2781";0.2167851666;0.2254503186;0.2167851666;0.2219479629;1076.52;0;0;"2025-05-22T23:59:59.999Z"
"2025-05-21T00:00:00.000Z";"2025-05-21T23:59:59.999Z";"2025-05-21T23:57:00.000Z";"2025-05-21T00:55:00.000Z";"2781";0.2039788166;0.2167851666;0.2039786776;0.2167851666;671.93;0;0;"2025-05-21T23:59:59.999Z"
"2025-05-20T00:00:00.000Z";"2025-05-20T23:59:59.999Z";"2025-05-20T08:57:00.000Z";"2025-05-20T13:19:00.000Z";"2781";0.2051708312;0.2059783065;0.2032706026;0.2039788166;0;0;0;"2025-05-20T23:59:59.999Z"
"2025-05-19T00:00:00.000Z";"2025-05-19T23:59:59.999Z";"2025-05-19T22:26:00.000Z";"2025-05-19T08:57:00.000Z";"2781";0.2037172851;0.2053287171;0.2036384487;0.2051708312;0;0;0;"2025-05-19T23:59:59.999Z"
"2025-05-18T00:00:00.000Z";"2025-05-18T23:59:59.999Z";"2025-05-18T21:37:00.000Z";"2025-05-18T23:59:00.000Z";"2781";0.2054773953;0.2064257059;0.2037172851;0.2037172851;176.95;0;0;"2025-05-18T23:59:59.999Z"
"2025-05-17T00:00:00.000Z";"2025-05-17T23:59:59.999Z";"2025-05-17T12:53:00.000Z";"2025-05-17T05:47:00.000Z";"2781";0.2053873318;0.2074974959;0.2042363118;0.2054773953;0;0;0;"2025-05-17T23:59:59.999Z"
"2025-05-16T00:00:00.000Z";"2025-05-16T23:59:59.999Z";"2025-05-16T17:41:00.000Z";"2025-05-16T03:02:00.000Z";"2781";0.2053917251;0.2081539242;0.2053773978;0.2053873318;0;0;0;"2025-05-16T23:59:59.999Z"
"2025-05-15T00:00:00.000Z";"2025-05-15T23:59:59.999Z";"2025-05-15T01:41:00.000Z";"2025-05-15T12:49:00.000Z";"2781";0.24240508;0.2424125922;0.204350057;0.2053917251;8.64;0;0;"2025-05-15T23:59:59.999Z"
"2025-05-14T00:00:00.000Z";"2025-05-14T23:59:59.999Z";"2025-05-14T06:53:00.000Z";"2025-05-14T08:21:00.000Z";"2781";0.2411505379;0.2440021563;0.2389515736;0.24240508;490.52;0;0;"2025-05-14T23:59:59.999Z"
"2025-05-13T00:00:00.000Z";"2025-05-13T23:59:59.999Z";"2025-05-13T22:46:00.000Z";"2025-05-13T09:30:00.000Z";"2781";0.226207152;0.2413272317;0.2252117996;0.2411505379;930.67;0;0;"2025-05-13T23:59:59.999Z"
"2025-05-12T00:00:00.000Z";"2025-05-12T23:59:59.999Z";"2025-05-12T17:46:00.000Z";"2025-05-12T02:12:00.000Z";"2781";0.226636649;0.2291057372;0.2260401571;0.226207152;420.83;0;0;"2025-05-12T23:59:59.999Z"
"2025-05-11T00:00:00.000Z";"2025-05-11T23:59:59.999Z";"2025-05-11T03:31:00.000Z";"2025-05-11T21:30:00.000Z";"2781";0.2405504559;0.2409012514;0.2227031416;0.226636649;0;0;0;"2025-05-11T23:59:59.999Z"
"2025-05-10T00:00:00.000Z";"2025-05-10T23:59:59.999Z";"2025-05-10T19:57:00.000Z";"2025-05-10T23:07:00.000Z";"2781";0.2421367446;0.2440005465;0.2404602705;0.2405504559;286.91;0;0;"2025-05-10T23:59:59.999Z"
"2025-05-09T00:00:00.000Z";"2025-05-09T23:59:59.999Z";"2025-05-09T00:22:00.000Z";"2025-05-09T01:21:00.000Z";"2781";0.2462882088;0.2472669803;0.2391450906;0.2421367446;0;0;0;"2025-05-09T23:59:59.999Z"
"2025-05-08T00:00:00.000Z";"2025-05-08T23:59:59.999Z";"2025-05-08T15:59:00.000Z";"2025-05-08T23:24:00.000Z";"2781";0.2470055716;0.2488154264;0.2445969838;0.2462882088;252.24;0;0;"2025-05-08T23:59:59.999Z"
"2025-05-07T00:00:00.000Z";"2025-05-07T23:59:59.999Z";"2025-05-07T01:01:00.000Z";"2025-05-07T11:17:00.000Z";"2781";0.2480782394;0.2491603381;0.2467313532;0.2470055716;3.4;0;0;"2025-05-07T23:59:59.999Z"
"2025-05-06T00:00:00.000Z";"2025-05-06T23:59:59.999Z";"2025-05-06T00:49:00.000Z";"2025-05-06T16:57:00.000Z";"2781";0.2565204636;0.256725628;0.2478384369;0.2480782394;861.63;0;0;"2025-05-06T23:59:59.999Z"
"2025-05-05T00:00:00.000Z";"2025-05-05T23:59:59.999Z";"2025-05-05T12:07:00.000Z";"2025-05-05T22:53:00.000Z";"2781";0.257044417;0.2580050841;0.2565204636;0.2565204636;0;0;0;"2025-05-05T23:59:59.999Z"
"2025-05-04T00:00:00.000Z";"2025-05-04T23:59:59.999Z";"2025-05-04T03:37:00.000Z";"2025-05-04T15:41:00.000Z";"2781";0.257493878;0.257630239;0.2567786821;0.257044417;0;0;0;"2025-05-04T23:59:59.999Z"
"2025-05-03T00:00:00.000Z";"2025-05-03T23:59:59.999Z";"2025-05-03T20:36:00.000Z";"2025-05-03T17:50:00.000Z";"2781";0.2577076266;0.2594623435;0.2567825041;0.257493878;0;0;0;"2025-05-03T23:59:59.999Z"
"2025-05-02T00:00:00.000Z";"2025-05-02T23:59:59.999Z";"2025-05-02T23:31:00.000Z";"2025-05-02T15:04:00.000Z";"2781";0.2573380251;0.2577357099;0.2564936868;0.2577076266;99;0;0;"2025-05-02T23:59:59.999Z"
"2025-05-01T00:00:00.000Z";"2025-05-01T23:59:59.999Z";"2025-05-01T10:31:00.000Z";"2025-05-01T16:41:00.000Z";"2781";0.2622699012;0.2668610363;0.2572388599;0.2573380251;545.95;0;0;"2025-05-01T23:59:59.999Z"
"2025-04-30T00:00:00.000Z";"2025-04-30T23:59:59.999Z";"2025-04-30T04:10:00.000Z";"2025-04-30T13:57:00.000Z";"2781";0.2659132591;0.2659859392;0.2621669833;0.2622699012;231.16;0;0;"2025-04-30T23:59:59.999Z"
"2025-04-29T00:00:00.000Z";"2025-04-29T23:59:59.999Z";"2025-04-29T18:33:00.000Z";"2025-04-29T21:38:00.000Z";"2781";0.2681015451;0.2698809804;0.2656254538;0.2659132591;39.38;0;0;"2025-04-29T23:59:59.999Z"
"2025-04-28T00:00:00.000Z";"2025-04-28T23:59:59.999Z";"2025-04-28T20:10:00.000Z";"2025-04-28T03:33:00.000Z";"2781";0.2682025008;0.2684347444;0.2678215539;0.2681015451;0;0;0;"2025-04-28T23:59:59.999Z"
"2025-04-27T00:00:00.000Z";"2025-04-27T23:59:59.999Z";"2025-04-27T23:35:00.000Z";"2025-04-27T05:04:00.000Z";"2781";0.2663311271;0.2682025008;0.2654198135;0.2682025008;118.8;0;0;"2025-04-27T23:59:59.999Z"
"2025-04-26T00:00:00.000Z";"2025-04-26T23:59:59.999Z";"2025-04-26T16:51:00.000Z";"2025-04-26T02:46:00.000Z";"2781";0.2652487579;0.2663590566;0.2627698419;0.2663311271;0;0;0;"2025-04-26T23:59:59.999Z"
"2025-04-25T00:00:00.000Z";"2025-04-25T23:59:59.999Z";"2025-04-25T10:57:00.000Z";"2025-04-25T01:33:00.000Z";"2781";0.248314145;167658.3754726098;0.2474827131;0.2652487579;2922.96;0;0;"2025-04-25T23:59:59.999Z"
"2025-04-24T00:00:00.000Z";"2025-04-24T23:59:59.999Z";"2025-04-24T02:41:00.000Z";"2025-04-24T15:12:00.000Z";"2781";0.2506337696;0.2514949339;0.2471762404;0.248314145;7.83;0;0;"2025-04-24T23:59:59.999Z"
"2025-04-23T00:00:00.000Z";"2025-04-23T23:59:59.999Z";"2025-04-23T05:59:00.000Z";"2025-04-23T08:23:00.000Z";"2781";0.2606233451;0.2608382783;0.2491868616;0.2506337696;0;0;0;"2025-04-23T23:59:59.999Z"
"2025-04-22T00:00:00.000Z";"2025-04-22T23:59:59.999Z";"2025-04-22T20:37:00.000Z";"2025-04-22T01:19:00.000Z";"2781";0.2475549597;0.2617002208;0.2460562332;0.2606233451;0;0;0;"2025-04-22T23:59:59.999Z"
"2025-04-21T00:00:00.000Z";"2025-04-21T23:59:59.999Z";"2025-04-21T13:49:00.000Z";"2025-04-21T00:52:00.000Z";"2781";0.2473986386;0.2487263235;0.2473630941;0.2475549597;0;0;0;"2025-04-21T23:59:59.999Z"
"2025-04-20T00:00:00.000Z";"2025-04-20T23:59:59.999Z";"2025-04-20T01:39:00.000Z";"2025-04-20T02:43:00.000Z";"2781";0.2469056187;0.2526380469;0.2466115444;0.2473986386;258.04;0;0;"2025-04-20T23:59:59.999Z"
"2025-04-19T00:00:00.000Z";"2025-04-19T23:59:59.999Z";"2025-04-19T07:34:00.000Z";"2025-04-19T15:02:00.000Z";"2781";0.2484050881;0.2484248328;0.2462429395;0.2469056187;0;0;0;"2025-04-19T23:59:59.999Z"
"2025-04-18T00:00:00.000Z";"2025-04-18T23:59:59.999Z";"2025-04-18T06:56:00.000Z";"2025-04-18T22:05:00.000Z";"2781";0.2532370773;0.2532661413;0.2484050881;0.2484050881;0;0;0;"2025-04-18T23:59:59.999Z"
"2025-04-17T00:00:00.000Z";"2025-04-17T23:59:59.999Z";"2025-04-17T07:50:00.000Z";"2025-04-17T21:55:00.000Z";"2781";0.2550684199;0.2602382877;0.2532296894;0.2532370773;0;0;0;"2025-04-17T23:59:59.999Z"
"2025-04-16T00:00:00.000Z";"2025-04-16T23:59:59.999Z";"2025-04-16T03:58:00.000Z";"2025-04-16T19:57:00.000Z";"2781";0.2583058859;0.2584174512;0.2550380462;0.2550684199;0;0;0;"2025-04-16T23:59:59.999Z"
"2025-04-15T00:00:00.000Z";"2025-04-15T23:59:59.999Z";"2025-04-15T00:55:00.000Z";"2025-04-15T02:48:00.000Z";"2781";0.3014049756;0.3014079821;0.2542525142;0.2583058859;2833.44;0;0;"2025-04-15T23:59:59.999Z"
"2025-04-14T00:00:00.000Z";"2025-04-14T23:59:59.999Z";"2025-04-14T05:32:00.000Z";"2025-04-14T23:46:00.000Z";"2781";0.3031237696;0.303195175;0.3014049756;0.3014049756;0;0;0;"2025-04-14T23:59:59.999Z"
"2025-04-13T00:00:00.000Z";"2025-04-13T23:59:59.999Z";"2025-04-13T11:55:00.000Z";"2025-04-13T23:44:00.000Z";"2781";0.304649359;0.3054314922;0.3031198088;0.3031237696;141.16;0;0;"2025-04-13T23:59:59.999Z"
"2025-04-12T00:00:00.000Z";"2025-04-12T23:59:59.999Z";"2025-04-12T17:18:00.000Z";"2025-04-12T20:43:00.000Z";"2781";0.3093548879;0.3114173733;0.3044331924;0.304649359;0;0;0;"2025-04-12T23:59:59.999Z"
"2025-04-11T00:00:00.000Z";"2025-04-11T23:59:59.999Z";"2025-04-11T00:05:00.000Z";"2025-04-11T01:40:00.000Z";"2781";0.3194746931;0.3194746931;0.3063807528;0.3093548879;1793.39;0;0;"2025-04-11T23:59:59.999Z"
"2025-04-10T00:00:00.000Z";"2025-04-10T23:59:59.999Z";"2025-04-10T00:36:00.000Z";"2025-04-10T21:16:00.000Z";"2781";0.3278441757;0.3278441757;0.3185434196;0.3194746931;225.36;0;0;"2025-04-10T23:59:59.999Z"
"2025-04-09T00:00:00.000Z";"2025-04-09T23:59:59.999Z";"2025-04-09T17:54:00.000Z";"2025-04-09T13:11:00.000Z";"2781";0.3299675961;0.33104173;0.3206199759;0.3278441757;2352.16;0;0;"2025-04-09T23:59:59.999Z"
"2025-04-08T00:00:00.000Z";"2025-04-08T23:59:59.999Z";"2025-04-08T10:48:00.000Z";"2025-04-08T15:44:00.000Z";"2781";0.3330956851;0.3362701568;0.3280879007;0.3299675961;0;0;0;"2025-04-08T23:59:59.999Z"
"2025-04-07T00:00:00.000Z";"2025-04-07T23:59:59.999Z";"2025-04-07T23:48:00.000Z";"2025-04-07T08:13:00.000Z";"2781";0.2695815438;0.3331155377;0.2628230187;0.3330956851;5239.13;0;0;"2025-04-07T23:59:59.999Z"
"2025-04-06T00:00:00.000Z";"2025-04-06T23:59:59.999Z";"2025-04-06T22:50:00.000Z";"2025-04-06T22:16:00.000Z";"2781";0.2535042184;0.2714329151;0.2458019025;0.2695815438;0;0;0;"2025-04-06T23:59:59.999Z"
"2025-04-05T00:00:00.000Z";"2025-04-05T23:59:59.999Z";"2025-04-05T12:55:00.000Z";"2025-04-05T07:48:00.000Z";"2781";0.2343351143;0.2538844321;0.2325746714;0.2535042184;0;0;0;"2025-04-05T23:59:59.999Z"
"2025-04-04T00:00:00.000Z";"2025-04-04T23:59:59.999Z";"2025-04-04T23:54:00.000Z";"2025-04-04T12:53:00.000Z";"2781";0.2238599046;0.2343333247;0.2234183712;0.2343333247;759.11;0;0;"2025-04-04T23:59:59.999Z"
"2025-04-03T00:00:00.000Z";"2025-04-03T23:59:59.999Z";"2025-04-03T06:59:00.000Z";"2025-04-03T04:45:00.000Z";"2781";0.2203008038;0.2239586206;0.2128695221;0.2238599046;785.22;0;0;"2025-04-03T23:59:59.999Z"
"2025-04-02T00:00:00.000Z";"2025-04-02T23:59:59.999Z";"2025-04-02T18:29:00.000Z";"2025-04-02T18:50:00.000Z";"2781";0.2247873075;0.2251056228;0.2186308052;0.2203008038;1068.52;0;0;"2025-04-02T23:59:59.999Z"
"2025-04-01T00:00:00.000Z";"2025-04-01T23:59:59.999Z";"2025-04-01T23:04:00.000Z";"2025-04-01T00:27:00.000Z";"2781";0.1960196717;0.2249930308;0.1960163806;0.2247873075;1226.85;0;0;"2025-04-01T23:59:59.999Z"
"2025-03-31T00:00:00.000Z";"2025-03-31T23:59:59.999Z";"2025-03-31T16:16:00.000Z";"2025-03-31T12:34:00.000Z";"2781";0.1891607265;0.1988450588;0.1891246191;0.1960196717;445.53;0;0;"2025-03-31T23:59:59.999Z"
"2025-03-30T00:00:00.000Z";"2025-03-30T23:59:59.999Z";"2025-03-30T13:52:00.000Z";"2025-03-30T00:01:00.000Z";"2781";0.1887243135;0.1909988517;0.1887243135;0.1891607265;94.33;0;0;"2025-03-30T23:59:59.999Z"
"2025-03-29T00:00:00.000Z";"2025-03-29T23:59:59.999Z";"2025-03-29T07:17:00.000Z";"2025-03-29T19:58:00.000Z";"2781";0.1908279818;0.2030075187;0.1882233909;0.1887243135;705.02;0;0;"2025-03-29T23:59:59.999Z"
"2025-03-28T00:00:00.000Z";"2025-03-28T23:59:59.999Z";"2025-03-28T02:16:00.000Z";"2025-03-28T17:19:00.000Z";"2781";0.1966108216;0.1968734763;0.1908069308;0.1908279818;173.71;0;0;"2025-03-28T23:59:59.999Z"
"2025-03-27T00:00:00.000Z";"2025-03-27T23:59:59.999Z";"2025-03-27T06:59:00.000Z";"2025-03-27T14:30:00.000Z";"2781";0.1970714117;0.198258511;0.1949627234;0.1966108216;91.76;0;0;"2025-03-27T23:59:59.999Z"
"2025-03-26T00:00:00.000Z";"2025-03-26T23:59:59.999Z";"2025-03-26T12:28:00.000Z";"2025-03-26T14:57:00.000Z";"2781";0.1983163681;0.1985753306;0.19680368;0.1970714117;78.01;0;0;"2025-03-26T23:59:59.999Z"
"2025-03-25T00:00:00.000Z";"2025-03-25T23:59:59.999Z";"2025-03-25T01:38:00.000Z";"2025-03-25T09:22:00.000Z";"2781";0.2030348412;0.2031107439;0.1972200062;0.1983163681;145.3;0;0;"2025-03-25T23:59:59.999Z"
"2025-03-24T00:00:00.000Z";"2025-03-24T23:59:59.999Z";"2025-03-24T23:03:00.000Z";"2025-03-24T00:00:00.000Z";"2781";0.1980415268;0.2030441983;0.1980415268;0.2030348412;101.68;0;0;"2025-03-24T23:59:59.999Z"
"2025-03-23T00:00:00.000Z";"2025-03-23T23:59:59.999Z";"2025-03-23T09:21:00.000Z";"2025-03-23T01:33:00.000Z";"2781";0.1950603996;0.1988910676;0.1950509182;0.1980415268;104.52;0;0;"2025-03-23T23:59:59.999Z"
"2025-03-22T00:00:00.000Z";"2025-03-22T23:59:59.999Z";"2025-03-22T23:57:00.000Z";"2025-03-22T00:01:00.000Z";"2781";0.1929415859;0.1950604316;0.1929414377;0.1950603996;209.57;0;0;"2025-03-22T23:59:59.999Z"
"2025-03-21T00:00:00.000Z";"2025-03-21T23:59:59.999Z";"2025-03-21T05:08:00.000Z";"2025-03-21T23:54:00.000Z";"2781";0.1950639231;0.19581231;0.1910306471;0.1929415859;415.26;0;0;"2025-03-21T23:59:59.999Z"
"2025-03-20T00:00:00.000Z";"2025-03-20T23:59:59.999Z";"2025-03-20T00:07:00.000Z";"2025-03-20T17:51:00.000Z";"2781";0.2009980799;0.2009980799;0.1947845595;0.1950639231;137.27;0;0;"2025-03-20T23:59:59.999Z"
"2025-03-19T00:00:00.000Z";"2025-03-19T23:59:59.999Z";"2025-03-19T17:25:00.000Z";"2025-03-19T00:05:00.000Z";"2781";0.1685333291;0.2089307529;0.1685333163;0.2009980799;3121.91;0;0;"2025-03-19T23:59:59.999Z"
"2025-03-18T00:00:00.000Z";"2025-03-18T23:59:59.999Z";"2025-03-18T13:31:00.000Z";"2025-03-18T12:09:00.000Z";"2781";0.1681773763;0.1687454551;0.1678385198;0.1685333291;29.21;0;0;"2025-03-18T23:59:59.999Z"
"2025-03-17T00:00:00.000Z";"2025-03-17T23:59:59.999Z";"2025-03-17T22:58:00.000Z";"2025-03-17T14:12:00.000Z";"2781";0.1652730305;0.168192586;0.1643360802;0.1681773763;100.45;0;0;"2025-03-17T23:59:59.999Z"
"2025-03-16T00:00:00.000Z";"2025-03-16T23:59:59.999Z";"2025-03-16T10:33:00.000Z";"2025-03-16T16:11:00.000Z";"2781";0.166843484;0.1668709663;0.1646769193;0.1652730305;95.1;0;0;"2025-03-16T23:59:59.999Z"
"2025-03-15T00:00:00.000Z";"2025-03-15T23:59:59.999Z";"2025-03-15T17:20:00.000Z";"2025-03-15T06:21:00.000Z";"2781";0.1623585636;0.1668596069;0.1623398571;0.166843484;0;0;0;"2025-03-15T23:59:59.999Z"
"2025-03-14T00:00:00.000Z";"2025-03-14T23:59:59.999Z";"2025-03-14T19:58:00.000Z";"2025-03-14T00:01:00.000Z";"2781";0.1594426913;0.1624093849;0.1594426872;0.1623585636;153.78;0;0;"2025-03-14T23:59:59.999Z"
"2025-03-13T00:00:00.000Z";"2025-03-13T23:59:59.999Z";"2025-03-13T02:16:00.000Z";"2025-03-13T22:49:00.000Z";"2781";0.1641796978;0.164364581;0.1594275289;0.1594426913;344.97;0;0;"2025-03-13T23:59:59.999Z"
"2025-03-12T00:00:00.000Z";"2025-03-12T23:59:59.999Z";"2025-03-12T14:05:00.000Z";"2025-03-12T06:02:00.000Z";"2781";0.1634231286;0.1669112366;0.1617594824;0.1641796978;240.27;0;0;"2025-03-12T23:59:59.999Z"
"2025-03-11T00:00:00.000Z";"2025-03-11T23:59:59.999Z";"2025-03-11T23:59:00.000Z";"2025-03-11T01:57:00.000Z";"2781";0.1616551731;0.1634231286;0.160136092;0.1634231286;362.97;0;0;"2025-03-11T23:59:59.999Z"
"2025-03-10T00:00:00.000Z";"2025-03-10T23:59:59.999Z";"2025-03-10T09:33:00.000Z";"2025-03-10T20:48:00.000Z";"2781";0.1693086887;0.1721720407;0.1612024362;0.1616551731;401.8;0;0;"2025-03-10T23:59:59.999Z"
"2025-03-09T00:00:00.000Z";"2025-03-09T23:59:59.999Z";"2025-03-09T04:47:00.000Z";"2025-03-09T18:46:00.000Z";"2781";0.179182426;0.1794084068;0.1686262996;0.1693086887;234.72;0;0;"2025-03-09T23:59:59.999Z"
"2025-03-08T00:00:00.000Z";"2025-03-08T23:59:59.999Z";"2025-03-08T20:37:00.000Z";"2025-03-08T03:42:00.000Z";"2781";0.1777186476;0.180326725;0.1776710716;0.179182426;55.29;0;0;"2025-03-08T23:59:59.999Z"
"2025-03-07T00:00:00.000Z";"2025-03-07T23:59:59.999Z";"2025-03-07T14:57:00.000Z";"2025-03-07T01:16:00.000Z";"2781";0.1798023921;0.1843921484;0.1745849563;0.1777186476;1350.1;0;0;"2025-03-07T23:59:59.999Z"
"2025-03-06T00:00:00.000Z";"2025-03-06T23:59:59.999Z";"2025-03-06T07:06:00.000Z";"2025-03-06T21:26:00.000Z";"2781";0.1838357475;0.1845422733;0.1743899375;0.1798023921;1283.44;0;0;"2025-03-06T23:59:59.999Z"
"2025-03-05T00:00:00.000Z";"2025-03-05T23:59:59.999Z";"2025-03-05T23:59:00.000Z";"2025-03-05T08:19:00.000Z";"2781";0.179533064;0.1838373495;0.179296611;0.1838357475;678.21;0;0;"2025-03-05T23:59:59.999Z"
"2025-03-04T00:00:00.000Z";"2025-03-04T23:59:59.999Z";"2025-03-04T22:31:00.000Z";"2025-03-04T06:31:00.000Z";"2781";0.1781017501;0.1795687929;0.1747134193;0.179533064;403.03;0;0;"2025-03-04T23:59:59.999Z"
"2025-03-03T00:00:00.000Z";"2025-03-03T23:59:59.999Z";"2025-03-03T00:02:00.000Z";"2025-03-03T20:42:00.000Z";"2781";0.1912361287;0.1912361287;0.1770524565;0.1781017501;1116.35;0;0;"2025-03-03T23:59:59.999Z"
"2025-03-02T00:00:00.000Z";"2025-03-02T23:59:59.999Z";"2025-03-02T23:48:00.000Z";"2025-03-02T15:22:00.000Z";"2781";0.1831593426;0.1912361287;0.1830818992;0.1912361287;693.76;0;0;"2025-03-02T23:59:59.999Z"
"2025-03-01T00:00:00.000Z";"2025-03-01T23:59:59.999Z";"2025-03-01T06:54:00.000Z";"2025-03-01T15:28:00.000Z";"2781";0.1838163238;0.1851460232;0.1809244374;0.1831593426;774.53;0;0;"2025-03-01T23:59:59.999Z"
"2025-02-28T00:00:00.000Z";"2025-02-28T23:59:59.999Z";"2025-02-28T01:38:00.000Z";"2025-02-28T10:30:00.000Z";"2781";0.1847855691;0.1877147489;0.1767709488;0.1838163238;3524.91;0;0;"2025-02-28T23:59:59.999Z"
"2025-02-27T00:00:00.000Z";"2025-02-27T23:59:59.999Z";"2025-02-27T23:59:00.000Z";"2025-02-27T21:24:00.000Z";"2781";0.1764092452;0.1847855691;0.1741809134;0.1847855691;1404.46;0;0;"2025-02-27T23:59:59.999Z"
"2025-02-26T00:00:00.000Z";"2025-02-26T23:59:59.999Z";"2025-02-26T07:59:00.000Z";"2025-02-26T21:01:00.000Z";"2781";0.1804160343;0.18066743;0.175133379;0.1764092452;271.23;0;0;"2025-02-26T23:59:59.999Z"
"2025-02-25T00:00:00.000Z";"2025-02-25T23:59:59.999Z";"2025-02-25T07:38:00.000Z";"2025-02-25T11:45:00.000Z";"2781";0.1805725708;0.1811091328;0.1769051922;0.1804160343;980.25;0;0;"2025-02-25T23:59:59.999Z"
"2025-02-24T00:00:00.000Z";"2025-02-24T23:59:59.999Z";"2025-02-24T07:20:00.000Z";"2025-02-24T23:30:00.000Z";"2781";0.188907051;0.1903478866;0.1802940282;0.1805725708;1956.33;0;0;"2025-02-24T23:59:59.999Z"
"2025-02-23T00:00:00.000Z";"2025-02-23T23:59:59.999Z";"2025-02-23T08:04:00.000Z";"2025-02-23T16:46:00.000Z";"2781";0.1899030367;0.1916831903;0.1865737299;0.188907051;518.57;0;0;"2025-02-23T23:59:59.999Z"
"2025-02-22T00:00:00.000Z";"2025-02-22T23:59:59.999Z";"2025-02-22T12:42:00.000Z";"2025-02-22T00:00:00.000Z";"2781";0.1884760096;0.1915780558;0.1884760096;0.1899030367;362.02;0;0;"2025-02-22T23:59:59.999Z"
"2025-02-21T00:00:00.000Z";"2025-02-21T23:59:59.999Z";"2025-02-21T15:20:00.000Z";"2025-02-21T06:20:00.000Z";"2781";0.1876216482;0.1935168974;0.1873032469;0.1884677545;713.85;0;0;"2025-02-21T23:59:59.999Z"
"2025-02-20T00:00:00.000Z";"2025-02-20T23:59:59.999Z";"2025-02-20T12:56:00.000Z";"2025-02-20T02:20:00.000Z";"2781";0.1875466964;0.1881736367;0.1866859074;0.1876216482;314.61;0;0;"2025-02-20T23:59:59.999Z"
"2025-02-19T00:00:00.000Z";"2025-02-19T23:59:59.999Z";"2025-02-19T13:01:00.000Z";"2025-02-19T02:06:00.000Z";"2781";0.1778280854;0.1891469237;0.1769775793;0.1875466964;1044.3;0;0;"2025-02-19T23:59:59.999Z"
"2025-02-18T00:00:00.000Z";"2025-02-18T23:59:59.999Z";"2025-02-18T01:02:00.000Z";"2025-02-18T19:23:00.000Z";"2781";0.1799111232;0.1799131085;0.177704696;0.1778258126;103.45;0;0;"2025-02-18T23:59:59.999Z"
"2025-02-17T00:00:00.000Z";"2025-02-17T23:59:59.999Z";"2025-02-17T15:58:00.000Z";"2025-02-17T07:46:00.000Z";"2781";0.1776675951;0.1811999111;0.1772940482;0.1799111232;242.7;0;0;"2025-02-17T23:59:59.999Z"
"2025-02-16T00:00:00.000Z";"2025-02-16T23:59:59.999Z";"2025-02-16T03:59:00.000Z";"2025-02-16T23:00:00.000Z";"2781";0.1790264191;0.179404311;0.1776541165;0.1776675951;103.35;0;0;"2025-02-16T23:59:59.999Z"
"2025-02-15T00:00:00.000Z";"2025-02-15T23:59:59.999Z";"2025-02-15T01:30:00.000Z";"2025-02-15T15:09:00.000Z";"2781";0.1801659985;0.1801852218;0.1788479243;0.1790264191;52.95;0;0;"2025-02-15T23:59:59.999Z"
"2025-02-14T00:00:00.000Z";"2025-02-14T23:59:59.999Z";"2025-02-14T20:32:00.000Z";"2025-02-14T00:03:00.000Z";"2781";0.1791812395;0.1812150839;0.1791812252;0.1801659985;111.57;0;0;"2025-02-14T23:59:59.999Z"
"2025-02-13T00:00:00.000Z";"2025-02-13T23:59:59.999Z";"2025-02-13T02:55:00.000Z";"2025-02-13T22:48:00.000Z";"2781";0.1829307416;0.1830820382;0.1784059055;0.1791812395;227.06;0;0;"2025-02-13T23:59:59.999Z"
"2025-02-12T00:00:00.000Z";"2025-02-12T23:59:59.999Z";"2025-02-12T22:47:00.000Z";"2025-02-12T16:11:00.000Z";"2781";0.1800918557;0.1838035264;0.1786819466;0.1827585865;610.51;0;0;"2025-02-12T23:59:59.999Z"
"2025-02-11T00:00:00.000Z";"2025-02-11T23:59:59.999Z";"2025-02-11T15:19:00.000Z";"2025-02-11T20:59:00.000Z";"2781";0.1809470808;0.1822639383;0.1800414257;0.1800918557;153.65;0;0;"2025-02-11T23:59:59.999Z"
"2025-02-10T00:00:00.000Z";"2025-02-10T23:59:59.999Z";"2025-02-10T14:30:00.000Z";"2025-02-10T00:08:00.000Z";"2781";0.1778888705;0.1810950524;0.1774116722;0.1809470808;434.56;0;0;"2025-02-10T23:59:59.999Z"
"2025-02-09T00:00:00.000Z";"2025-02-09T23:59:59.999Z";"2025-02-09T21:37:00.000Z";"2025-02-09T09:44:00.000Z";"2781";0.164496083;0.2006292308;0.1632984727;0.1778888705;8478.2;0;0;"2025-02-09T23:59:59.999Z"
"2025-02-08T00:00:00.000Z";"2025-02-08T23:59:59.999Z";"2025-02-08T22:43:00.000Z";"2025-02-08T00:08:00.000Z";"2781";0.1622641273;0.1645199059;0.1622641273;0.164496083;110.82;0;0;"2025-02-08T23:59:59.999Z"
"2025-02-07T00:00:00.000Z";"2025-02-07T23:59:59.999Z";"2025-02-07T15:45:00.000Z";"2025-02-07T10:33:00.000Z";"2781";0.1596148465;0.1647173058;0.1593837693;0.1622641273;1226.4;0;0;"2025-02-07T23:59:59.999Z"
"2025-02-06T00:00:00.000Z";"2025-02-06T23:59:59.999Z";"2025-02-06T06:19:00.000Z";"2025-02-06T06:16:00.000Z";"2781";0.1600783936;0.163205793;0.1588834756;0.1596148465;1490.63;0;0;"2025-02-06T23:59:59.999Z"
"2025-02-05T00:00:00.000Z";"2025-02-05T23:59:59.999Z";"2025-02-05T21:47:00.000Z";"2025-02-05T05:58:00.000Z";"2781";0.1511942921;0.1601036828;0.1509724512;0.1600783936;774.66;0;0;"2025-02-05T23:59:59.999Z"
"2025-02-04T00:00:00.000Z";"2025-02-04T23:59:59.999Z";"2025-02-04T00:29:00.000Z";"2025-02-04T10:47:00.000Z";"2781";0.1558454834;0.155869669;0.1486834159;0.1511942897;1261.29;0;0;"2025-02-04T23:59:59.999Z"
"2025-02-03T00:00:00.000Z";"2025-02-03T23:59:59.999Z";"2025-02-03T22:17:00.000Z";"2025-02-03T03:07:00.000Z";"2781";0.1497898144;0.1574894318;0.1444579685;0.1558454834;2665.45;0;0;"2025-02-03T23:59:59.999Z"
"2025-02-02T00:00:00.000Z";"2025-02-02T23:59:59.999Z";"2025-02-02T08:36:00.000Z";"2025-02-02T23:46:00.000Z";"2781";0.1588380113;0.159473102;0.1497895777;0.1497898144;1442.1;0;0;"2025-02-02T23:59:59.999Z"
"2025-02-01T00:00:00.000Z";"2025-02-01T23:59:59.999Z";"2025-02-01T06:49:00.000Z";"2025-02-01T23:40:00.000Z";"2781";0.1621327549;0.1625633527;0.1588376807;0.1588380113;236.1;0;0;"2025-02-01T23:59:59.999Z"
"2025-01-31T00:00:00.000Z";"2025-01-31T23:59:59.999Z";"2025-01-31T17:10:00.000Z";"2025-01-31T09:27:00.000Z";"2781";0.1607910284;0.1632898669;0.1602675386;0.1621327549;274.66;0;0;"2025-01-31T23:59:59.999Z"
"2025-01-30T00:00:00.000Z";"2025-01-30T23:59:59.999Z";"2025-01-30T13:49:00.000Z";"2025-01-30T00:19:00.000Z";"2781";0.1587114857;0.1624822278;0.1586661265;0.1607910284;244.51;0;0;"2025-01-30T23:59:59.999Z"
"2025-01-29T00:00:00.000Z";"2025-01-29T23:59:59.999Z";"2025-01-29T16:45:00.000Z";"2025-01-29T06:49:00.000Z";"2781";0.1574245817;0.1594652027;0.1544846554;0.1587114857;1440.15;0;0;"2025-01-29T23:59:59.999Z"
"2025-01-28T00:00:00.000Z";"2025-01-28T23:59:59.999Z";"2025-01-28T05:27:00.000Z";"2025-01-28T14:22:00.000Z";"2781";0.1779678659;0.1783387943;0.1572150863;0.1574446182;2581.38;0;0;"2025-01-28T23:59:59.999Z"
"2025-01-27T00:00:00.000Z";"2025-01-27T23:59:59.999Z";"2025-01-27T00:00:00.000Z";"2025-01-27T11:35:00.000Z";"2781";0.1837465408;0.1837465408;0.1762507087;0.1779678659;1120.67;0;0;"2025-01-27T23:59:59.999Z"
"2025-01-26T00:00:00.000Z";"2025-01-26T23:59:59.999Z";"2025-01-26T20:36:00.000Z";"2025-01-26T00:00:00.000Z";"2781";0.1814919953;0.1840776339;0.1814919953;0.1837465408;216.89;0;0;"2025-01-26T23:59:59.999Z"
"2025-01-25T00:00:00.000Z";"2025-01-25T23:59:59.999Z";"2025-01-25T00:03:00.000Z";"2025-01-25T07:24:00.000Z";"2781";0.1962965685;0.1962965685;0.1786926421;0.1814919953;1457.8;0;0;"2025-01-25T23:59:59.999Z"
"2025-01-24T00:00:00.000Z";"2025-01-24T23:59:59.999Z";"2025-01-24T10:46:00.000Z";"2025-01-24T01:38:00.000Z";"2781";0.1954712808;0.1984611607;0.1954651376;0.1962965685;281.68;0;0;"2025-01-24T23:59:59.999Z"
"2025-01-23T00:00:00.000Z";"2025-01-23T23:59:59.999Z";"2025-01-23T12:16:00.000Z";"2025-01-23T04:36:00.000Z";"2781";0.1944818252;0.2038538271;0.1879636253;0.1954712808;4588.96;0;0;"2025-01-23T23:59:59.999Z"
"2025-01-22T00:00:00.000Z";"2025-01-22T23:59:59.999Z";"2025-01-22T18:49:00.000Z";"2025-01-22T09:51:00.000Z";"2781";0.191506327;0.1944924919;0.1904661551;0.1944818252;442.16;0;0;"2025-01-22T23:59:59.999Z"
"2025-01-21T00:00:00.000Z";"2025-01-21T23:59:59.999Z";"2025-01-21T20:59:00.000Z";"2025-01-21T10:57:00.000Z";"2781";0.1901443939;0.1915214489;0.189647619;0.191506327;136.21;0;0;"2025-01-21T23:59:59.999Z"
"2025-01-20T00:00:00.000Z";"2025-01-20T23:59:59.999Z";"2025-01-20T09:25:00.000Z";"2025-01-20T22:49:00.000Z";"2781";0.19236568;0.195984105;0.190076458;0.1901443939;833.61;0;0;"2025-01-20T23:59:59.999Z"
"2025-01-19T00:00:00.000Z";"2025-01-19T23:59:59.999Z";"2025-01-19T19:11:00.000Z";"2025-01-19T10:58:00.000Z";"2781";0.1890200381;0.1947564045;0.1870348342;0.19236568;1213.4;0;0;"2025-01-19T23:59:59.999Z"
"2025-01-18T00:00:00.000Z";"2025-01-18T23:59:59.999Z";"2025-01-18T00:50:00.000Z";"2025-01-18T23:19:00.000Z";"2781";0.197856335;0.197856335;0.1880999257;0.1890200381;971.62;0;0;"2025-01-18T23:59:59.999Z"
"2025-01-17T00:00:00.000Z";"2025-01-17T23:59:59.999Z";"2025-01-17T16:58:00.000Z";"2025-01-17T08:29:00.000Z";"2781";0.1951756465;0.1997702243;0.1946919924;0.197856335;1049.85;0;0;"2025-01-17T23:59:59.999Z"
"2025-01-16T00:00:00.000Z";"2025-01-16T23:59:59.999Z";"2025-01-16T00:58:00.000Z";"2025-01-16T22:08:00.000Z";"2781";0.1979941548;0.1979946135;0.1880173452;0.188318058;2134.7;0;0;"2025-01-16T23:59:59.999Z"
"2025-01-15T00:00:00.000Z";"2025-01-15T23:59:59.999Z";"2025-01-15T23:29:00.000Z";"2025-01-15T11:56:00.000Z";"2781";0.1893505939;0.1998726335;0.1874551566;0.1979941548;2852.44;0;0;"2025-01-15T23:59:59.999Z"
"2025-01-14T00:00:00.000Z";"2025-01-14T23:59:59.999Z";"2025-01-14T21:53:00.000Z";"2025-01-14T02:56:00.000Z";"2781";0.1835627006;0.1914002549;0.1835619767;0.1893505939;1197.58;0;0;"2025-01-14T23:59:59.999Z"
"2025-01-13T00:00:00.000Z";"2025-01-13T23:59:59.999Z";"2025-01-13T22:37:00.000Z";"2025-01-13T13:23:00.000Z";"2781";0.1824973502;0.1839578122;0.1796856509;0.1835627006;1445.7;0;0;"2025-01-13T23:59:59.999Z"
"2025-01-12T00:00:00.000Z";"2025-01-12T23:59:59.999Z";"2025-01-12T23:11:00.000Z";"2025-01-12T14:12:00.000Z";"2781";0.1765837547;0.1824979183;0.1748528155;0.1824973502;867.23;0;0;"2025-01-12T23:59:59.999Z"
"2025-01-11T00:00:00.000Z";"2025-01-11T23:59:59.999Z";"2025-01-11T20:17:00.000Z";"2025-01-11T05:44:00.000Z";"2781";0.1702287147;0.1765896624;0.1692112591;0.1765837547;1024.51;0;0;"2025-01-11T23:59:59.999Z"
"2025-01-10T00:00:00.000Z";"2025-01-10T23:59:59.999Z";"2025-01-10T16:33:00.000Z";"2025-01-10T16:16:00.000Z";"2781";0.1680609545;0.1730621341;0.1673821663;0.1702287147;1689.34;0;0;"2025-01-10T23:59:59.999Z"
"2025-01-09T00:00:00.000Z";"2025-01-09T23:59:59.999Z";"2025-01-09T01:37:00.000Z";"2025-01-09T20:56:00.000Z";"2781";0.1732940024;0.1732940209;0.1680607089;0.1680609545;895.24;0;0;"2025-01-09T23:59:59.999Z"
"2025-01-08T00:00:00.000Z";"2025-01-08T23:59:59.999Z";"2025-01-08T04:14:00.000Z";"2025-01-08T17:58:00.000Z";"2781";0.1756239362;0.1764655937;0.1719710899;0.1732940024;474.77;0;0;"2025-01-08T23:59:59.999Z"
"2025-01-07T00:00:00.000Z";"2025-01-07T23:59:59.999Z";"2025-01-07T02:17:00.000Z";"2025-01-07T21:23:00.000Z";"2781";0.1919986641;0.1921647;0.17412188;0.1756239362;4037.05;0;0;"2025-01-07T23:59:59.999Z"
"2025-01-06T00:00:00.000Z";"2025-01-06T23:59:59.999Z";"2025-01-06T06:57:00.000Z";"2025-01-06T00:37:00.000Z";"2781";0.1888264488;0.1951205011;0.1885020023;0.1919986641;2882.28;0;0;"2025-01-06T23:59:59.999Z"
"2025-01-05T00:00:00.000Z";"2025-01-05T23:59:59.999Z";"2025-01-05T06:55:00.000Z";"2025-01-05T09:00:00.000Z";"2781";0.1851017705;0.1922952244;0.1805372461;0.1888264488;5260.7;0;0;"2025-01-05T23:59:59.999Z"
"2025-01-04T00:00:00.000Z";"2025-01-04T23:59:59.999Z";"2025-01-04T14:38:00.000Z";"2025-01-04T19:53:00.000Z";"2781";0.1908433778;0.1972910905;0.1833006948;0.1851017705;2715.59;0;0;"2025-01-04T23:59:59.999Z"
"2025-01-03T00:00:00.000Z";"2025-01-03T23:59:59.999Z";"2025-01-03T00:57:00.000Z";"2025-01-03T04:45:00.000Z";"2781";0.2332682722;0.2335638404;0.182574706;0.1908433778;10573.67;0;0;"2025-01-03T23:59:59.999Z"
"2025-01-02T00:00:00.000Z";"2025-01-02T23:59:59.999Z";"2025-01-02T02:13:00.000Z";"2025-01-02T20:40:00.000Z";"2781";0.3988146039;0.4011413299;0.2280073458;0.2332682722;17902.71;0;0;"2025-01-02T23:59:59.999Z"
"2025-01-01T00:00:00.000Z";"2025-01-01T23:59:59.999Z";"2025-01-01T17:53:00.000Z";"2025-01-01T06:40:00.000Z";"2781";0.3840997805;0.4497603642;0.3775386832;0.3988146039;11515.62;0;0;"2025-01-01T23:59:59.999Z"
"2024-12-31T00:00:00.000Z";"2024-12-31T23:59:59.999Z";"2024-12-31T16:43:00.000Z";"2024-12-31T20:21:00.000Z";"2781";0.3875659805;0.3885716297;0.3814668039;0.3840997805;1237.06;0;0;"2024-12-31T23:59:59.999Z"
"2024-12-30T00:00:00.000Z";"2024-12-30T23:59:59.999Z";"2024-12-30T12:32:00.000Z";"2024-12-30T16:51:00.000Z";"2781";0.3904078701;0.3917541694;0.3832624593;0.3875659805;1056.57;0;0;"2024-12-30T23:59:59.999Z"
"2024-12-29T00:00:00.000Z";"2024-12-29T23:59:59.999Z";"2024-12-29T14:18:00.000Z";"2024-12-29T22:20:00.000Z";"2781";0.3961518939;0.3978946392;0.3859400117;0.3904078701;669.19;0;0;"2024-12-29T23:59:59.999Z"
"2024-12-28T00:00:00.000Z";"2024-12-28T23:59:59.999Z";"2024-12-28T08:02:00.000Z";"2024-12-28T02:01:00.000Z";"2781";0.3993157007;0.4032016046;0.394879015;0.3961518939;958.17;0;0;"2024-12-28T23:59:59.999Z"
"2024-12-27T00:00:00.000Z";"2024-12-27T23:59:59.999Z";"2024-12-27T10:39:00.000Z";"2024-12-27T13:58:00.000Z";"2781";0.3974073101;0.4003433931;0.392504391;0.3993157007;2222.49;0;0;"2024-12-27T23:59:59.999Z"
"2024-12-26T00:00:00.000Z";"2024-12-26T23:59:59.999Z";"2024-12-26T01:06:00.000Z";"2024-12-26T08:58:00.000Z";"2781";0.4583282021;0.4589082263;0.3934101476;0.3974073101;4589.57;0;0;"2024-12-26T23:59:59.999Z"
"2024-12-25T00:00:00.000Z";"2024-12-25T23:59:59.999Z";"2024-12-25T14:35:00.000Z";"2024-12-25T19:52:00.000Z";"2781";0.4959681146;0.5140876114;0.4583139381;0.4583282021;5261.47;0;0;"2024-12-25T23:59:59.999Z"
"2024-12-24T00:00:00.000Z";"2024-12-24T23:59:59.999Z";"2024-12-24T03:53:00.000Z";"2024-12-24T20:37:00.000Z";"2781";0.515153115;0.5203632823;0.4881022425;0.4959681146;4449.97;0;0;"2024-12-24T23:59:59.999Z"
"2024-12-23T00:00:00.000Z";"2024-12-23T23:59:59.999Z";"2024-12-23T00:19:00.000Z";"2024-12-23T19:30:00.000Z";"2781";0.5298765629;0.5298765629;0.5079495109;0.515153115;1436.89;0;0;"2024-12-23T23:59:59.999Z"
"2024-12-22T00:00:00.000Z";"2024-12-22T23:59:59.999Z";"2024-12-22T05:19:00.000Z";"2024-12-22T20:27:00.000Z";"2781";0.5343480092;0.5345376801;0.5296809859;0.5298765629;132.42;0;0;"2024-12-22T23:59:59.999Z"
"2024-12-21T00:00:00.000Z";"2024-12-21T23:59:59.999Z";"2024-12-21T12:46:00.000Z";"2024-12-21T00:03:00.000Z";"2781";0.5203898761;0.5407156306;0.5203898761;0.5343480092;2442.54;0;0;"2024-12-21T23:59:59.999Z"
"2024-12-20T00:00:00.000Z";"2024-12-20T23:59:59.999Z";"2024-12-20T18:52:00.000Z";"2024-12-20T12:29:00.000Z";"2781";0.5055200869;0.5354849837;0.4915819151;0.5203898761;10530.93;0;0;"2024-12-20T23:59:59.999Z"
"2024-12-19T00:00:00.000Z";"2024-12-19T23:59:59.999Z";"2024-12-19T12:41:00.000Z";"2024-12-19T20:59:00.000Z";"2781";0.524605537;0.5301134104;0.4957956206;0.5055200869;5813.11;0;0;"2024-12-19T23:59:59.999Z"
"2024-12-18T00:00:00.000Z";"2024-12-18T23:59:59.999Z";"2024-12-18T06:48:00.000Z";"2024-12-18T15:41:00.000Z";"2781";0.5369844087;0.5413909498;0.4538438847;0.524605537;14123.2;0;0;"2024-12-18T23:59:59.999Z"
"2024-12-17T00:00:00.000Z";"2024-12-17T23:59:59.999Z";"2024-12-17T00:06:00.000Z";"2024-12-17T23:54:00.000Z";"2781";0.550867024;0.550867024;0.5369745682;0.5369844087;753.52;0;0;"2024-12-17T23:59:59.999Z"
"2024-12-16T00:00:00.000Z";"2024-12-16T23:59:59.999Z";"2024-12-16T17:58:00.000Z";"2024-12-16T00:26:00.000Z";"2781";0.5435296396;0.5712165533;0.5435296396;0.550867024;6895.31;0;0;"2024-12-16T23:59:59.999Z"
"2024-12-15T00:00:00.000Z";"2024-12-15T23:59:59.999Z";"2024-12-15T23:41:00.000Z";"2024-12-15T03:21:00.000Z";"2781";0.535779417;0.5435688292;0.5357627332;0.5435296396;222.13;0;0;"2024-12-15T23:59:59.999Z"
"2024-12-14T00:00:00.000Z";"2024-12-14T23:59:59.999Z";"2024-12-14T07:02:00.000Z";"2024-12-14T23:05:00.000Z";"2781";0.5501943326;0.5520165446;0.5353242459;0.535779417;1084.96;0;0;"2024-12-14T23:59:59.999Z"
"2024-12-13T00:00:00.000Z";"2024-12-13T23:59:59.999Z";"2024-12-13T15:58:00.000Z";"2024-12-13T00:10:00.000Z";"2781";0.5366361948;0.5504139454;0.5366361948;0.549361361;1767.62;0;0;"2024-12-13T23:59:59.999Z"
"2024-12-12T00:00:00.000Z";"2024-12-12T23:59:59.999Z";"2024-12-12T16:06:00.000Z";"2024-12-12T21:51:00.000Z";"2781";0.5552426366;0.5595731991;0.5365037123;0.5366361948;5646.96;0;0;"2024-12-12T23:59:59.999Z"
"2024-12-11T00:00:00.000Z";"2024-12-11T23:59:59.999Z";"2024-12-11T20:26:00.000Z";"2024-12-11T14:53:00.000Z";"2781";0.5546503419;0.5637220643;0.5460880434;0.5552426366;16477;0;0;"2024-12-11T23:59:59.999Z"
"2024-12-10T00:00:00.000Z";"2024-12-10T23:59:59.999Z";"2024-12-10T23:28:00.000Z";"2024-12-10T18:39:00.000Z";"2781";0.5399023807;0.5546908271;0.5359801278;0.5546503419;1695.98;0;0;"2024-12-10T23:59:59.999Z"
"2024-12-09T00:00:00.000Z";"2024-12-09T23:59:59.999Z";"2024-12-09T03:17:00.000Z";"2024-12-09T21:05:00.000Z";"2781";0.5475550865;0.5511029475;0.5380880318;0.5399023807;2098.83;0;0;"2024-12-09T23:59:59.999Z"
"2024-12-08T00:00:00.000Z";"2024-12-08T23:59:59.999Z";"2024-12-08T01:35:00.000Z";"2024-12-08T11:24:00.000Z";"2781";0.5538178372;0.5538209849;0.5364746497;0.5475560614;1388.24;0;0;"2024-12-08T23:59:59.999Z"
"2024-12-07T00:00:00.000Z";"2024-12-07T23:59:59.999Z";"2024-12-07T07:44:00.000Z";"2024-12-07T21:25:00.000Z";"2781";0.5525844291;0.5620165408;0.5421782698;0.5459020987;2056.87;0;0;"2024-12-07T23:59:59.999Z"
"2024-12-06T00:00:00.000Z";"2024-12-06T23:59:59.999Z";"2024-12-06T23:56:00.000Z";"2024-12-06T00:04:00.000Z";"2781";0.5306658086;0.55260648;0.5283945793;0.5525844291;1960.15;0;0;"2024-12-06T23:59:59.999Z"
"2024-12-05T00:00:00.000Z";"2024-12-05T23:59:59.999Z";"2024-12-05T00:20:00.000Z";"2024-12-05T20:27:00.000Z";"2781";0.5578163641;0.5578163641;0.5228052478;0.535086784;6910.21;0;0;"2024-12-05T23:59:59.999Z"
"2024-12-04T00:00:00.000Z";"2024-12-04T23:59:59.999Z";"2024-12-04T09:34:00.000Z";"2024-12-04T14:12:00.000Z";"2781";0.5523244132;0.5672866689;0.5423032321;0.5578163641;4975.91;0;0;"2024-12-04T23:59:59.999Z"
"2024-12-03T00:00:00.000Z";"2024-12-03T23:59:59.999Z";"2024-12-03T07:42:00.000Z";"2024-12-03T14:14:00.000Z";"2781";0.5534605487;0.556457345;0.5435211187;0.5523244132;4275.81;0;0;"2024-12-03T23:59:59.999Z"
"2024-12-02T00:00:00.000Z";"2024-12-02T23:59:59.999Z";"2024-12-02T23:46:00.000Z";"2024-12-02T19:35:00.000Z";"2781";0.5350536539;0.5568250825;0.5259180122;0.5534605487;5997.84;0;0;"2024-12-02T23:59:59.999Z"
"2024-12-01T00:00:00.000Z";"2024-12-01T23:59:59.999Z";"2024-12-01T16:40:00.000Z";"2024-12-01T03:49:00.000Z";"2781";0.5304198025;0.553251221;0.5269662802;0.5344632572;3707.61;0;0;"2024-12-01T23:59:59.999Z"
"2024-11-30T00:00:00.000Z";"2024-11-30T23:59:59.999Z";"2024-11-30T16:29:00.000Z";"2024-11-30T14:04:00.000Z";"2781";0.5199504586;0.6305388914;0.5124605952;0.5304198025;15808.13;0;0;"2024-11-30T23:59:59.999Z"
"2024-11-29T00:00:00.000Z";"2024-11-29T23:59:59.999Z";"2024-11-29T05:46:00.000Z";"2024-11-29T00:41:00.000Z";"2781";0.5066998758;0.5256680216;0.5061096976;0.5199504586;3526.7;0;0;"2024-11-29T23:59:59.999Z"
"2024-11-28T00:00:00.000Z";"2024-11-28T23:59:59.999Z";"2024-11-28T02:55:00.000Z";"2024-11-28T13:47:00.000Z";"2781";0.5223508677;0.562237281;0.499623151;0.5066998758;10080.67;0;0;"2024-11-28T23:59:59.999Z"
"2024-11-27T00:00:00.000Z";"2024-11-27T23:59:59.999Z";"2024-11-27T00:33:00.000Z";"2024-11-27T11:47:00.000Z";"2781";0.5454828846;0.5463716399;0.5150405259;0.5223508677;4130.7;0;0;"2024-11-27T23:59:59.999Z"
"2024-11-26T00:00:00.000Z";"2024-11-26T23:59:59.999Z";"2024-11-26T17:07:00.000Z";"2024-11-26T12:12:00.000Z";"2781";0.5451877114;0.5496266757;0.5348922059;0.5454828846;1333.32;0;0;"2024-11-26T23:59:59.999Z"
"2024-11-25T00:00:00.000Z";"2024-11-25T23:59:59.999Z";"2024-11-25T11:24:00.000Z";"2024-11-25T23:47:00.000Z";"2781";0.5527876553;0.5542516402;0.5451877001;0.5451877114;854.05;0;0;"2024-11-25T23:59:59.999Z"
"2024-11-24T00:00:00.000Z";"2024-11-24T23:59:59.999Z";"2024-11-24T08:58:00.000Z";"2024-11-24T16:26:00.000Z";"2781";0.5674096187;0.5710534991;0.5329829728;0.5527876553;11648.96;0;0;"2024-11-24T23:59:59.999Z"
"2024-11-23T00:00:00.000Z";"2024-11-23T23:59:59.999Z";"2024-11-23T08:40:00.000Z";"2024-11-23T17:23:00.000Z";"2781";0.5668814726;0.5764588087;0.5627308885;0.5674096187;4307.33;0;0;"2024-11-23T23:59:59.999Z"
"2024-11-22T00:00:00.000Z";"2024-11-22T23:59:59.999Z";"2024-11-22T00:14:00.000Z";"2024-11-22T20:37:00.000Z";"2781";0.5808376505;0.5809199127;0.5494086193;0.5668814726;4924.94;0;0;"2024-11-22T23:59:59.999Z"
"2024-11-21T00:00:00.000Z";"2024-11-21T23:59:59.999Z";"2024-11-21T06:25:00.000Z";"2024-11-21T17:41:00.000Z";"2781";0.6281918822;0.628577921;0.5784493141;0.5808376505;6395.65;0;0;"2024-11-21T23:59:59.999Z"
"2024-11-20T00:00:00.000Z";"2024-11-20T23:59:59.999Z";"2024-11-20T23:59:00.000Z";"2024-11-20T01:07:00.000Z";"2781";0.59879844;0.6281918822;0.5970899864;0.6281918822;3322.25;0;0;"2024-11-20T23:59:59.999Z"
"2024-11-19T00:00:00.000Z";"2024-11-19T23:59:59.999Z";"2024-11-19T08:18:00.000Z";"2024-11-19T16:36:00.000Z";"2781";0.6065313629;0.6076463754;0.5932016287;0.59879844;4281.52;0;0;"2024-11-19T23:59:59.999Z"
"2024-11-18T00:00:00.000Z";"2024-11-18T23:59:59.999Z";"2024-11-18T18:32:00.000Z";"2024-11-18T00:36:00.000Z";"2781";0.6030057286;0.6248714841;0.6014132885;0.6065313629;3843.31;0;0;"2024-11-18T23:59:59.999Z"
"2024-11-17T00:00:00.000Z";"2024-11-17T23:59:59.999Z";"2024-11-17T22:58:00.000Z";"2024-11-17T23:59:00.000Z";"2781";0.641167434;0.6451849206;0.6030057286;0.6030057286;8907.78;0;0;"2024-11-17T23:59:59.999Z"
"2024-11-16T00:00:00.000Z";"2024-11-16T23:59:59.999Z";"2024-11-16T22:15:00.000Z";"2024-11-16T00:18:00.000Z";"2781";0.628341439;0.6412922337;0.6283327328;0.641167434;547.56;0;0;"2024-11-16T23:59:59.999Z"
"2024-11-15T00:00:00.000Z";"2024-11-15T23:59:59.999Z";"2024-11-15T06:18:00.000Z";"2024-11-15T22:30:00.000Z";"2781";0.6371115897;0.6436009181;0.6283306034;0.628375316;1293.55;0;0;"2024-11-15T23:59:59.999Z"
"2024-11-14T00:00:00.000Z";"2024-11-14T23:59:59.999Z";"2024-11-14T17:24:00.000Z";"2024-11-14T14:20:00.000Z";"2781";0.6386145058;0.6470566932;0.6256332341;0.6371115897;6766.16;0;0;"2024-11-14T23:59:59.999Z"
"2024-11-13T00:00:00.000Z";"2024-11-13T23:59:59.999Z";"2024-11-13T01:03:00.000Z";"2024-11-13T15:37:00.000Z";"2781";0.6965629254;0.6965923868;0.6204618311;0.6386145058;22878.11;0;0;"2024-11-13T23:59:59.999Z"
"2024-11-12T00:00:00.000Z";"2024-11-12T23:59:59.999Z";"2024-11-12T04:48:00.000Z";"2024-11-12T21:06:00.000Z";"2781";0.7194175422;0.7243877486;0.6753557107;0.694540591;14091.67;0;0;"2024-11-12T23:59:59.999Z"
"2024-11-11T00:00:00.000Z";"2024-11-11T23:59:59.999Z";"2024-11-11T17:34:00.000Z";"2024-11-11T15:22:00.000Z";"2781";0.6892030695;0.7563282732;0.6720909816;0.7195051152;18094.54;0;0;"2024-11-11T23:59:59.999Z"
"2024-11-10T00:00:00.000Z";"2024-11-10T23:59:59.999Z";"2024-11-10T05:48:00.000Z";"2024-11-10T22:20:00.000Z";"2781";0.7161955846;0.7265048788;0.6889560269;0.6892030695;6857.3;0;0;"2024-11-10T23:59:59.999Z"
"2024-11-09T00:00:00.000Z";"2024-11-09T23:59:59.999Z";"2024-11-09T23:38:00.000Z";"2024-11-09T06:56:00.000Z";"2781";0.7111963376;0.7161961377;0.7026203169;0.7161955846;1739.9;0;0;"2024-11-09T23:59:59.999Z"
"2024-11-08T00:00:00.000Z";"2024-11-08T23:59:59.999Z";"2024-11-08T13:13:00.000Z";"2024-11-08T11:31:00.000Z";"2781";0.7111543352;0.7139943383;0.7094004053;0.7111963376;513.49;0;0;"2024-11-08T23:59:59.999Z"
"2024-11-07T00:00:00.000Z";"2024-11-07T23:59:59.999Z";"2024-11-07T03:04:00.000Z";"2024-11-07T15:47:00.000Z";"2781";0.744266862;0.751012372;0.7042772482;0.7110434021;6887.2;0;0;"2024-11-07T23:59:59.999Z"
"2024-11-06T00:00:00.000Z";"2024-11-06T23:59:59.999Z";"2024-11-06T22:48:00.000Z";"2024-11-06T00:36:00.000Z";"2781";0.6992839486;0.7352420191;0.6992551593;0.734872673;12114.17;0;0;"2024-11-06T23:59:59.999Z"
"2024-11-05T00:00:00.000Z";"2024-11-05T23:59:59.999Z";"2024-11-05T20:46:00.000Z";"2024-11-05T21:22:00.000Z";"2781";0.7092113643;0.7211654134;0.6881866793;0.6992839486;3845.49;0;0;"2024-11-05T23:59:59.999Z"
"2024-11-04T00:00:00.000Z";"2024-11-04T23:59:59.999Z";"2024-11-04T02:56:00.000Z";"2024-11-04T22:06:00.000Z";"2781";0.7408591624;0.7427387869;0.6917723536;0.7092113643;7070.9;0;0;"2024-11-04T23:59:59.999Z"
"2024-11-03T00:00:00.000Z";"2024-11-03T23:59:59.999Z";"2024-11-03T02:38:00.000Z";"2024-11-03T18:57:00.000Z";"2781";0.7380686521;0.7431292757;0.732978646;0.7408593514;1845.39;0;0;"2024-11-03T23:59:59.999Z"
"2024-11-02T00:00:00.000Z";"2024-11-02T23:59:59.999Z";"2024-11-02T08:37:00.000Z";"2024-11-02T12:42:00.000Z";"2781";0.7409423697;0.7413541837;0.7278851003;0.7380686521;1301.77;0;0;"2024-11-02T23:59:59.999Z"
"2024-11-01T00:00:00.000Z";"2024-11-01T23:59:59.999Z";"2024-11-01T01:07:00.000Z";"2024-11-01T06:37:00.000Z";"2781";0.770489989;0.7724376848;0.7149175417;0.7409423697;7614.53;0;0;"2024-11-01T23:59:59.999Z"
"2024-10-31T00:00:00.000Z";"2024-10-31T23:59:59.999Z";"2024-10-31T00:25:00.000Z";"2024-10-31T23:10:00.000Z";"2781";0.8555869755;0.8555869755;0.754998923;0.770489989;6818.67;0;0;"2024-10-31T23:59:59.999Z"
"2024-10-30T00:00:00.000Z";"2024-10-30T23:59:59.999Z";"2024-10-30T16:50:00.000Z";"2024-10-30T23:59:00.000Z";"2781";0.8611150498;0.8783055574;0.8555869755;0.8555869755;2003.34;0;0;"2024-10-30T23:59:59.999Z"
"2024-10-29T00:00:00.000Z";"2024-10-29T23:59:59.999Z";"2024-10-29T04:34:00.000Z";"2024-10-29T00:08:00.000Z";"2781";0.8367412028;0.8618752144;0.8294659617;0.8611150498;5446.5;0;0;"2024-10-29T23:59:59.999Z"
"2024-10-28T00:00:00.000Z";"2024-10-28T23:59:59.999Z";"2024-10-28T12:06:00.000Z";"2024-10-28T03:44:00.000Z";"2781";0.8197291106;0.8443357853;0.8106947584;0.8367412028;5335.75;0;0;"2024-10-28T23:59:59.999Z"
"2024-10-27T00:00:00.000Z";"2024-10-27T23:59:59.999Z";"2024-10-27T21:36:00.000Z";"2024-10-27T04:57:00.000Z";"2781";0.8049580027;0.8292726926;0.7973401855;0.8197291106;3144.35;0;0;"2024-10-27T23:59:59.999Z"
"2024-10-26T00:00:00.000Z";"2024-10-26T23:59:59.999Z";"2024-10-26T20:36:00.000Z";"2024-10-26T00:33:00.000Z";"2781";0.7882650401;0.8055070973;0.7809293569;0.8049580027;1009.68;0;0;"2024-10-26T23:59:59.999Z"
"2024-10-25T00:00:00.000Z";"2024-10-25T23:59:59.999Z";"2024-10-25T13:34:00.000Z";"2024-10-25T14:36:00.000Z";"2781";0.8109741635;0.819318665;0.7802467377;0.7882650401;5696.33;0;0;"2024-10-25T23:59:59.999Z"
"2024-10-24T00:00:00.000Z";"2024-10-24T23:59:59.999Z";"2024-10-24T00:05:00.000Z";"2024-10-24T08:07:00.000Z";"2781";0.8682312608;0.8682312608;0.7954335921;0.8110114557;5602.73;0;0;"2024-10-24T23:59:59.999Z"
"2024-10-23T00:00:00.000Z";"2024-10-23T23:59:59.999Z";"2024-10-23T07:48:00.000Z";"2024-10-23T18:07:00.000Z";"2781";0.8717541335;0.8738622676;0.8564487762;0.856974197;1214.3;0;0;"2024-10-23T23:59:59.999Z"
"2024-10-22T00:00:00.000Z";"2024-10-22T23:59:59.999Z";"2024-10-22T09:37:00.000Z";"2024-10-22T01:21:00.000Z";"2781";0.8716340631;0.8749228866;0.8574782616;0.8717541335;4224.74;0;0;"2024-10-22T23:59:59.999Z"
"2024-10-21T00:00:00.000Z";"2024-10-21T23:59:59.999Z";"2024-10-21T09:34:00.000Z";"2024-10-21T02:20:00.000Z";"2781";0.8664272779;0.8832454964;0.8623511028;0.8716340631;2672.17;0;0;"2024-10-21T23:59:59.999Z"
"2024-10-20T00:00:00.000Z";"2024-10-20T23:59:59.999Z";"2024-10-20T17:06:00.000Z";"2024-10-20T10:32:00.000Z";"2781";0.8576990011;0.8876227061;0.8461981518;0.8664272779;6749.71;0;0;"2024-10-20T23:59:59.999Z"
"2024-10-19T00:00:00.000Z";"2024-10-19T23:59:59.999Z";"2024-10-19T19:35:00.000Z";"2024-10-19T04:04:00.000Z";"2781";0.8382167181;0.8594268488;0.8381674563;0.8576990011;636.44;0;0;"2024-10-19T23:59:59.999Z"
"2024-10-18T00:00:00.000Z";"2024-10-18T23:59:59.999Z";"2024-10-18T21:13:00.000Z";"2024-10-18T15:04:00.000Z";"2781";0.8239401368;0.8392238017;0.8238422094;0.8382167181;1089.13;0;0;"2024-10-18T23:59:59.999Z"
"2024-10-17T00:00:00.000Z";"2024-10-17T23:59:59.999Z";"2024-10-17T00:38:00.000Z";"2024-10-17T08:42:00.000Z";"2781";0.8675900796;0.8675900796;0.7953563144;0.8239401368;5768.34;0;0;"2024-10-17T23:59:59.999Z"
"2024-10-16T00:00:00.000Z";"2024-10-16T23:59:59.999Z";"2024-10-16T16:46:00.000Z";"2024-10-16T00:10:00.000Z";"2781";0.8465483593;0.8799386046;0.8465483593;0.8675900796;7048.66;0;0;"2024-10-16T23:59:59.999Z"
"2024-10-15T00:00:00.000Z";"2024-10-15T23:59:59.999Z";"2024-10-15T11:47:00.000Z";"2024-10-15T00:19:00.000Z";"2781";0.8281798205;0.8503198556;0.8276059676;0.8427413481;4162.16;0;0;"2024-10-15T23:59:59.999Z"
"2024-10-14T00:00:00.000Z";"2024-10-14T23:59:59.999Z";"2024-10-14T14:37:00.000Z";"2024-10-14T01:35:00.000Z";"2781";0.7971160659;0.8368445419;0.7819638965;0.8281798205;9293.93;0;0;"2024-10-14T23:59:59.999Z"
"2024-10-13T00:00:00.000Z";"2024-10-13T23:59:59.999Z";"2024-10-13T19:17:00.000Z";"2024-10-13T00:47:00.000Z";"2781";0.7858067613;0.800049963;0.7858067613;0.7971160659;2207.02;0;0;"2024-10-13T23:59:59.999Z"
"2024-10-12T00:00:00.000Z";"2024-10-12T23:59:59.999Z";"2024-10-12T03:43:00.000Z";"2024-10-12T10:50:00.000Z";"2781";0.8561451496;0.8946905593;0.7243908019;0.7858067613;27221.27;0;0;"2024-10-12T23:59:59.999Z"
"2024-10-11T00:00:00.000Z";"2024-10-11T23:59:59.999Z";"2024-10-11T15:40:00.000Z";"2024-10-11T02:48:00.000Z";"2781";0.8295324463;0.8575275808;0.8250182487;0.8561451496;7725.16;0;0;"2024-10-11T23:59:59.999Z"
"2024-10-10T00:00:00.000Z";"2024-10-10T23:59:59.999Z";"2024-10-10T15:15:00.000Z";"2024-10-10T00:04:00.000Z";"2781";0.7507953041;0.8577295989;0.7507953041;0.8295324463;22932.11;0;0;"2024-10-10T23:59:59.999Z"
"2024-10-09T00:00:00.000Z";"2024-10-09T23:59:59.999Z";"2024-10-09T16:49:00.000Z";"2024-10-09T04:57:00.000Z";"2781";0.7173881843;0.9134249035;0.7076414169;0.7507953041;33217.82;0;0;"2024-10-09T23:59:59.999Z"
"2024-10-08T00:00:00.000Z";"2024-10-08T23:59:59.999Z";"2024-10-08T06:29:00.000Z";"2024-10-08T19:52:00.000Z";"2781";0.7192776876;0.7362425873;0.6949836231;0.7173872435;10466.24;0;0;"2024-10-08T23:59:59.999Z"
"2024-10-07T00:00:00.000Z";"2024-10-07T23:59:59.999Z";"2024-10-07T06:27:00.000Z";"2024-10-07T00:22:00.000Z";"2781";0.7124464829;0.7288228457;0.7124464829;0.7192776876;2134.62;0;0;"2024-10-07T23:59:59.999Z"
"2024-10-06T00:00:00.000Z";"2024-10-06T23:59:59.999Z";"2024-10-06T22:24:00.000Z";"2024-10-06T08:55:00.000Z";"2781";0.7014904173;0.7124547836;0.7014494252;0.7124464829;353.28;0;0;"2024-10-06T23:59:59.999Z"
"2024-10-05T00:00:00.000Z";"2024-10-05T23:59:59.999Z";"2024-10-05T08:52:00.000Z";"2024-10-05T15:07:00.000Z";"2781";0.7104530603;0.7205214915;0.6979520634;0.7014904173;2631.92;0;0;"2024-10-05T23:59:59.999Z"
"2024-10-04T00:00:00.000Z";"2024-10-04T23:59:59.999Z";"2024-10-04T17:28:00.000Z";"2024-10-04T01:25:00.000Z";"2781";0.6879776213;0.7154392676;0.6879771594;0.7104530603;2340.97;0;0;"2024-10-04T23:59:59.999Z"
"2024-10-03T00:00:00.000Z";"2024-10-03T23:59:59.999Z";"2024-10-03T16:13:00.000Z";"2024-10-03T06:37:00.000Z";"2781";0.6856447048;0.6896254371;0.6544813388;0.6879774963;5195.22;0;0;"2024-10-03T23:59:59.999Z"
"2024-10-02T00:00:00.000Z";"2024-10-02T23:59:59.999Z";"2024-10-02T15:24:00.000Z";"2024-10-02T00:30:00.000Z";"2781";0.7097415313;0.7339167477;0.6739573367;0.6856447048;17504.83;0;0;"2024-10-02T23:59:59.999Z"
"2024-10-01T00:00:00.000Z";"2024-10-01T23:59:59.999Z";"2024-10-01T11:49:00.000Z";"2024-10-01T04:42:00.000Z";"2781";0.6902616187;0.71408179;0.6860640211;0.7097415313;8333.17;0;0;"2024-10-01T23:59:59.999Z"
"2024-09-30T00:00:00.000Z";"2024-09-30T23:59:59.999Z";"2024-09-30T21:29:00.000Z";"2024-09-30T10:49:00.000Z";"2781";0.6927040403;0.7280675152;0.6689697781;0.6902616187;36660.98;0;0;"2024-09-30T23:59:59.999Z"
"2024-09-29T00:00:00.000Z";"2024-09-29T23:59:59.999Z";"2024-09-29T22:59:00.000Z";"2024-09-29T04:54:00.000Z";"2781";0.6796616077;0.6927040403;0.676397358;0.6927040403;996.15;0;0;"2024-09-29T23:59:59.999Z"
"2024-09-28T00:00:00.000Z";"2024-09-28T23:59:59.999Z";"2024-09-28T06:30:00.000Z";"2024-09-28T00:18:00.000Z";"2781";0.6666437579;0.762371138;0.6666397109;0.6796616077;10922.17;0;0;"2024-09-28T23:59:59.999Z"
"2024-09-27T00:00:00.000Z";"2024-09-27T23:59:59.999Z";"2024-09-27T18:49:00.000Z";"2024-09-27T01:22:00.000Z";"2781";0.6494533504;0.6770037924;0.649313236;0.6666437579;2023.24;0;0;"2024-09-27T23:59:59.999Z"
"2024-09-26T00:00:00.000Z";"2024-09-26T23:59:59.999Z";"2024-09-26T02:49:00.000Z";"2024-09-26T07:59:00.000Z";"2781";0.6602959814;0.6603591415;0.6090730588;0.6494533504;11179.4;0;0;"2024-09-26T23:59:59.999Z"
"2024-09-25T00:00:00.000Z";"2024-09-25T23:59:59.999Z";"2024-09-25T01:32:00.000Z";"2024-09-25T22:23:00.000Z";"2781";0.6898587338;0.7055168404;0.6568832322;0.6602959814;5765.14;0;0;"2024-09-25T23:59:59.999Z"
"2024-09-24T00:00:00.000Z";"2024-09-24T23:59:59.999Z";"2024-09-24T10:58:00.000Z";"2024-09-24T12:56:00.000Z";"2781";0.6922103755;0.7042242349;0.6855718166;0.6898587338;5398.05;0;0;"2024-09-24T23:59:59.999Z"
"2024-09-23T00:00:00.000Z";"2024-09-23T23:59:59.999Z";"2024-09-23T17:14:00.000Z";"2024-09-23T00:57:00.000Z";"2781";0.6926385189;0.7064874031;0.6880760921;0.6922103755;3698.41;0;0;"2024-09-23T23:59:59.999Z"
"2024-09-22T00:00:00.000Z";"2024-09-22T23:59:59.999Z";"2024-09-22T00:21:00.000Z";"2024-09-22T22:47:00.000Z";"2781";0.704826068;0.7059060458;0.6881020507;0.6926385189;7170.8;0;0;"2024-09-22T23:59:59.999Z"
"2024-09-21T00:00:00.000Z";"2024-09-21T23:59:59.999Z";"2024-09-21T23:58:00.000Z";"2024-09-21T00:17:00.000Z";"2781";0.6701923897;0.704826068;0.6701234211;0.704826068;3689.5;0;0;"2024-09-21T23:59:59.999Z"
"2024-09-20T00:00:00.000Z";"2024-09-20T23:59:59.999Z";"2024-09-20T21:33:00.000Z";"2024-09-20T01:32:00.000Z";"2781";0.6684578813;0.699077958;0.6657531352;0.6701923897;5576.44;0;0;"2024-09-20T23:59:59.999Z"
"2024-09-19T00:00:00.000Z";"2024-09-19T23:59:59.999Z";"2024-09-19T00:36:00.000Z";"2024-09-19T07:20:00.000Z";"2781";0.6937549887;0.7002650397;0.6357962373;0.6684578813;8343.81;0;0;"2024-09-19T23:59:59.999Z"
"2024-09-18T00:00:00.000Z";"2024-09-18T23:59:59.999Z";"2024-09-18T18:49:00.000Z";"2024-09-18T03:33:00.000Z";"2781";0.649102839;0.7189535246;0.6490145371;0.6937549887;8131.81;0;0;"2024-09-18T23:59:59.999Z"
"2024-09-17T00:00:00.000Z";"2024-09-17T23:59:59.999Z";"2024-09-17T20:06:00.000Z";"2024-09-17T02:48:00.000Z";"2781";0.6349271599;0.6560246578;0.6348559727;0.649102839;1061.72;0;0;"2024-09-17T23:59:59.999Z"
"2024-09-16T00:00:00.000Z";"2024-09-16T23:59:59.999Z";"2024-09-16T13:10:00.000Z";"2024-09-16T07:53:00.000Z";"2781";0.6346346209;0.6402851692;0.6287231089;0.6349271599;2101.92;0;0;"2024-09-16T23:59:59.999Z"
"2024-09-15T00:00:00.000Z";"2024-09-15T23:59:59.999Z";"2024-09-15T11:58:00.000Z";"2024-09-15T23:49:00.000Z";"2781";0.6415083456;0.6441465017;0.6346346209;0.6346346209;343.36;0;0;"2024-09-15T23:59:59.999Z"
"2024-09-14T00:00:00.000Z";"2024-09-14T23:59:59.999Z";"2024-09-14T11:16:00.000Z";"2024-09-14T03:59:00.000Z";"2781";0.6407719458;0.6442415412;0.6405539319;0.6415083456;36.81;0;0;"2024-09-14T23:59:59.999Z"
"2024-09-13T00:00:00.000Z";"2024-09-13T23:59:59.999Z";"2024-09-13T03:58:00.000Z";"2024-09-13T00:00:00.000Z";"2781";0.6301867347;0.6648705076;0.6301867347;0.6407719458;7035.41;0;0;"2024-09-13T23:59:59.999Z"
"2024-09-12T00:00:00.000Z";"2024-09-12T23:59:59.999Z";"2024-09-12T08:58:00.000Z";"2024-09-12T09:30:00.000Z";"2781";0.6616641411;0.6694470355;0.6063876771;0.6301867347;10346.09;0;0;"2024-09-12T23:59:59.999Z"
"2024-09-11T00:00:00.000Z";"2024-09-11T23:59:59.999Z";"2024-09-11T23:33:00.000Z";"2024-09-11T09:05:00.000Z";"2781";0.6578554624;0.6616641411;0.6560984253;0.6616641411;926.31;0;0;"2024-09-11T23:59:59.999Z"
"2024-09-10T00:00:00.000Z";"2024-09-10T23:59:59.999Z";"2024-09-10T19:37:00.000Z";"2024-09-10T17:17:00.000Z";"2781";0.6587507259;0.661184203;0.657110664;0.6578554624;702.48;0;0;"2024-09-10T23:59:59.999Z"
"2024-09-09T00:00:00.000Z";"2024-09-09T23:59:59.999Z";"2024-09-09T09:33:00.000Z";"2024-09-09T10:36:00.000Z";"2781";0.6562811122;0.698252349;0.643950965;0.6587507259;15675.43;0;0;"2024-09-09T23:59:59.999Z"
"2024-09-08T00:00:00.000Z";"2024-09-08T23:59:59.999Z";"2024-09-08T22:29:00.000Z";"2024-09-08T08:54:00.000Z";"2781";0.649560063;0.6562863142;0.6495556707;0.6562811122;252.8;0;0;"2024-09-08T23:59:59.999Z"
"2024-09-07T00:00:00.000Z";"2024-09-07T23:59:59.999Z";"2024-09-07T21:27:00.000Z";"2024-09-07T00:39:00.000Z";"2781";0.6389237541;0.6521312011;0.6389192351;0.649560063;1630.61;0;0;"2024-09-07T23:59:59.999Z"
"2024-09-06T00:00:00.000Z";"2024-09-06T23:59:59.999Z";"2024-09-06T12:40:00.000Z";"2024-09-06T20:55:00.000Z";"2781";0.6440523189;0.6524365461;0.6370601884;0.6389237541;1884.3;0;0;"2024-09-06T23:59:59.999Z"
"2024-09-05T00:00:00.000Z";"2024-09-05T23:59:59.999Z";"2024-09-05T01:38:00.000Z";"2024-09-05T07:58:00.000Z";"2781";0.7028426115;0.7028441015;0.63849936;0.6440523189;9390.23;0;0;"2024-09-05T23:59:59.999Z"
"2024-09-04T00:00:00.000Z";"2024-09-04T23:59:59.999Z";"2024-09-04T06:42:00.000Z";"2024-09-04T01:10:00.000Z";"2781";0.5981714162;0.7563155336;0.5965043661;0.7028426115;27831.9;0;0;"2024-09-04T23:59:59.999Z"
"2024-09-03T00:00:00.000Z";"2024-09-03T23:59:59.999Z";"2024-09-03T13:04:00.000Z";"2024-09-03T18:59:00.000Z";"2781";0.6111357389;0.6234524146;0.5981709664;0.5981714162;3508.97;0;0;"2024-09-03T23:59:59.999Z"
"2024-09-02T00:00:00.000Z";"2024-09-02T23:59:59.999Z";"2024-09-02T18:58:00.000Z";"2024-09-02T08:14:00.000Z";"2781";0.5975135251;0.6118404797;0.5925239681;0.6111357389;2409.48;0;0;"2024-09-02T23:59:59.999Z"
"2024-09-01T00:00:00.000Z";"2024-09-01T23:59:59.999Z";"2024-09-01T23:58:00.000Z";"2024-09-01T00:32:00.000Z";"2781";0.5793340197;0.5975135251;0.579334011;0.5975135251;2002.58;0;0;"2024-09-01T23:59:59.999Z"
"2024-08-31T00:00:00.000Z";"2024-08-31T23:59:59.999Z";"2024-08-31T21:28:00.000Z";"2024-08-31T07:45:00.000Z";"2781";0.5560728875;0.5794401693;0.5528251067;0.5793340197;2838.37;0;0;"2024-08-31T23:59:59.999Z"
"2024-08-30T00:00:00.000Z";"2024-08-30T23:59:59.999Z";"2024-08-30T12:01:00.000Z";"2024-08-30T16:36:00.000Z";"2781";0.5539745881;0.5644805533;0.5472843728;0.5560728875;1972.02;0;0;"2024-08-30T23:59:59.999Z"
"2024-08-29T00:00:00.000Z";"2024-08-29T23:59:59.999Z";"2024-08-29T00:41:00.000Z";"2024-08-29T23:49:00.000Z";"2781";0.5885163976;0.5885163997;0.5476566976;0.5539745881;4276.9;0;0;"2024-08-29T23:59:59.999Z"
"2024-08-28T00:00:00.000Z";"2024-08-28T23:59:59.999Z";"2024-08-28T23:37:00.000Z";"2024-08-28T03:44:00.000Z";"2781";0.5515603495;0.5885164464;0.5483591114;0.5885163976;7743.62;0;0;"2024-08-28T23:59:59.999Z"
"2024-08-27T00:00:00.000Z";"2024-08-27T23:59:59.999Z";"2024-08-27T00:22:00.000Z";"2024-08-27T15:22:00.000Z";"2781";0.5828602756;0.5835505094;0.5455275276;0.5515603495;4441.19;0;0;"2024-08-27T23:59:59.999Z"
"2024-08-26T00:00:00.000Z";"2024-08-26T23:59:59.999Z";"2024-08-26T17:40:00.000Z";"2024-08-26T20:07:00.000Z";"2781";0.5865292774;0.5907301599;0.5828371765;0.5828602756;555.85;0;0;"2024-08-26T23:59:59.999Z"
"2024-08-25T00:00:00.000Z";"2024-08-25T23:59:59.999Z";"2024-08-25T23:46:00.000Z";"2024-08-25T05:18:00.000Z";"2781";0.5828867807;0.5865292774;0.5777843068;0.5865292774;1958.13;0;0;"2024-08-25T23:59:59.999Z"
"2024-08-24T00:00:00.000Z";"2024-08-24T23:59:59.999Z";"2024-08-24T20:45:00.000Z";"2024-08-24T00:00:00.000Z";"2781";0.5530371252;0.5842675718;0.5530371252;0.5828867807;2293.09;0;0;"2024-08-24T23:59:59.999Z"
"2024-08-23T00:00:00.000Z";"2024-08-23T23:59:59.999Z";"2024-08-23T05:40:00.000Z";"2024-08-23T17:14:00.000Z";"2781";0.5453899998;0.5746705167;0.5363681773;0.5530371252;8678.22;0;0;"2024-08-23T23:59:59.999Z"
"2024-08-22T00:00:00.000Z";"2024-08-22T23:59:59.999Z";"2024-08-22T07:30:00.000Z";"2024-08-22T08:23:00.000Z";"2781";0.5474499966;0.5524813533;0.515184036;0.5453899998;5782.35;0;0;"2024-08-22T23:59:59.999Z"
"2024-08-21T00:00:00.000Z";"2024-08-21T23:59:59.999Z";"2024-08-21T00:59:00.000Z";"2024-08-21T03:32:00.000Z";"2781";0.5519268571;0.552801543;0.5337601895;0.5474499966;5029.37;0;0;"2024-08-21T23:59:59.999Z"
"2024-08-20T00:00:00.000Z";"2024-08-20T23:59:59.999Z";"2024-08-20T10:57:00.000Z";"2024-08-20T22:14:00.000Z";"2781";0.5725337105;0.5835268676;0.5313427571;0.5375196645;3967.35;0;0;"2024-08-20T23:59:59.999Z"
"2024-08-19T00:00:00.000Z";"2024-08-19T23:59:59.999Z";"2024-08-19T07:58:00.000Z";"2024-08-19T15:14:00.000Z";"2781";0.5792167795;0.5792332072;0.5724321564;0.5725337105;253.94;0;0;"2024-08-19T23:59:59.999Z"
"2024-08-18T00:00:00.000Z";"2024-08-18T23:59:59.999Z";"2024-08-18T13:47:00.000Z";"2024-08-18T01:23:00.000Z";"2781";0.5624173943;0.5952180291;0.5619921036;0.5792167795;6270.95;0;0;"2024-08-18T23:59:59.999Z"
"2024-08-17T00:00:00.000Z";"2024-08-17T23:59:59.999Z";"2024-08-17T01:52:00.000Z";"2024-08-17T12:40:00.000Z";"2781";0.5628435618;0.5634568183;0.5551311142;0.5624173943;1900.32;0;0;"2024-08-17T23:59:59.999Z"
"2024-08-16T00:00:00.000Z";"2024-08-16T23:59:59.999Z";"2024-08-16T12:14:00.000Z";"2024-08-16T00:50:00.000Z";"2781";0.5572514475;0.564636266;0.5572003847;0.5628435618;684.09;0;0;"2024-08-16T23:59:59.999Z"
"2024-08-15T00:00:00.000Z";"2024-08-15T23:59:59.999Z";"2024-08-15T00:08:00.000Z";"2024-08-15T12:45:00.000Z";"2781";0.5969082024;0.5969082024;0.5495449791;0.5572514475;5305.6;0;0;"2024-08-15T23:59:59.999Z"
"2024-08-14T00:00:00.000Z";"2024-08-14T23:59:59.999Z";"2024-08-14T03:38:00.000Z";"2024-08-14T11:43:00.000Z";"2781";0.6444807909;0.6473993476;0.5872287613;0.5969082024;11621.69;0;0;"2024-08-14T23:59:59.999Z"
"2024-08-13T00:00:00.000Z";"2024-08-13T23:59:59.999Z";"2024-08-13T13:38:00.000Z";"2024-08-13T13:26:00.000Z";"2781";0.6544968805;0.6741196824;0.6160593284;0.6444807909;54821.59;0;0;"2024-08-13T23:59:59.999Z"
"2024-08-12T00:00:00.000Z";"2024-08-12T23:59:59.999Z";"2024-08-12T12:58:00.000Z";"2024-08-12T14:28:00.000Z";"2781";0.7193403357;0.7287929441;0.6422205386;0.6544968805;13805.85;0;0;"2024-08-12T23:59:59.999Z"
"2024-08-11T00:00:00.000Z";"2024-08-11T23:59:59.999Z";"2024-08-11T09:25:00.000Z";"2024-08-11T00:24:00.000Z";"2781";0.7121328165;0.7279848147;0.7121328165;0.7193403357;2267.39;0;0;"2024-08-11T23:59:59.999Z"
"2024-08-10T00:00:00.000Z";"2024-08-10T23:59:59.999Z";"2024-08-10T14:44:00.000Z";"2024-08-10T17:55:00.000Z";"2781";0.7154966959;0.7373288568;0.71197333;0.7121328165;3823.47;0;0;"2024-08-10T23:59:59.999Z"
"2024-08-09T00:00:00.000Z";"2024-08-09T23:59:59.999Z";"2024-08-09T01:19:00.000Z";"2024-08-09T23:28:00.000Z";"2781";0.7333504654;0.7400668565;0.7125002368;0.7154966959;6868.85;0;0;"2024-08-09T23:59:59.999Z"
"2024-08-08T00:00:00.000Z";"2024-08-08T23:59:59.999Z";"2024-08-08T23:36:00.000Z";"2024-08-08T09:09:00.000Z";"2781";0.6793044765;0.7333812419;0.6218796786;0.7333504654;16632.18;0;0;"2024-08-08T23:59:59.999Z"
"2024-08-07T00:00:00.000Z";"2024-08-07T23:59:59.999Z";"2024-08-07T19:49:00.000Z";"2024-08-07T03:07:00.000Z";"2781";0.6338979937;0.6861843899;0.6118628357;0.6793044765;21124.96;0;0;"2024-08-07T23:59:59.999Z"
"2024-08-06T00:00:00.000Z";"2024-08-06T23:59:59.999Z";"2024-08-06T15:12:00.000Z";"2024-08-06T00:49:00.000Z";"2781";0.6062189532;0.6463896544;0.606175988;0.6338979937;7254.59;0;0;"2024-08-06T23:59:59.999Z"
"2024-08-05T00:00:00.000Z";"2024-08-05T23:59:59.999Z";"2024-08-05T21:22:00.000Z";"2024-08-05T02:32:00.000Z";"2781";0.5758138748;0.6066183026;0.5435015899;0.6062189532;30945.48;0;0;"2024-08-05T23:59:59.999Z"
"2024-08-04T00:00:00.000Z";"2024-08-04T23:59:59.999Z";"2024-08-04T00:45:00.000Z";"2024-08-04T23:28:00.000Z";"2781";0.5991839831;0.603483237;0.5718906447;0.5758138748;3315.28;0;0;"2024-08-04T23:59:59.999Z"
"2024-08-03T00:00:00.000Z";"2024-08-03T23:59:59.999Z";"2024-08-03T00:28:00.000Z";"2024-08-03T22:43:00.000Z";"2781";0.6196414263;0.6196414263;0.5991612346;0.5991839831;3091.66;0;0;"2024-08-03T23:59:59.999Z"
"2024-08-02T00:00:00.000Z";"2024-08-02T23:59:59.999Z";"2024-08-02T20:28:00.000Z";"2024-08-02T02:31:00.000Z";"2781";0.5678739945;0.6206736014;0.5678310896;0.6196414263;7976.35;0;0;"2024-08-02T23:59:59.999Z"
"2024-08-01T00:00:00.000Z";"2024-08-01T23:59:59.999Z";"2024-08-01T00:13:00.000Z";"2024-08-01T11:57:00.000Z";"2781";0.5950955524;0.5950955524;0.5385270772;0.5678739945;18287.93;0;0;"2024-08-01T23:59:59.999Z"
"2024-07-31T00:00:00.000Z";"2024-07-31T23:59:59.999Z";"2024-07-31T19:25:00.000Z";"2024-07-31T00:06:00.000Z";"2781";0.5859919281;0.5983504687;0.5859919281;0.5950955524;1385.32;0;0;"2024-07-31T23:59:59.999Z"
"2024-07-30T00:00:00.000Z";"2024-07-30T23:59:59.999Z";"2024-07-30T07:18:00.000Z";"2024-07-30T21:20:00.000Z";"2781";0.5925420943;0.6011357563;0.5832521784;0.5859919281;4094.91;0;0;"2024-07-30T23:59:59.999Z"
"2024-07-29T00:00:00.000Z";"2024-07-29T23:59:59.999Z";"2024-07-29T04:23:00.000Z";"2024-07-29T00:05:00.000Z";"2781";0.5919537077;0.6074729632;0.5919537077;0.5925420943;7291.14;0;0;"2024-07-29T23:59:59.999Z"
"2024-07-28T00:00:00.000Z";"2024-07-28T23:59:59.999Z";"2024-07-28T01:40:00.000Z";"2024-07-28T05:02:00.000Z";"2781";0.5936666697;0.5937046187;0.5899476153;0.5919537077;284.29;0;0;"2024-07-28T23:59:59.999Z"
"2024-07-27T00:00:00.000Z";"2024-07-27T23:59:59.999Z";"2024-07-27T10:15:00.000Z";"2024-07-27T00:28:00.000Z";"2781";0.5902401003;0.6012834845;0.5902364648;0.5936666697;1911.23;0;0;"2024-07-27T23:59:59.999Z"
"2024-07-26T00:00:00.000Z";"2024-07-26T23:59:59.999Z";"2024-07-26T07:09:00.000Z";"2024-07-26T22:50:00.000Z";"2781";0.660352883;0.6841635514;0.5902401003;0.5902401003;24512.35;0;0;"2024-07-26T23:59:59.999Z"
"2024-07-25T00:00:00.000Z";"2024-07-25T23:59:59.999Z";"2024-07-25T00:00:00.000Z";"2024-07-25T21:36:00.000Z";"2781";0.7331930361;0.7331930361;0.6475986411;0.660352883;29776.49;0;0;"2024-07-25T23:59:59.999Z"
"2024-07-24T00:00:00.000Z";"2024-07-24T23:59:59.999Z";"2024-07-24T01:35:00.000Z";"2024-07-24T08:59:00.000Z";"2781";0.7677026955;0.7707097551;0.7270626968;0.7331930361;19273.97;0;0;"2024-07-24T23:59:59.999Z"
"2024-07-23T00:00:00.000Z";"2024-07-23T23:59:59.999Z";"2024-07-23T09:25:00.000Z";"2024-07-23T22:29:00.000Z";"2781";0.7826091518;0.819638612;0.7633209029;0.7677026955;21267.02;0;0;"2024-07-23T23:59:59.999Z"
"2024-07-22T00:00:00.000Z";"2024-07-22T23:59:59.999Z";"2024-07-22T13:28:00.000Z";"2024-07-22T06:58:00.000Z";"2781";0.7812804796;0.8110653605;0.7786321234;0.7826091518;13859.38;0;0;"2024-07-22T23:59:59.999Z"
"2024-07-21T00:00:00.000Z";"2024-07-21T23:59:59.999Z";"2024-07-21T22:27:00.000Z";"2024-07-21T13:52:00.000Z";"2781";0.7776916012;0.7812849153;0.7713386226;0.7812804796;3634.14;0;0;"2024-07-21T23:59:59.999Z"
"2024-07-20T00:00:00.000Z";"2024-07-20T23:59:59.999Z";"2024-07-20T19:28:00.000Z";"2024-07-20T11:01:00.000Z";"2781";0.7721586175;0.7792033278;0.7715230874;0.7776916012;1960.55;0;0;"2024-07-20T23:59:59.999Z"
"2024-07-19T00:00:00.000Z";"2024-07-19T23:59:59.999Z";"2024-07-19T16:22:00.000Z";"2024-07-19T02:58:00.000Z";"2781";0.7623984688;0.7794050836;0.7381092974;0.7721586175;8054.58;0;0;"2024-07-19T23:59:59.999Z"
"2024-07-18T00:00:00.000Z";"2024-07-18T23:59:59.999Z";"2024-07-18T04:11:00.000Z";"2024-07-18T07:25:00.000Z";"2781";0.7747950103;0.7749092265;0.7459672543;0.7623984688;6548.97;0;0;"2024-07-18T23:59:59.999Z"
"2024-07-17T00:00:00.000Z";"2024-07-17T23:59:59.999Z";"2024-07-17T11:18:00.000Z";"2024-07-17T17:20:00.000Z";"2781";0.7793112709;0.7927247126;0.7588267814;0.7747950103;20589.84;0;0;"2024-07-17T23:59:59.999Z"
"2024-07-16T00:00:00.000Z";"2024-07-16T23:59:59.999Z";"2024-07-16T22:25:00.000Z";"2024-07-16T00:16:00.000Z";"2781";0.7520693324;0.7845770702;0.7519257602;0.7793112709;12310.27;0;0;"2024-07-16T23:59:59.999Z"
"2024-07-15T00:00:00.000Z";"2024-07-15T23:59:59.999Z";"2024-07-15T23:19:00.000Z";"2024-07-15T01:25:00.000Z";"2781";0.7259737099;0.7539040934;0.709083134;0.7520693324;7488.97;0;0;"2024-07-15T23:59:59.999Z"
"2024-07-14T00:00:00.000Z";"2024-07-14T23:59:59.999Z";"2024-07-14T23:43:00.000Z";"2024-07-14T12:11:00.000Z";"2781";0.7007094272;0.7261465882;0.6917016977;0.7259737099;3603.69;0;0;"2024-07-14T23:59:59.999Z"
"2024-07-13T00:00:00.000Z";"2024-07-13T23:59:59.999Z";"2024-07-13T12:58:00.000Z";"2024-07-13T04:52:00.000Z";"2781";0.6875766717;0.7090246834;0.6867400837;0.7007094272;8141.15;0;0;"2024-07-13T23:59:59.999Z"
"2024-07-12T00:00:00.000Z";"2024-07-12T23:59:59.999Z";"2024-07-12T14:22:00.000Z";"2024-07-12T04:21:00.000Z";"2781";0.67907459;0.690931996;0.6633668857;0.6875766717;20904.07;0;0;"2024-07-12T23:59:59.999Z"
"2024-07-11T00:00:00.000Z";"2024-07-11T23:59:59.999Z";"2024-07-11T01:25:00.000Z";"2024-07-11T15:29:00.000Z";"2781";0.6942766048;0.6951560256;0.6494975967;0.67907459;22527.81;0;0;"2024-07-11T23:59:59.999Z"
"2024-07-10T00:00:00.000Z";"2024-07-10T23:59:59.999Z";"2024-07-10T12:27:00.000Z";"2024-07-10T01:52:00.000Z";"2781";0.686293408;0.7066335783;0.6843911364;0.6942766048;7828.9;0;0;"2024-07-10T23:59:59.999Z"
"2024-07-09T00:00:00.000Z";"2024-07-09T23:59:59.999Z";"2024-07-09T14:19:00.000Z";"2024-07-09T03:13:00.000Z";"2781";0.6861457667;0.6912525216;0.6822837855;0.686293408;1082.81;0;0;"2024-07-09T23:59:59.999Z"
"2024-07-08T00:00:00.000Z";"2024-07-08T23:59:59.999Z";"2024-07-08T23:43:00.000Z";"2024-07-08T04:33:00.000Z";"2781";0.6793916889;0.6861457667;0.6614147126;0.6861457667;10272.61;0;0;"2024-07-08T23:59:59.999Z"
"2024-07-07T00:00:00.000Z";"2024-07-07T23:59:59.999Z";"2024-07-07T04:42:00.000Z";"2024-07-07T16:04:00.000Z";"2781";0.6888135305;0.6940499701;0.6718774054;0.6793916889;2460.15;0;0;"2024-07-07T23:59:59.999Z"
"2024-07-06T00:00:00.000Z";"2024-07-06T23:59:59.999Z";"2024-07-06T23:04:00.000Z";"2024-07-06T03:11:00.000Z";"2781";0.6560650402;0.6893978323;0.65493061;0.6888135305;7736.83;0;0;"2024-07-06T23:59:59.999Z"
"2024-07-05T00:00:00.000Z";"2024-07-05T23:59:59.999Z";"2024-07-05T00:04:00.000Z";"2024-07-05T04:04:00.000Z";"2781";0.6796374725;0.6796479987;0.6234334485;0.6560650402;11803.71;0;0;"2024-07-05T23:59:59.999Z"
"2024-07-04T00:00:00.000Z";"2024-07-04T23:59:59.999Z";"2024-07-04T00:55:00.000Z";"2024-07-04T14:25:00.000Z";"2781";0.7180195525;0.7821396302;0.659113365;0.6796856344;26949.54;0;0;"2024-07-04T23:59:59.999Z"
"2024-07-03T00:00:00.000Z";"2024-07-03T23:59:59.999Z";"2024-07-03T23:49:00.000Z";"2024-07-03T14:49:00.000Z";"2781";0.7002416861;0.7180195525;0.6709470497;0.7180195525;4084.8;0;0;"2024-07-03T23:59:59.999Z"
"2024-07-02T00:00:00.000Z";"2024-07-02T23:59:59.999Z";"2024-07-02T00:18:00.000Z";"2024-07-02T17:58:00.000Z";"2781";0.7163971771;0.7164013276;0.689295888;0.7002416861;7595.21;0;0;"2024-07-02T23:59:59.999Z"
"2024-07-01T00:00:00.000Z";"2024-07-01T23:59:59.999Z";"2024-07-01T08:49:00.000Z";"2024-07-01T16:09:00.000Z";"2781";0.7205043825;0.7451880492;0.7100683614;0.7163971771;5195.17;0;0;"2024-07-01T23:59:59.999Z"
"2024-06-30T00:00:00.000Z";"2024-06-30T23:59:59.999Z";"2024-06-30T12:49:00.000Z";"2024-06-30T17:10:00.000Z";"2781";0.7373917779;0.7541522824;0.7153138691;0.7205043825;6759.23;0;0;"2024-06-30T23:59:59.999Z"
"2024-06-29T00:00:00.000Z";"2024-06-29T23:59:59.999Z";"2024-06-29T04:02:00.000Z";"2024-06-29T22:32:00.000Z";"2781";0.740685276;0.762803506;0.7270929756;0.7373917779;9167.01;0;0;"2024-06-29T23:59:59.999Z"
"2024-06-28T00:00:00.000Z";"2024-06-28T23:59:59.999Z";"2024-06-28T21:10:00.000Z";"2024-06-28T18:40:00.000Z";"2781";0.7324234295;0.7807418129;0.7181334662;0.740685276;16538.67;0;0;"2024-06-28T23:59:59.999Z"
"2024-06-27T00:00:00.000Z";"2024-06-27T23:59:59.999Z";"2024-06-27T01:57:00.000Z";"2024-06-27T00:43:00.000Z";"2781";0.7034415626;0.7721882271;0.6996926882;0.7324234295;29466.69;0;0;"2024-06-27T23:59:59.999Z"
"2024-06-26T00:00:00.000Z";"2024-06-26T23:59:59.999Z";"2024-06-26T00:40:00.000Z";"2024-06-26T20:19:00.000Z";"2781";0.7356748111;0.7404437917;0.6715211345;0.7034415626;39559.47;0;0;"2024-06-26T23:59:59.999Z"
"2024-06-25T00:00:00.000Z";"2024-06-25T23:59:59.999Z";"2024-06-25T21:58:00.000Z";"2024-06-25T00:00:00.000Z";"2781";0.5977344263;0.7476578061;0.5977344263;0.7356748111;36904.14;0;0;"2024-06-25T23:59:59.999Z"
"2024-06-24T00:00:00.000Z";"2024-06-24T23:59:59.999Z";"2024-06-24T05:10:00.000Z";"2024-06-24T16:40:00.000Z";"2781";0.6061587115;0.6136198135;0.578382466;0.5977344263;11129.89;0;0;"2024-06-24T23:59:59.999Z"
"2024-06-23T00:00:00.000Z";"2024-06-23T23:59:59.999Z";"2024-06-23T05:28:00.000Z";"2024-06-23T15:34:00.000Z";"2781";0.5991754795;0.6117909626;0.5878118987;0.6061587115;8814.82;0;0;"2024-06-23T23:59:59.999Z"
"2024-06-22T00:00:00.000Z";"2024-06-22T23:59:59.999Z";"2024-06-22T21:07:00.000Z";"2024-06-22T01:28:00.000Z";"2781";0.5782387142;0.6049789571;0.5764781686;0.5991754795;3815.88;0;0;"2024-06-22T23:59:59.999Z"
"2024-06-21T00:00:00.000Z";"2024-06-21T23:59:59.999Z";"2024-06-21T00:29:00.000Z";"2024-06-21T10:59:00.000Z";"2781";0.5855454215;0.5868340799;0.5612913692;0.5782387142;5301.49;0;0;"2024-06-21T23:59:59.999Z"
"2024-06-20T00:00:00.000Z";"2024-06-20T23:59:59.999Z";"2024-06-20T00:10:00.000Z";"2024-06-20T16:15:00.000Z";"2781";0.5890240474;0.5890251239;0.5447363715;0.5855454215;5172.7;0;0;"2024-06-20T23:59:59.999Z"
"2024-06-19T00:00:00.000Z";"2024-06-19T23:59:59.999Z";"2024-06-19T08:59:00.000Z";"2024-06-19T19:01:00.000Z";"2781";0.6389891922;0.6651159041;0.5569236319;0.5890240474;38780.6;0;0;"2024-06-19T23:59:59.999Z"
"2024-06-18T00:00:00.000Z";"2024-06-18T23:59:59.999Z";"2024-06-18T00:52:00.000Z";"2024-06-18T07:09:00.000Z";"2781";0.6564861186;0.6798637399;0.6297472343;0.6390065492;13314.66;0;0;"2024-06-18T23:59:59.999Z"
"2024-06-17T00:00:00.000Z";"2024-06-17T23:59:59.999Z";"2024-06-17T00:00:00.000Z";"2024-06-17T19:53:00.000Z";"2781";0.6891435284;0.6891435284;0.6321945497;0.6564861186;11760.3;0;0;"2024-06-17T23:59:59.999Z"
"2024-06-16T00:00:00.000Z";"2024-06-16T23:59:59.999Z";"2024-06-16T01:58:00.000Z";"2024-06-16T23:26:00.000Z";"2781";0.7173680381;0.7173695026;0.6891408343;0.6891435284;8648.53;0;0;"2024-06-16T23:59:59.999Z"
"2024-06-15T00:00:00.000Z";"2024-06-15T23:59:59.999Z";"2024-06-15T14:20:00.000Z";"2024-06-15T00:11:00.000Z";"2781";0.5997024203;0.7438178856;0.5997015457;0.7172284374;27801.6;0;0;"2024-06-15T23:59:59.999Z"
"2024-06-14T00:00:00.000Z";"2024-06-14T23:59:59.999Z";"2024-06-14T23:46:00.000Z";"2024-06-14T15:01:00.000Z";"2781";0.5801919249;0.5997026393;0.5691082045;0.5997024203;10838.27;0;0;"2024-06-14T23:59:59.999Z"
"2024-06-13T00:00:00.000Z";"2024-06-13T23:59:59.999Z";"2024-06-13T00:04:00.000Z";"2024-06-13T03:43:00.000Z";"2781";0.6226500102;0.6265588444;0.5042270287;0.5801919249;80486.5;0;0;"2024-06-13T23:59:59.999Z"
"2024-06-12T00:00:00.000Z";"2024-06-12T23:59:59.999Z";"2024-06-12T08:46:00.000Z";"2024-06-12T23:04:00.000Z";"2781";0.7153638903;0.7363768651;0.6080168832;0.6172437133;17931.07;0;0;"2024-06-12T23:59:59.999Z"
"2024-06-11T00:00:00.000Z";"2024-06-11T23:59:59.999Z";"2024-06-11T00:01:00.000Z";"2024-06-11T06:40:00.000Z";"2781";0.8186021672;0.8186032684;0.6319362573;0.7153638903;59663.77;0;0;"2024-06-11T23:59:59.999Z"
"2024-06-10T00:00:00.000Z";"2024-06-10T23:59:59.999Z";"2024-06-10T14:55:00.000Z";"2024-06-10T03:08:00.000Z";"2781";0.7929750612;0.8628866344;0.7928517778;0.8186021672;18321.46;0;0;"2024-06-10T23:59:59.999Z"
"2024-06-09T00:00:00.000Z";"2024-06-09T23:59:59.999Z";"2024-06-09T22:01:00.000Z";"2024-06-09T03:35:00.000Z";"2781";0.7785065676;0.7940784807;0.7746949286;0.7924616957;2564.21;0;0;"2024-06-09T23:59:59.999Z"
"2024-06-08T00:00:00.000Z";"2024-06-08T23:59:59.999Z";"2024-06-08T16:19:00.000Z";"2024-06-08T23:40:00.000Z";"2781";0.8343127056;0.8447274812;0.7763998715;0.7785065676;13832.95;0;0;"2024-06-08T23:59:59.999Z"
"2024-06-07T00:00:00.000Z";"2024-06-07T23:59:59.999Z";"2024-06-07T00:05:00.000Z";"2024-06-07T18:49:00.000Z";"2781";0.8812880273;0.8812880273;0.8191330748;0.8343127056;23630.98;0;0;"2024-06-07T23:59:59.999Z"
"2024-06-06T00:00:00.000Z";"2024-06-06T23:59:59.999Z";"2024-06-06T16:46:00.000Z";"2024-06-06T21:31:00.000Z";"2781";0.8968912636;0.9084137731;0.8685110387;0.8701351633;24544.39;0;0;"2024-06-06T23:59:59.999Z"
"2024-06-05T00:00:00.000Z";"2024-06-05T23:59:59.999Z";"2024-06-05T23:43:00.000Z";"2024-06-05T20:53:00.000Z";"2781";0.8642782658;0.8968912749;0.8297940547;0.8968912636;68698.69;0;0;"2024-06-05T23:59:59.999Z"
"2024-06-04T00:00:00.000Z";"2024-06-04T23:59:59.999Z";"2024-06-04T21:43:00.000Z";"2024-06-04T12:12:00.000Z";"2781";0.7397985059;0.8662993175;0.7336963762;0.8642782658;32587.56;0;0;"2024-06-04T23:59:59.999Z"
"2024-06-03T00:00:00.000Z";"2024-06-03T23:59:59.999Z";"2024-06-03T14:56:00.000Z";"2024-06-03T00:05:00.000Z";"2781";0.6426610088;0.7922488804;0.6426610088;0.7397985059;25135.27;0;0;"2024-06-03T23:59:59.999Z"
"2024-06-02T00:00:00.000Z";"2024-06-02T23:59:59.999Z";"2024-06-02T01:35:00.000Z";"2024-06-02T11:59:00.000Z";"2781";0.6568735659;0.6569549415;0.6320749225;0.6426610088;1765.21;0;0;"2024-06-02T23:59:59.999Z"
"2024-06-01T00:00:00.000Z";"2024-06-01T23:59:59.999Z";"2024-06-01T19:16:00.000Z";"2024-06-01T00:31:00.000Z";"2781";0.6286610149;0.6619416524;0.6251374121;0.6568735659;6005.57;0;0;"2024-06-01T23:59:59.999Z"
"2024-05-31T00:00:00.000Z";"2024-05-31T23:59:59.999Z";"2024-05-31T14:32:00.000Z";"2024-05-31T10:40:00.000Z";"2781";0.6208308036;0.642708987;0.6087418331;0.6286610149;11496.23;0;0;"2024-05-31T23:59:59.999Z"
"2024-05-30T00:00:00.000Z";"2024-05-30T23:59:59.999Z";"2024-05-30T00:45:00.000Z";"2024-05-30T22:59:00.000Z";"2781";0.6323999576;0.6746230904;0.6194991735;0.6194991735;30135.8;0;0;"2024-05-30T23:59:59.999Z"
"2024-05-29T00:00:00.000Z";"2024-05-29T23:59:59.999Z";"2024-05-29T00:08:00.000Z";"2024-05-29T01:05:00.000Z";"2781";0.7659059753;0.7659059753;0.6131456267;0.6572878507;53626.11;0;0;"2024-05-29T23:59:59.999Z"
"2024-05-28T00:00:00.000Z";"2024-05-28T23:59:59.999Z";"2024-05-28T13:52:00.000Z";"2024-05-28T00:02:00.000Z";"2781";0.723748562;0.7841890958;0.723748562;0.7659059753;7928.44;0;0;"2024-05-28T23:59:59.999Z"
"2024-05-27T00:00:00.000Z";"2024-05-27T23:59:59.999Z";"2024-05-27T02:59:00.000Z";"2024-05-27T22:09:00.000Z";"2781";0.8967180762;0.9014932231;0.5194937894;0.723748562;83590.31;0;0;"2024-05-27T23:59:59.999Z"
"2024-05-26T00:00:00.000Z";"2024-05-26T23:59:59.999Z";"2024-05-26T10:28:00.000Z";"2024-05-26T22:21:00.000Z";"2781";0.9354806775;1.0112005925;0.8912192798;0.8967180762;45352.12;0;0;"2024-05-26T23:59:59.999Z"
"2024-05-25T00:00:00.000Z";"2024-05-25T23:59:59.999Z";"2024-05-25T14:31:00.000Z";"2024-05-25T01:43:00.000Z";"2781";0.9184402203;0.964430073;0.8990897716;0.9354806775;32911.57;0;0;"2024-05-25T23:59:59.999Z"
"2024-05-24T00:00:00.000Z";"2024-05-24T23:59:59.999Z";"2024-05-24T23:06:00.000Z";"2024-05-24T00:41:00.000Z";"2781";0.8176756524;0.9414196082;0.8176706653;0.9184402203;53459.45;0;0;"2024-05-24T23:59:59.999Z"
"2024-05-23T00:00:00.000Z";"2024-05-23T23:59:59.999Z";"2024-05-23T00:48:00.000Z";"2024-05-23T10:28:00.000Z";"2781";0.8705148883;0.8830725736;0.7611718722;0.8176756524;66663.22;0;0;"2024-05-23T23:59:59.999Z"
"2024-05-22T00:00:00.000Z";"2024-05-22T23:59:59.999Z";"2024-05-22T21:07:00.000Z";"2024-05-22T09:31:00.000Z";"2781";0.74552891;0.8861844539;0.7317074854;0.8705148883;58518.2;0;0;"2024-05-22T23:59:59.999Z"
"2024-05-21T00:00:00.000Z";"2024-05-21T23:59:59.999Z";"2024-05-21T23:46:00.000Z";"2024-05-21T00:07:00.000Z";"2781";0.625298278;0.7458465303;0.625092012;0.74552891;13057.85;0;0;"2024-05-21T23:59:59.999Z"
"2024-05-20T00:00:00.000Z";"2024-05-20T23:59:59.999Z";"2024-05-20T20:43:00.000Z";"2024-05-20T16:11:00.000Z";"2781";0.5999555708;0.6373898448;0.5739169006;0.625298278;9954.19;0;0;"2024-05-20T23:59:59.999Z"
"2024-05-19T00:00:00.000Z";"2024-05-19T23:59:59.999Z";"2024-05-19T14:13:00.000Z";"2024-05-19T22:41:00.000Z";"2781";0.6273226788;0.6402604057;0.5975211688;0.5999555708;5304.98;0;0;"2024-05-19T23:59:59.999Z"
"2024-05-18T00:00:00.000Z";"2024-05-18T23:59:59.999Z";"2024-05-18T04:57:00.000Z";"2024-05-18T11:23:00.000Z";"2781";0.6226346669;0.6292244083;0.6182240931;0.6273226788;2882.89;0;0;"2024-05-18T23:59:59.999Z"
"2024-05-17T00:00:00.000Z";"2024-05-17T23:59:59.999Z";"2024-05-17T13:09:00.000Z";"2024-05-17T00:08:00.000Z";"2781";0.597790319;0.6260632542;0.5977726868;0.6226346669;3328.36;0;0;"2024-05-17T23:59:59.999Z"
"2024-05-16T00:00:00.000Z";"2024-05-16T23:59:59.999Z";"2024-05-16T01:35:00.000Z";"2024-05-16T23:03:00.000Z";"2781";0.6700365415;0.6700674522;0.5977318027;0.597790319;11906.31;0;0;"2024-05-16T23:59:59.999Z"
"2024-05-15T00:00:00.000Z";"2024-05-15T23:59:59.999Z";"2024-05-15T13:58:00.000Z";"2024-05-15T03:47:00.000Z";"2781";0.649975787;0.6832160463;0.6433775416;0.6700365415;4476.39;0;0;"2024-05-15T23:59:59.999Z"
"2024-05-14T00:00:00.000Z";"2024-05-14T23:59:59.999Z";"2024-05-14T14:31:00.000Z";"2024-05-14T00:01:00.000Z";"2781";0.6064479122;0.6741656627;0.6064479122;0.649975787;9096.4;0;0;"2024-05-14T23:59:59.999Z"
"2024-05-13T00:00:00.000Z";"2024-05-13T23:59:59.999Z";"2024-05-13T22:01:00.000Z";"2024-05-13T13:49:00.000Z";"2781";0.5745412785;0.6120281238;0.567767816;0.6064479122;4528.56;0;0;"2024-05-13T23:59:59.999Z"
"2024-05-12T00:00:00.000Z";"2024-05-12T23:59:59.999Z";"2024-05-12T07:56:00.000Z";"2024-05-12T21:58:00.000Z";"2781";0.5846396283;0.5918453542;0.5694790838;0.5745412785;2982.26;0;0;"2024-05-12T23:59:59.999Z"
"2024-05-11T00:00:00.000Z";"2024-05-11T23:59:59.999Z";"2024-05-11T17:38:00.000Z";"2024-05-11T20:44:00.000Z";"2781";0.5952211083;0.5978292673;0.5830406796;0.5846396283;2675.17;0;0;"2024-05-11T23:59:59.999Z"
"2024-05-10T00:00:00.000Z";"2024-05-10T23:59:59.999Z";"2024-05-10T16:19:00.000Z";"2024-05-10T01:30:00.000Z";"2781";0.5913038006;0.6063867763;0.5912035999;0.5952211083;3112.84;0;0;"2024-05-10T23:59:59.999Z"
"2024-05-09T00:00:00.000Z";"2024-05-09T23:59:59.999Z";"2024-05-09T00:09:00.000Z";"2024-05-09T21:01:00.000Z";"2781";0.6600773844;0.6600773844;0.5837202704;0.5913038006;5350.11;0;0;"2024-05-09T23:59:59.999Z"
"2024-05-08T00:00:00.000Z";"2024-05-08T23:59:59.999Z";"2024-05-08T04:22:00.000Z";"2024-05-08T18:06:00.000Z";"2781";0.7395167974;0.7428345104;0.6179027592;0.6600773844;15548.9;0;0;"2024-05-08T23:59:59.999Z"
"2024-05-07T00:00:00.000Z";"2024-05-07T23:59:59.999Z";"2024-05-07T00:15:00.000Z";"2024-05-07T08:28:00.000Z";"2781";0.7451777766;0.7453197197;0.7383053419;0.7395167974;1071.6;0;0;"2024-05-07T23:59:59.999Z"
"2024-05-06T00:00:00.000Z";"2024-05-06T23:59:59.999Z";"2024-05-06T17:43:00.000Z";"2024-05-06T00:51:00.000Z";"2781";0.7021122065;0.7474465465;0.7020649427;0.7451777766;4136.85;0;0;"2024-05-06T23:59:59.999Z"
"2024-05-05T00:00:00.000Z";"2024-05-05T23:59:59.999Z";"2024-05-05T00:10:00.000Z";"2024-05-05T18:56:00.000Z";"2781";0.7404640419;0.7404640423;0.6939763212;0.7021122065;4113.65;0;0;"2024-05-05T23:59:59.999Z"
"2024-05-04T00:00:00.000Z";"2024-05-04T23:59:59.999Z";"2024-05-04T11:28:00.000Z";"2024-05-04T00:43:00.000Z";"2781";0.7125142732;0.7549671089;0.7115376569;0.7404640419;16794.58;0;0;"2024-05-04T23:59:59.999Z"
"2024-05-03T00:00:00.000Z";"2024-05-03T23:59:59.999Z";"2024-05-03T14:54:00.000Z";"2024-05-03T00:13:00.000Z";"2781";0.6674518911;0.732603808;0.6673715854;0.7125142732;21022.97;0;0;"2024-05-03T23:59:59.999Z"
"2024-05-02T00:00:00.000Z";"2024-05-02T23:59:59.999Z";"2024-05-02T20:34:00.000Z";"2024-05-02T14:19:00.000Z";"2781";0.6593311402;0.6853357611;0.6489091355;0.6674518911;11770.6;0;0;"2024-05-02T23:59:59.999Z"
"2024-05-01T00:00:00.000Z";"2024-05-01T23:59:59.999Z";"2024-05-01T14:05:00.000Z";"2024-05-01T10:32:00.000Z";"2781";0.6402261132;0.6693248166;0.6221584679;0.6593311402;21716.73;0;0;"2024-05-01T23:59:59.999Z"
"2024-04-30T00:00:00.000Z";"2024-04-30T23:59:59.999Z";"2024-04-30T22:17:00.000Z";"2024-04-30T21:44:00.000Z";"2781";0.6261490868;0.6457300569;0.6143811932;0.6402261132;3975.86;0;0;"2024-04-30T23:59:59.999Z"
"2024-04-29T00:00:00.000Z";"2024-04-29T23:59:59.999Z";"2024-04-29T00:12:00.000Z";"2024-04-29T09:55:00.000Z";"2781";0.654324392;0.6543311587;0.6219040155;0.6261490868;6160.42;0;0;"2024-04-29T23:59:59.999Z"
"2024-04-28T00:00:00.000Z";"2024-04-28T23:59:59.999Z";"2024-04-28T23:58:00.000Z";"2024-04-28T01:56:00.000Z";"2781";0.5646738844;0.654324392;0.5646717427;0.654324392;11816.31;0;0;"2024-04-28T23:59:59.999Z"
"2024-04-27T00:00:00.000Z";"2024-04-27T23:59:59.999Z";"2024-04-27T23:59:00.000Z";"2024-04-27T07:56:00.000Z";"2781";0.5566506747;0.5646738844;0.5529451247;0.5646738844;1746.7;0;0;"2024-04-27T23:59:59.999Z"
"2024-04-26T00:00:00.000Z";"2024-04-26T23:59:59.999Z";"2024-04-26T00:26:00.000Z";"2024-04-26T09:17:00.000Z";"2781";0.5835730233;0.5835730233;0.5561362973;0.5566506747;3075.25;0;0;"2024-04-26T23:59:59.999Z"
"2024-04-25T00:00:00.000Z";"2024-04-25T23:59:59.999Z";"2024-04-25T02:07:00.000Z";"2024-04-25T15:02:00.000Z";"2781";0.6149920098;0.6175993925;0.5584203977;0.5835730233;16041.05;0;0;"2024-04-25T23:59:59.999Z"
"2024-04-24T00:00:00.000Z";"2024-04-24T23:59:59.999Z";"2024-04-24T01:59:00.000Z";"2024-04-24T20:04:00.000Z";"2781";0.6996467731;0.7012011642;0.5767498778;0.6149920098;15221.99;0;0;"2024-04-24T23:59:59.999Z"
"2024-04-23T00:00:00.000Z";"2024-04-23T23:59:59.999Z";"2024-04-23T12:19:00.000Z";"2024-04-23T17:01:00.000Z";"2781";0.7305317856;0.7696212183;0.6466272127;0.6996467731;16586.34;0;0;"2024-04-23T23:59:59.999Z"
"2024-04-22T00:00:00.000Z";"2024-04-22T23:59:59.999Z";"2024-04-22T16:44:00.000Z";"2024-04-22T01:32:00.000Z";"2781";0.7099678442;0.7480639094;0.7099554523;0.7305317856;2836.59;0;0;"2024-04-22T23:59:59.999Z"
"2024-04-21T00:00:00.000Z";"2024-04-21T23:59:59.999Z";"2024-04-21T05:35:00.000Z";"2024-04-21T16:54:00.000Z";"2781";0.7142953539;0.7252780683;0.7068174074;0.7099678442;6814.32;0;0;"2024-04-21T23:59:59.999Z"
"2024-04-20T00:00:00.000Z";"2024-04-20T23:59:59.999Z";"2024-04-20T05:34:00.000Z";"2024-04-20T23:15:00.000Z";"2781";0.7374611296;0.7818320051;0.701869723;0.7111076206;17997.86;0;0;"2024-04-20T23:59:59.999Z"
"2024-04-19T00:00:00.000Z";"2024-04-19T23:59:59.999Z";"2024-04-19T20:13:00.000Z";"2024-04-19T10:54:00.000Z";"2781";0.726395281;0.7376534116;0.720289837;0.7374611296;1744.46;0;0;"2024-04-19T23:59:59.999Z"
"2024-04-18T00:00:00.000Z";"2024-04-18T23:59:59.999Z";"2024-04-18T23:05:00.000Z";"2024-04-18T11:07:00.000Z";"2781";0.6816442617;0.7265162142;0.6690676564;0.726395281;26402.75;0;0;"2024-04-18T23:59:59.999Z"
"2024-04-17T00:00:00.000Z";"2024-04-17T23:59:59.999Z";"2024-04-17T05:27:00.000Z";"2024-04-17T23:28:00.000Z";"2781";0.7542793385;0.7609509644;0.6816442617;0.6816442617;5240.51;0;0;"2024-04-17T23:59:59.999Z"
"2024-04-16T00:00:00.000Z";"2024-04-16T23:59:59.999Z";"2024-04-16T00:44:00.000Z";"2024-04-16T16:31:00.000Z";"2781";0.8133619925;0.8133619925;0.7323103438;0.7542793385;14494.53;0;0;"2024-04-16T23:59:59.999Z"
"2024-04-15T00:00:00.000Z";"2024-04-15T23:59:59.999Z";"2024-04-15T00:47:00.000Z";"2024-04-15T23:30:00.000Z";"2781";0.8539357511;0.8560179503;0.8133597201;0.8133619925;2342.77;0;0;"2024-04-15T23:59:59.999Z"
"2024-04-14T00:00:00.000Z";"2024-04-14T23:59:59.999Z";"2024-04-14T11:38:00.000Z";"2024-04-14T00:21:00.000Z";"2781";0.7499696976;0.8751513197;0.7498746485;0.8539357511;10463.22;0;0;"2024-04-14T23:59:59.999Z"
"2024-04-13T00:00:00.000Z";"2024-04-13T23:59:59.999Z";"2024-04-13T00:34:00.000Z";"2024-04-13T21:53:00.000Z";"2781";0.7835654952;0.7835743737;0.7150190553;0.7499696976;8241.93;0;0;"2024-04-13T23:59:59.999Z"
"2024-04-12T00:00:00.000Z";"2024-04-12T23:59:59.999Z";"2024-04-12T00:16:00.000Z";"2024-04-12T19:57:00.000Z";"2781";0.8881040115;0.8881040139;0.7617828655;0.7835654952;9413.11;0;0;"2024-04-12T23:59:59.999Z"
"2024-04-11T00:00:00.000Z";"2024-04-11T23:59:59.999Z";"2024-04-11T00:00:00.000Z";"2024-04-11T20:32:00.000Z";"2781";0.9994603721;0.9994603721;0.8762229598;0.8881040115;12573.74;0;0;"2024-04-11T23:59:59.999Z"
"2024-04-10T00:00:00.000Z";"2024-04-10T23:59:59.999Z";"2024-04-10T23:18:00.000Z";"2024-04-10T06:23:00.000Z";"2781";0.8842635213;1.0115271602;0.8399549601;0.9994603721;26575.49;0;0;"2024-04-10T23:59:59.999Z"
"2024-04-09T00:00:00.000Z";"2024-04-09T23:59:59.999Z";"2024-04-09T06:46:00.000Z";"2024-04-09T17:36:00.000Z";"2781";0.9252956465;0.9296224022;0.8392404368;0.8842635213;24679.61;0;0;"2024-04-09T23:59:59.999Z"
"2024-04-08T00:00:00.000Z";"2024-04-08T23:59:59.999Z";"2024-04-08T03:25:00.000Z";"2024-04-08T20:25:00.000Z";"2781";1.0311866034;1.0437904588;0.9244542714;0.9252956465;15260.32;0;0;"2024-04-08T23:59:59.999Z"
"2024-04-07T00:00:00.000Z";"2024-04-07T23:59:59.999Z";"2024-04-07T22:58:00.000Z";"2024-04-07T11:55:00.000Z";"2781";1.051516621;1.0659634661;0.982138968;1.0311866034;31536.56;0;0;"2024-04-07T23:59:59.999Z"
"2024-04-06T00:00:00.000Z";"2024-04-06T23:59:59.999Z";"2024-04-06T14:37:00.000Z";"2024-04-06T09:58:00.000Z";"2781";1.053011143;1.0830738741;0.9753351223;1.051516621;31749.62;0;0;"2024-04-06T23:59:59.999Z"
"2024-04-05T00:00:00.000Z";"2024-04-05T23:59:59.999Z";"2024-04-05T21:26:00.000Z";"2024-04-05T12:16:00.000Z";"2781";0.9771864807;1.0886182639;0.9094487653;1.053011143;25836.09;0;0;"2024-04-05T23:59:59.999Z"
"2024-04-04T00:00:00.000Z";"2024-04-04T23:59:59.999Z";"2024-04-04T03:31:00.000Z";"2024-04-04T23:59:00.000Z";"2781";1.1477120788;1.1643472828;0.9771864807;0.9771864807;26433.27;0;0;"2024-04-04T23:59:59.999Z"
"2024-04-03T00:00:00.000Z";"2024-04-03T23:59:59.999Z";"2024-04-03T16:37:00.000Z";"2024-04-03T00:03:00.000Z";"2781";0.8659940345;1.2981164165;0.8659940345;1.1477120788;73112.62;0;0;"2024-04-03T23:59:59.999Z"
"2024-04-02T00:00:00.000Z";"2024-04-02T23:59:59.999Z";"2024-04-02T16:16:00.000Z";"2024-04-02T10:38:00.000Z";"2781";0.796002282;1.0120880814;0.721741211;0.8659940345;37017.47;0;0;"2024-04-02T23:59:59.999Z"
"2024-04-01T00:00:00.000Z";"2024-04-01T23:59:59.999Z";"2024-04-01T00:07:00.000Z";"2024-04-01T12:02:00.000Z";"2781";0.8676228299;0.8682347263;0.726152887;0.796002282;20418.37;0;0;"2024-04-01T23:59:59.999Z"
"2024-03-31T00:00:00.000Z";"2024-03-31T23:59:59.999Z";"2024-03-31T07:00:00.000Z";"2024-03-31T14:48:00.000Z";"2781";0.987508656;1.0447501646;0.6875700976;0.8676228299;69810.72;0;0;"2024-03-31T23:59:59.999Z"
"2024-03-30T00:00:00.000Z";"2024-03-30T23:59:59.999Z";"2024-03-30T16:18:00.000Z";"2024-03-30T02:40:00.000Z";"2781";0.9121692526;1.1508754152;0.8924946454;0.987508656;47452.79;0;0;"2024-03-30T23:59:59.999Z"
"2024-03-29T00:00:00.000Z";"2024-03-29T23:59:59.999Z";"2024-03-29T02:16:00.000Z";"2024-03-29T18:25:00.000Z";"2781";1.1998181524;1.2679385112;0.8906140348;0.9121692526;54396.01;0;0;"2024-03-29T23:59:59.999Z"
"2024-03-28T00:00:00.000Z";"2024-03-28T23:59:59.999Z";"2024-03-28T19:16:00.000Z";"2024-03-28T00:19:00.000Z";"2781";0.9787759553;1.5885749181;0.9251069375;1.1998181524;312029.7;0;0;"2024-03-28T23:59:59.999Z"
"2024-03-27T00:00:00.000Z";"2024-03-27T23:59:59.999Z";"2024-03-27T23:20:00.000Z";"2024-03-27T00:31:00.000Z";"2781";0.6040746527;1.0148351936;0.5811897397;0.9787759553;127379.7;0;0;"2024-03-27T23:59:59.999Z"
"2024-03-26T00:00:00.000Z";"2024-03-26T23:59:59.999Z";"2024-03-26T23:56:00.000Z";"2024-03-26T01:23:00.000Z";"2781";0.4912698681;0.6156917295;0.4664110934;0.6048455623;28972.05;0;0;"2024-03-26T23:59:59.999Z"
"2024-03-25T00:00:00.000Z";"2024-03-25T23:59:59.999Z";"2024-03-25T23:55:00.000Z";"2024-03-25T00:53:00.000Z";"2781";0.3506959597;0.491270849;0.3506758862;0.4912698681;25174.06;0;0;"2024-03-25T23:59:59.999Z"
"2024-03-24T00:00:00.000Z";"2024-03-24T23:59:59.999Z";"2024-03-24T18:58:00.000Z";"2024-03-24T00:28:00.000Z";"2781";0.3073251866;0.3672624275;0.3072648098;0.3506959597;5603.34;0;0;"2024-03-24T23:59:59.999Z"
"2024-03-23T00:00:00.000Z";"2024-03-23T23:59:59.999Z";"2024-03-23T02:51:00.000Z";"2024-03-23T00:01:00.000Z";"2781";0.3029977257;0.309220063;0.3029977257;0.3073251866;3576.53;0;0;"2024-03-23T23:59:59.999Z"
"2024-03-22T00:00:00.000Z";"2024-03-22T23:59:59.999Z";"2024-03-22T23:58:00.000Z";"2024-03-22T00:47:00.000Z";"2781";0.2837830494;0.3029977257;0.2837806814;0.3029977257;4382.25;0;0;"2024-03-22T23:59:59.999Z"
"2024-03-21T00:00:00.000Z";"2024-03-21T23:59:59.999Z";"2024-03-21T03:34:00.000Z";"2024-03-21T17:39:00.000Z";"2781";0.2897107439;0.2923860634;0.2835871259;0.2837830494;5987.41;0;0;"2024-03-21T23:59:59.999Z"
"2024-03-20T00:00:00.000Z";"2024-03-20T23:59:59.999Z";"2024-03-20T21:05:00.000Z";"2024-03-20T00:01:00.000Z";"2781";0.2644566372;0.2900199457;0.2642218412;0.2897107439;3002.46;0;0;"2024-03-20T23:59:59.999Z"
"2024-03-19T00:00:00.000Z";"2024-03-19T23:59:59.999Z";"2024-03-19T04:58:00.000Z";"2024-03-19T21:09:00.000Z";"2781";0.2681691754;0.2749833368;0.2624497593;0.2644566372;2508.05;0;0;"2024-03-19T23:59:59.999Z"
"2024-03-18T00:00:00.000Z";"2024-03-18T23:59:59.999Z";"2024-03-18T10:46:00.000Z";"2024-03-18T20:30:00.000Z";"2781";0.2690898766;0.2745494795;0.2651679159;0.2681691754;7295.89;0;0;"2024-03-18T23:59:59.999Z"
"2024-03-17T00:00:00.000Z";"2024-03-17T23:59:59.999Z";"2024-03-17T18:50:00.000Z";"2024-03-17T10:38:00.000Z";"2781";0.257924567;0.2690920878;0.2557304866;0.2690885846;1940.95;0;0;"2024-03-17T23:59:59.999Z"
"2024-03-16T00:00:00.000Z";"2024-03-16T23:59:59.999Z";"2024-03-16T04:59:00.000Z";"2024-03-16T21:45:00.000Z";"2781";0.2885984179;0.2889570821;0.257924567;0.257924567;2761.85;0;0;"2024-03-16T23:59:59.999Z"
"2024-03-15T00:00:00.000Z";"2024-03-15T23:59:59.999Z";"2024-03-15T02:33:00.000Z";"2024-03-15T13:21:00.000Z";"2781";0.297504804;0.3040628988;0.2876864261;0.2885984179;1867.18;0;0;"2024-03-15T23:59:59.999Z"
"2024-03-14T00:00:00.000Z";"2024-03-14T23:59:59.999Z";"2024-03-14T13:21:00.000Z";"2024-03-14T01:59:00.000Z";"2781";0.2472021501;0.3074523057;0.247121728;0.297504804;9900.5;0;0;"2024-03-14T23:59:59.999Z"
"2024-03-13T00:00:00.000Z";"2024-03-13T23:59:59.999Z";"2024-03-13T14:21:00.000Z";"2024-03-13T11:52:00.000Z";"2781";0.2459604544;0.2481967198;0.2433052226;0.2472021501;1581.7;0;0;"2024-03-13T23:59:59.999Z"
"2024-03-12T00:00:00.000Z";"2024-03-12T23:59:59.999Z";"2024-03-12T23:56:00.000Z";"2024-03-12T00:04:00.000Z";"2781";0.235849647;0.2459617069;0.235849647;0.2459604544;3681.58;0;0;"2024-03-12T23:59:59.999Z"
"2024-03-11T00:00:00.000Z";"2024-03-11T23:59:59.999Z";"2024-03-11T21:58:00.000Z";"2024-03-11T03:07:00.000Z";"2781";0.2321247194;0.2358609927;0.2313080944;0.235849647;936.54;0;0;"2024-03-11T23:59:59.999Z"
"2024-03-10T00:00:00.000Z";"2024-03-10T23:59:59.999Z";"2024-03-10T00:49:00.000Z";"2024-03-10T08:57:00.000Z";"2781";0.2338771828;0.2345022598;0.2205673855;0.2321247194;5236.64;0;0;"2024-03-10T23:59:59.999Z"
"2024-03-09T00:00:00.000Z";"2024-03-09T23:59:59.999Z";"2024-03-09T15:45:00.000Z";"2024-03-09T00:13:00.000Z";"2781";0.230013262;0.2342312487;0.230013262;0.2338771828;1789.32;0;0;"2024-03-09T23:59:59.999Z"
"2024-03-08T00:00:00.000Z";"2024-03-08T23:59:59.999Z";"2024-03-08T17:27:00.000Z";"2024-03-08T20:22:00.000Z";"2781";0.2458471733;0.2458545289;0.2299837196;0.230013262;3688.93;0;0;"2024-03-08T23:59:59.999Z"
"2024-03-07T00:00:00.000Z";"2024-03-07T23:59:59.999Z";"2024-03-07T20:11:00.000Z";"2024-03-07T00:19:00.000Z";"2781";0.2374051689;0.248587543;0.2374051689;0.2458471733;3900.58;0;0;"2024-03-07T23:59:59.999Z"
"2024-03-06T00:00:00.000Z";"2024-03-06T23:59:59.999Z";"2024-03-06T11:12:00.000Z";"2024-03-06T23:16:00.000Z";"2781";0.2402680614;0.241802817;0.2363469398;0.2374051689;3561.89;0;0;"2024-03-06T23:59:59.999Z"
"2024-03-05T00:00:00.000Z";"2024-03-05T23:59:59.999Z";"2024-03-05T17:33:00.000Z";"2024-03-05T23:14:00.000Z";"2781";0.2445149705;0.2470054353;0.2402641816;0.2402680614;6148.23;0;0;"2024-03-05T23:59:59.999Z"
"2024-03-04T00:00:00.000Z";"2024-03-04T23:59:59.999Z";"2024-03-04T16:31:00.000Z";"2024-03-04T02:42:00.000Z";"2781";0.2238364637;0.2453491074;0.2226990667;0.2445149705;6388.65;0;0;"2024-03-04T23:59:59.999Z"
"2024-03-03T00:00:00.000Z";"2024-03-03T23:59:59.999Z";"2024-03-03T12:01:00.000Z";"2024-03-03T17:23:00.000Z";"2781";0.2221581492;0.2249110095;0.2173872989;0.2238364637;2305.77;0;0;"2024-03-03T23:59:59.999Z"
"2024-03-02T00:00:00.000Z";"2024-03-02T23:59:59.999Z";"2024-03-02T00:00:00.000Z";"2024-03-02T04:16:00.000Z";"2781";0.2264992725;0.2264992725;0.2188105667;0.2221581492;1500.26;0;0;"2024-03-02T23:59:59.999Z"
"2024-03-01T00:00:00.000Z";"2024-03-01T23:59:59.999Z";"2024-03-01T17:46:00.000Z";"2024-03-01T09:04:00.000Z";"2781";0.2236686364;0.228081016;0.2211597184;0.2264992725;3533.62;0;0;"2024-03-01T23:59:59.999Z"
"2024-02-29T00:00:00.000Z";"2024-02-29T23:59:59.999Z";"2024-02-29T22:17:00.000Z";"2024-02-29T01:13:00.000Z";"2781";0.2078742854;0.2238250833;0.207870233;0.2236686364;2448.88;0;0;"2024-02-29T23:59:59.999Z"
"2024-02-28T00:00:00.000Z";"2024-02-28T23:59:59.999Z";"2024-02-28T00:00:00.000Z";"2024-02-28T20:19:00.000Z";"2781";0.2165245187;0.2165245187;0.2077959499;0.2078742854;1103.66;0;0;"2024-02-28T23:59:59.999Z"
"2024-02-27T00:00:00.000Z";"2024-02-27T23:59:59.999Z";"2024-02-27T13:12:00.000Z";"2024-02-27T06:49:00.000Z";"2781";0.2148777014;0.2169759332;0.2136134254;0.2165245187;667.96;0;0;"2024-02-27T23:59:59.999Z"
"2024-02-26T00:00:00.000Z";"2024-02-26T23:59:59.999Z";"2024-02-26T18:43:00.000Z";"2024-02-26T09:55:00.000Z";"2781";0.2144185835;0.2169177896;0.206527878;0.2148777014;4145.59;0;0;"2024-02-26T23:59:59.999Z"
"2024-02-25T00:00:00.000Z";"2024-02-25T23:59:59.999Z";"2024-02-25T00:00:00.000Z";"2024-02-25T19:52:00.000Z";"2781";0.2200471498;0.2200471498;0.2144038657;0.2144185835;382.31;0;0;"2024-02-25T23:59:59.999Z"
"2024-02-24T00:00:00.000Z";"2024-02-24T23:59:59.999Z";"2024-02-24T20:26:00.000Z";"2024-02-24T03:16:00.000Z";"2781";0.2129135202;0.2200507072;0.2128466438;0.2200471498;910.22;0;0;"2024-02-24T23:59:59.999Z"
"2024-02-23T00:00:00.000Z";"2024-02-23T23:59:59.999Z";"2024-02-23T02:58:00.000Z";"2024-02-23T00:07:00.000Z";"2781";0.2106578258;0.2132984091;0.2106323665;0.2129135202;584.13;0;0;"2024-02-23T23:59:59.999Z"
"2024-02-22T00:00:00.000Z";"2024-02-22T23:59:59.999Z";"2024-02-22T01:31:00.000Z";"2024-02-22T23:58:00.000Z";"2781";0.2236859954;0.2238930546;0.2106578258;0.2106578258;1670.11;0;0;"2024-02-22T23:59:59.999Z"
"2024-02-21T00:00:00.000Z";"2024-02-21T23:59:59.999Z";"2024-02-21T10:43:00.000Z";"2024-02-21T04:13:00.000Z";"2781";0.2205058541;0.2304764449;0.2205026239;0.2236859954;1668.64;0;0;"2024-02-21T23:59:59.999Z"
"2024-02-20T00:00:00.000Z";"2024-02-20T23:59:59.999Z";"2024-02-20T21:47:00.000Z";"2024-02-20T00:49:00.000Z";"2781";0.2121938096;0.2205653701;0.2121724283;0.2205058541;1084.58;0;0;"2024-02-20T23:59:59.999Z"
"2024-02-19T00:00:00.000Z";"2024-02-19T23:59:59.999Z";"2024-02-19T04:22:00.000Z";"2024-02-19T19:58:00.000Z";"2781";0.2290752571;0.233256913;0.2111148804;0.2121938096;2544.49;0;0;"2024-02-19T23:59:59.999Z"
"2024-02-18T00:00:00.000Z";"2024-02-18T23:59:59.999Z";"2024-02-18T22:50:00.000Z";"2024-02-18T00:58:00.000Z";"2781";0.2237347301;0.2290825525;0.2237339254;0.2290752571;1437.37;0;0;"2024-02-18T23:59:59.999Z"
"2024-02-17T00:00:00.000Z";"2024-02-17T23:59:59.999Z";"2024-02-17T23:37:00.000Z";"2024-02-17T00:00:00.000Z";"2781";0.202344106;0.2237347301;0.202344106;0.2237347301;2865.82;0;0;"2024-02-17T23:59:59.999Z"
"2024-02-16T00:00:00.000Z";"2024-02-16T23:59:59.999Z";"2024-02-16T00:00:00.000Z";"2024-02-16T12:52:00.000Z";"2781";0.2043629586;0.2043629586;0.2007950165;0.202344106;1014.29;0;0;"2024-02-16T23:59:59.999Z"
"2024-02-15T00:00:00.000Z";"2024-02-15T23:59:59.999Z";"2024-02-15T00:39:00.000Z";"2024-02-15T14:21:00.000Z";"2781";0.2047791938;0.2047794093;0.2037515713;0.2043629586;38.06;0;0;"2024-02-15T23:59:59.999Z"
"2024-02-14T00:00:00.000Z";"2024-02-14T23:59:59.999Z";"2024-02-14T06:46:00.000Z";"2024-02-14T20:25:00.000Z";"2781";0.2108974816;0.2166149275;0.2047353977;0.2047791938;6437.62;0;0;"2024-02-14T23:59:59.999Z"
"2024-02-13T00:00:00.000Z";"2024-02-13T23:59:59.999Z";"2024-02-13T11:01:00.000Z";"2024-02-13T03:25:00.000Z";"2781";0.2077579132;0.2132656068;0.2075856623;0.2108974816;1624.1;0;0;"2024-02-13T23:59:59.999Z"
"2024-02-12T00:00:00.000Z";"2024-02-12T23:59:59.999Z";"2024-02-12T14:07:00.000Z";"2024-02-12T02:28:00.000Z";"2781";0.2068884518;0.2089290658;0.2060980757;0.2077579132;3169.04;0;0;"2024-02-12T23:59:59.999Z"
"2024-02-11T00:00:00.000Z";"2024-02-11T23:59:59.999Z";"2024-02-11T05:16:00.000Z";"2024-02-11T04:38:00.000Z";"2781";0.2050427976;0.2108164846;0.204969786;0.2068884518;2867.25;0;0;"2024-02-11T23:59:59.999Z"
"2024-02-10T00:00:00.000Z";"2024-02-10T23:59:59.999Z";"2024-02-10T00:37:00.000Z";"2024-02-10T23:46:00.000Z";"2781";0.2080812747;0.2080848028;0.2050427976;0.2050427976;247.2;0;0;"2024-02-10T23:59:59.999Z"
"2024-02-09T00:00:00.000Z";"2024-02-09T23:59:59.999Z";"2024-02-09T12:22:00.000Z";"2024-02-09T16:45:00.000Z";"2781";0.2094784178;0.2119826949;0.2080167433;0.2080819819;436.26;0;0;"2024-02-09T23:59:59.999Z"
"2024-02-08T00:00:00.000Z";"2024-02-08T23:59:59.999Z";"2024-02-08T23:13:00.000Z";"2024-02-08T18:16:00.000Z";"2781";0.2034526895;0.2094784178;0.2019428838;0.2094784178;1462.7;0;0;"2024-02-08T23:59:59.999Z"
"2024-02-07T00:00:00.000Z";"2024-02-07T23:59:59.999Z";"2024-02-07T00:04:00.000Z";"2024-02-07T21:19:00.000Z";"2781";0.2055926875;0.2077308152;0.203107887;0.2034526895;443.26;0;0;"2024-02-07T23:59:59.999Z"
"2024-02-06T00:00:00.000Z";"2024-02-06T23:59:59.999Z";"2024-02-06T08:34:00.000Z";"2024-02-06T22:16:00.000Z";"2781";0.2088907966;0.2088913769;0.2012841594;0.2055842254;4969.74;0;0;"2024-02-06T23:59:59.999Z"
"2024-02-05T00:00:00.000Z";"2024-02-05T23:59:59.999Z";"2024-02-05T19:16:00.000Z";"2024-02-05T01:50:00.000Z";"2781";0.2054692896;0.2114144342;0.2036354011;0.2088907966;2662.64;0;0;"2024-02-05T23:59:59.999Z"
"2024-02-04T00:00:00.000Z";"2024-02-04T23:59:59.999Z";"2024-02-04T01:55:00.000Z";"2024-02-04T15:53:00.000Z";"2781";0.2464786802;0.2470479724;0.161552562;0.2054692896;20408.89;0;0;"2024-02-04T23:59:59.999Z"
"2024-02-03T00:00:00.000Z";"2024-02-03T23:59:59.999Z";"2024-02-03T05:25:00.000Z";"2024-02-03T23:27:00.000Z";"2781";0.261196892;0.2612016705;0.2464786683;0.2464786802;985.68;0;0;"2024-02-03T23:59:59.999Z"
"2024-02-02T00:00:00.000Z";"2024-02-02T23:59:59.999Z";"2024-02-02T09:19:00.000Z";"2024-02-02T18:13:00.000Z";"2781";0.2850246761;0.2870201542;0.2523668652;0.261196892;8883.04;0;0;"2024-02-02T23:59:59.999Z"
"2024-02-01T00:00:00.000Z";"2024-02-01T23:59:59.999Z";"2024-02-01T14:55:00.000Z";"2024-02-01T00:00:00.000Z";"2781";0.2398337393;0.288249232;0.2398337393;0.2850246761;8100.72;0;0;"2024-02-01T23:59:59.999Z"
"2024-01-31T00:00:00.000Z";"2024-01-31T23:59:59.999Z";"2024-01-31T19:34:00.000Z";"2024-01-31T00:00:00.000Z";"2781";0.2314824224;0.2399825162;0.2314824224;0.2398337393;1010.63;0;0;"2024-01-31T23:59:59.999Z"
"2024-01-30T00:00:00.000Z";"2024-01-30T23:59:59.999Z";"2024-01-30T21:56:00.000Z";"2024-01-30T14:59:00.000Z";"2781";0.2296639417;0.2314933718;0.2284867619;0.2314824224;857.43;0;0;"2024-01-30T23:59:59.999Z"
"2024-01-29T00:00:00.000Z";"2024-01-29T23:59:59.999Z";"2024-01-29T09:49:00.000Z";"2024-01-29T19:43:00.000Z";"2781";0.23886296;0.2388811495;0.2295554615;0.2296639417;950.03;0;0;"2024-01-29T23:59:59.999Z"
"2024-01-28T00:00:00.000Z";"2024-01-28T23:59:59.999Z";"2024-01-28T23:34:00.000Z";"2024-01-28T00:00:00.000Z";"2781";0.2349997407;0.239102317;0.2349997407;0.23886296;388.57;0;0;"2024-01-28T23:59:59.999Z"
"2024-01-27T00:00:00.000Z";"2024-01-27T23:59:59.999Z";"2024-01-27T23:31:00.000Z";"2024-01-27T00:28:00.000Z";"2781";0.231170357;0.2349997407;0.2310971033;0.2349997407;210.77;0;0;"2024-01-27T23:59:59.999Z"
"2024-01-26T00:00:00.000Z";"2024-01-26T23:59:59.999Z";"2024-01-26T00:00:00.000Z";"2024-01-26T14:13:00.000Z";"2781";0.2323824935;0.2323824935;0.2310228605;0.231170357;140.74;0;0;"2024-01-26T23:59:59.999Z"
"2024-01-25T00:00:00.000Z";"2024-01-25T23:59:59.999Z";"2024-01-25T00:22:00.000Z";"2024-01-25T23:01:00.000Z";"2781";0.237066906;0.2370948938;0.2323752336;0.2323824935;315.93;0;0;"2024-01-25T23:59:59.999Z"
"2024-01-24T00:00:00.000Z";"2024-01-24T23:59:59.999Z";"2024-01-24T23:52:00.000Z";"2024-01-24T18:24:00.000Z";"2781";0.236528076;0.2371059816;0.2361803417;0.237066906;39.08;0;0;"2024-01-24T23:59:59.999Z"
"2024-01-23T00:00:00.000Z";"2024-01-23T23:59:59.999Z";"2024-01-23T23:58:00.000Z";"2024-01-23T14:31:00.000Z";"2781";0.2331750801;0.236528076;0.2315918991;0.236528076;443.59;0;0;"2024-01-23T23:59:59.999Z"
"2024-01-22T00:00:00.000Z";"2024-01-22T23:59:59.999Z";"2024-01-22T07:22:00.000Z";"2024-01-22T21:23:00.000Z";"2781";0.2457155421;0.2459469247;0.2331254028;0.2331750801;3435.37;0;0;"2024-01-22T23:59:59.999Z"
"2024-01-21T00:00:00.000Z";"2024-01-21T23:59:59.999Z";"2024-01-21T10:52:00.000Z";"2024-01-21T22:31:00.000Z";"2781";0.2513357564;0.2532862456;0.2456934832;0.2457155421;566.93;0;0;"2024-01-21T23:59:59.999Z"
"2024-01-20T00:00:00.000Z";"2024-01-20T23:59:59.999Z";"2024-01-20T00:00:00.000Z";"2024-01-20T17:16:00.000Z";"2781";0.2532107863;0.2532107863;0.2481883089;0.2513357564;564.81;0;0;"2024-01-20T23:59:59.999Z"
"2024-01-19T00:00:00.000Z";"2024-01-19T23:59:59.999Z";"2024-01-19T18:34:00.000Z";"2024-01-19T23:52:00.000Z";"2781";0.255812205;0.2571999616;0.2532107863;0.2532107863;282.24;0;0;"2024-01-19T23:59:59.999Z"
"2024-01-18T00:00:00.000Z";"2024-01-18T23:59:59.999Z";"2024-01-18T00:00:00.000Z";"2024-01-18T20:23:00.000Z";"2781";0.2586233884;0.2586233884;0.251868153;0.255812205;1544.45;0;0;"2024-01-18T23:59:59.999Z"
"2024-01-17T00:00:00.000Z";"2024-01-17T23:59:59.999Z";"2024-01-17T17:07:00.000Z";"2024-01-17T22:49:00.000Z";"2781";0.2601310463;0.2655783016;0.2585078645;0.2586233884;2479.27;0;0;"2024-01-17T23:59:59.999Z"
"2024-01-16T00:00:00.000Z";"2024-01-16T23:59:59.999Z";"2024-01-16T22:44:00.000Z";"2024-01-16T13:07:00.000Z";"2781";0.2551728087;0.261004236;0.2528821203;0.2601310463;2061.34;0;0;"2024-01-16T23:59:59.999Z"
"2024-01-15T00:00:00.000Z";"2024-01-15T23:59:59.999Z";"2024-01-15T12:49:00.000Z";"2024-01-15T20:49:00.000Z";"2781";0.2552257464;0.2554383494;0.2546942431;0.2551728087;201.71;0;0;"2024-01-15T23:59:59.999Z"
"2024-01-14T00:00:00.000Z";"2024-01-14T23:59:59.999Z";"2024-01-14T18:06:00.000Z";"2024-01-14T23:42:00.000Z";"2781";0.2584929525;0.2622399198;0.2552237288;0.2552257464;1555.84;0;0;"2024-01-14T23:59:59.999Z"
"2024-01-13T00:00:00.000Z";"2024-01-13T23:59:59.999Z";"2024-01-13T21:43:00.000Z";"2024-01-13T02:13:00.000Z";"2781";0.2581498746;0.2585688276;0.2579639651;0.2584929525;59.81;0;0;"2024-01-13T23:59:59.999Z"
"2024-01-12T00:00:00.000Z";"2024-01-12T23:59:59.999Z";"2024-01-12T10:30:00.000Z";"2024-01-12T22:34:00.000Z";"2781";0.2637348405;0.2676173252;0.258149362;0.2581498746;1144.45;0;0;"2024-01-12T23:59:59.999Z"
"2024-01-11T00:00:00.000Z";"2024-01-11T23:59:59.999Z";"2024-01-11T00:00:00.000Z";"2024-01-11T01:31:00.000Z";"2781";0.2649568481;0.2649568481;0.2586602343;0.2637348405;1423.37;0;0;"2024-01-11T23:59:59.999Z"
"2024-01-10T00:00:00.000Z";"2024-01-10T23:59:59.999Z";"2024-01-10T00:00:00.000Z";"2024-01-10T19:42:00.000Z";"2781";0.2733541857;0.2733541857;0.2647123081;0.2649568481;1069.2;0;0;"2024-01-10T23:59:59.999Z"
"2024-01-09T00:00:00.000Z";"2024-01-09T23:59:59.999Z";"2024-01-09T01:52:00.000Z";"2024-01-09T00:37:00.000Z";"2781";0.2567327208;0.2761257192;0.2567321345;0.2733541857;5477.48;0;0;"2024-01-09T23:59:59.999Z"
"2024-01-08T00:00:00.000Z";"2024-01-08T23:59:59.999Z";"2024-01-08T23:01:00.000Z";"2024-01-08T06:28:00.000Z";"2781";0.2449416994;0.2576801832;0.2427982763;0.2567327208;5880.01;0;0;"2024-01-08T23:59:59.999Z"
"2024-01-07T00:00:00.000Z";"2024-01-07T23:59:59.999Z";"2024-01-07T00:00:00.000Z";"2024-01-07T23:01:00.000Z";"2781";0.2677199129;0.2677199129;0.2449406758;0.2449416994;1761.63;0;0;"2024-01-07T23:59:59.999Z"
"2024-01-06T00:00:00.000Z";"2024-01-06T23:59:59.999Z";"2024-01-06T07:19:00.000Z";"2024-01-06T08:30:00.000Z";"2781";0.2727179125;0.2736192;0.2630087302;0.2677199129;1657.85;0;0;"2024-01-06T23:59:59.999Z"
"2024-01-05T00:00:00.000Z";"2024-01-05T23:59:59.999Z";"2024-01-05T01:28:00.000Z";"2024-01-05T17:52:00.000Z";"2781";0.286678203;0.2878346026;0.268110677;0.2727179125;1849.32;0;0;"2024-01-05T23:59:59.999Z"
"2024-01-04T00:00:00.000Z";"2024-01-04T23:59:59.999Z";"2024-01-04T21:28:00.000Z";"2024-01-04T14:40:00.000Z";"2781";0.2791847956;0.2867092841;0.2764404674;0.286678203;893.55;0;0;"2024-01-04T23:59:59.999Z"
"2024-01-03T00:00:00.000Z";"2024-01-03T23:59:59.999Z";"2024-01-03T11:07:00.000Z";"2024-01-03T02:01:00.000Z";"2781";0.2775269384;0.2818634139;0.2775236162;0.2791847956;502.17;0;0;"2024-01-03T23:59:59.999Z"
"2024-01-02T00:00:00.000Z";"2024-01-02T23:59:59.999Z";"2024-01-02T17:34:00.000Z";"2024-01-02T00:00:00.000Z";"2781";0.2742326906;0.2777622037;0.2742326906;0.2775269384;1305.41;0;0;"2024-01-02T23:59:59.999Z"
"2024-01-01T00:00:00.000Z";"2024-01-01T23:59:59.999Z";"2024-01-01T01:22:00.000Z";"2024-01-01T22:28:00.000Z";"2781";0.282009398;0.2829408614;0.2742017763;0.2742326906;836.25;0;0;"2024-01-01T23:59:59.999Z"
"2023-12-31T00:00:00.000Z";"2023-12-31T23:59:59.999Z";"2023-12-31T00:07:00.000Z";"2023-12-31T22:27:00.000Z";"2781";0.291197145;0.2912471424;0.2820091507;0.282009398;1868.63;0;0;"2023-12-31T23:59:59.999Z"
"2023-12-30T00:00:00.000Z";"2023-12-30T23:59:59.999Z";"2023-12-30T00:00:00.000Z";"2023-12-30T15:16:00.000Z";"2781";0.2954431353;0.2954431353;0.2910301494;0.291197145;675.17;0;0;"2023-12-30T23:59:59.999Z"
"2023-12-29T00:00:00.000Z";"2023-12-29T23:59:59.999Z";"2023-12-29T18:34:00.000Z";"2023-12-29T01:31:00.000Z";"2781";0.2788536791;0.2964488092;0.2786683661;0.2959283338;13620.89;0;0;"2023-12-29T23:59:59.999Z"
"2023-12-28T00:00:00.000Z";"2023-12-28T23:59:59.999Z";"2023-12-28T10:18:00.000Z";"2023-12-28T05:37:00.000Z";"2781";0.2744538713;0.2800916172;0.2741959628;0.2788536791;1010.43;0;0;"2023-12-28T23:59:59.999Z"
"2023-12-27T00:00:00.000Z";"2023-12-27T23:59:59.999Z";"2023-12-27T00:57:00.000Z";"2023-12-27T10:43:00.000Z";"2781";0.2770827585;0.2775444568;0.2720403651;0.2744538713;599.43;0;0;"2023-12-27T23:59:59.999Z"
"2023-12-26T00:00:00.000Z";"2023-12-26T23:59:59.999Z";"2023-12-26T23:53:00.000Z";"2023-12-26T16:30:00.000Z";"2781";0.2666595804;0.2771473826;0.26448929;0.2770506769;1702.74;0;0;"2023-12-26T23:59:59.999Z"
"2023-12-25T00:00:00.000Z";"2023-12-25T23:59:59.999Z";"2023-12-25T06:36:00.000Z";"2023-12-25T23:50:00.000Z";"2781";0.2773743803;0.278645976;0.2665190357;0.2665773764;1109.45;0;0;"2023-12-25T23:59:59.999Z"
"2023-12-24T00:00:00.000Z";"2023-12-24T23:59:59.999Z";"2023-12-24T14:51:00.000Z";"2023-12-24T20:54:00.000Z";"2781";0.2820662012;0.2821208853;0.2771035071;0.2773743803;273.04;0;0;"2023-12-24T23:59:59.999Z"
"2023-12-23T00:00:00.000Z";"2023-12-23T23:59:59.999Z";"2023-12-23T17:26:00.000Z";"2023-12-23T00:06:00.000Z";"2781";0.2804031761;0.2834456551;0.2803762791;0.2820074916;968.08;0;0;"2023-12-23T23:59:59.999Z"
"2023-12-22T00:00:00.000Z";"2023-12-22T23:59:59.999Z";"2023-12-22T05:05:00.000Z";"2023-12-22T03:16:00.000Z";"2781";0.2809899744;0.2830769748;0.2797164379;0.2804214955;948.45;0;0;"2023-12-22T23:59:59.999Z"
"2023-12-21T00:00:00.000Z";"2023-12-21T23:59:59.999Z";"2023-12-21T20:36:00.000Z";"2023-12-21T12:47:00.000Z";"2781";0.2797462429;0.2820894315;0.2788494852;0.2809899744;33.38;0;0;"2023-12-21T23:59:59.999Z"
"2023-12-20T00:00:00.000Z";"2023-12-20T23:59:59.999Z";"2023-12-20T17:32:00.000Z";"2023-12-20T02:42:00.000Z";"2781";0.2796317141;0.2828958716;0.2718742606;0.2797729429;5289.48;0;0;"2023-12-20T23:59:59.999Z"
"2023-12-19T00:00:00.000Z";"2023-12-19T23:59:59.999Z";"2023-12-19T02:57:00.000Z";"2023-12-19T23:08:00.000Z";"2781";0.3056777562;0.3094277184;0.279531861;0.2796129709;3944.22;0;0;"2023-12-19T23:59:59.999Z"
"2023-12-18T00:00:00.000Z";"2023-12-18T23:59:59.999Z";"2023-12-18T08:12:00.000Z";"2023-12-18T16:27:00.000Z";"2781";0.319737364;0.3244946497;0.2989979357;0.3057053583;4072.28;0;0;"2023-12-18T23:59:59.999Z"
"2023-12-17T00:00:00.000Z";"2023-12-17T23:59:59.999Z";"2023-12-17T00:09:00.000Z";"2023-12-17T15:53:00.000Z";"2781";0.3407693523;0.3409070296;0.3168884157;0.3196348391;20161.83;0;0;"2023-12-17T23:59:59.999Z"
"2023-12-16T00:00:00.000Z";"2023-12-16T23:59:59.999Z";"2023-12-16T14:37:00.000Z";"2023-12-16T06:27:00.000Z";"2781";0.3402801737;0.3415512061;0.338432332;0.3407935732;692.68;0;0;"2023-12-16T23:59:59.999Z"
"2023-12-15T00:00:00.000Z";"2023-12-15T23:59:59.999Z";"2023-12-15T23:57:00.000Z";"2023-12-15T01:31:00.000Z";"2781";0.3138840123;0.3409817311;0.313553125;0.3402795897;2850.15;0;0;"2023-12-15T23:59:59.999Z"
"2023-12-14T00:00:00.000Z";"2023-12-14T23:59:59.999Z";"2023-12-14T20:17:00.000Z";"2023-12-14T08:14:00.000Z";"2781";0.3109596896;0.3146756879;0.3092210347;0.3138628714;1498.16;0;0;"2023-12-14T23:59:59.999Z"
"2023-12-13T00:00:00.000Z";"2023-12-13T23:59:59.999Z";"2023-12-13T01:22:00.000Z";"2023-12-13T21:08:00.000Z";"2781";0.3213561983;0.3215241171;0.3104089654;0.3109878393;997.85;0;0;"2023-12-13T23:59:59.999Z"
"2023-12-12T00:00:00.000Z";"2023-12-12T23:59:59.999Z";"2023-12-12T15:23:00.000Z";"2023-12-12T18:30:00.000Z";"2781";0.3293860998;0.3307554491;0.314975055;0.321330242;3881.52;0;0;"2023-12-12T23:59:59.999Z"
"2023-12-11T00:00:00.000Z";"2023-12-11T23:59:59.999Z";"2023-12-11T02:14:00.000Z";"2023-12-11T16:24:00.000Z";"2781";0.3430769129;0.3447431462;0.3199361824;0.3293826979;2022.77;0;0;"2023-12-11T23:59:59.999Z"
"2023-12-10T00:00:00.000Z";"2023-12-10T23:59:59.999Z";"2023-12-10T03:34:00.000Z";"2023-12-10T18:45:00.000Z";"2781";0.3558663622;0.3599381368;0.3360401252;0.3431159027;4627.76;0;0;"2023-12-10T23:59:59.999Z"
"2023-12-09T00:00:00.000Z";"2023-12-09T23:59:59.999Z";"2023-12-09T00:01:00.000Z";"2023-12-09T03:29:00.000Z";"2781";0.3615276045;0.3615456177;0.3504060205;0.3589283872;1360.24;0;0;"2023-12-09T23:59:59.999Z"
"2023-12-08T00:00:00.000Z";"2023-12-08T23:59:59.999Z";"2023-12-08T16:37:00.000Z";"2023-12-08T16:21:00.000Z";"2781";0.3420501121;0.3877161896;0.3412143083;0.3615096917;19152.78;0;0;"2023-12-08T23:59:59.999Z"
"2023-12-07T00:00:00.000Z";"2023-12-07T23:59:59.999Z";"2023-12-07T20:40:00.000Z";"2023-12-07T00:03:00.000Z";"2781";0.3227686719;0.3439201623;0.3226776694;0.342089935;8347.63;0;0;"2023-12-07T23:59:59.999Z"
"2023-12-06T00:00:00.000Z";"2023-12-06T23:59:59.999Z";"2023-12-06T00:08:00.000Z";"2023-12-06T23:34:00.000Z";"2781";0.3781606122;0.3782067554;0.3223585677;0.3227753125;7119.45;0;0;"2023-12-06T23:59:59.999Z"
"2023-12-05T00:00:00.000Z";"2023-12-05T23:59:59.999Z";"2023-12-05T23:28:00.000Z";"2023-12-05T00:13:00.000Z";"2781";0.356883874;0.3790106255;0.3498770413;0.3781199381;7059.2;0;0;"2023-12-05T23:59:59.999Z"
"2023-12-04T00:00:00.000Z";"2023-12-04T23:59:59.999Z";"2023-12-04T00:06:00.000Z";"2023-12-04T14:43:00.000Z";"2781";0.4175855607;0.4176974894;0.3424169692;0.3568799526;29197.84;0;0;"2023-12-04T23:59:59.999Z"
"2023-12-03T00:00:00.000Z";"2023-12-03T23:59:59.999Z";"2023-12-03T18:40:00.000Z";"2023-12-03T04:30:00.000Z";"2781";0.4347381097;0.4443654583;0.4098146192;0.4176211018;22947.83;0;0;"2023-12-03T23:59:59.999Z"
"2023-12-02T00:00:00.000Z";"2023-12-02T23:59:59.999Z";"2023-12-02T16:43:00.000Z";"2023-12-02T00:02:00.000Z";"2781";0.2870419734;0.4848031709;0.286983052;0.4344416313;53373.63;0;0;"2023-12-02T23:59:59.999Z"
"2023-12-01T00:00:00.000Z";"2023-12-01T23:59:59.999Z";"2023-12-01T23:39:00.000Z";"2023-12-01T02:35:00.000Z";"2781";0.2685948369;0.2875096747;0.2662536301;0.2870778921;2171.14;0;0;"2023-12-01T23:59:59.999Z"
"2023-11-30T00:00:00.000Z";"2023-11-30T23:59:59.999Z";"2023-11-30T19:59:00.000Z";"2023-11-30T06:31:00.000Z";"2781";0.2756972151;0.2769280692;0.264257616;0.2685905737;4095.03;0;0;"2023-11-30T23:59:59.999Z"
"2023-11-29T00:00:00.000Z";"2023-11-29T23:59:59.999Z";"2023-11-29T12:58:00.000Z";"2023-11-29T01:04:00.000Z";"2781";0.2611555881;0.2838519262;0.2609932958;0.275689466;2233.7;0;0;"2023-11-29T23:59:59.999Z"
"2023-11-28T00:00:00.000Z";"2023-11-28T23:59:59.999Z";"2023-11-28T00:14:00.000Z";"2023-11-28T23:17:00.000Z";"2781";0.2718888695;0.2720152041;0.2604476606;0.2611825378;1208.79;0;0;"2023-11-28T23:59:59.999Z"
"2023-11-27T00:00:00.000Z";"2023-11-27T23:59:59.999Z";"2023-11-27T00:01:00.000Z";"2023-11-27T21:13:00.000Z";"2781";0.2758212705;0.2758684205;0.2713091416;0.2718825554;314.36;0;0;"2023-11-27T23:59:59.999Z"
"2023-11-26T00:00:00.000Z";"2023-11-26T23:59:59.999Z";"2023-11-26T20:14:00.000Z";"2023-11-26T23:49:00.000Z";"2781";0.287098603;0.28930207;0.2757959266;0.275829297;5903.1;0;0;"2023-11-26T23:59:59.999Z"
"2023-11-25T00:00:00.000Z";"2023-11-25T23:59:59.999Z";"2023-11-25T20:38:00.000Z";"2023-11-25T11:57:00.000Z";"2781";0.283929383;0.2874687706;0.2837483641;0.287104678;1178.04;0;0;"2023-11-25T23:59:59.999Z"
"2023-11-24T00:00:00.000Z";"2023-11-24T23:59:59.999Z";"2023-11-24T22:13:00.000Z";"2023-11-24T01:11:00.000Z";"2781";0.2582100899;0.2843071204;0.2581159415;0.2839651734;3986.58;0;0;"2023-11-24T23:59:59.999Z"
"2023-11-23T00:00:00.000Z";"2023-11-23T23:59:59.999Z";"2023-11-23T20:39:00.000Z";"2023-11-23T01:17:00.000Z";"2781";0.2518820384;0.2593480276;0.2517773672;0.2581807723;1482.1;0;0;"2023-11-23T23:59:59.999Z"
"2023-11-22T00:00:00.000Z";"2023-11-22T23:59:59.999Z";"2023-11-22T21:40:00.000Z";"2023-11-22T18:09:00.000Z";"2781";0.2495002818;0.2525074274;0.2417949472;0.2518879171;4903.5;0;0;"2023-11-22T23:59:59.999Z"
"2023-11-21T00:00:00.000Z";"2023-11-21T23:59:59.999Z";"2023-11-21T20:45:00.000Z";"2023-11-21T18:07:00.000Z";"2781";0.2495007478;0.2498945211;0.2485553988;0.2495692536;122.33;0;0;"2023-11-21T23:59:59.999Z"
"2023-11-20T00:00:00.000Z";"2023-11-20T23:59:59.999Z";"2023-11-20T11:49:00.000Z";"2023-11-20T09:20:00.000Z";"2781";0.2482635098;0.2506612398;0.2470415085;0.2495014745;337.88;0;0;"2023-11-20T23:59:59.999Z"
"2023-11-19T00:00:00.000Z";"2023-11-19T23:59:59.999Z";"2023-11-19T00:50:00.000Z";"2023-11-19T17:42:00.000Z";"2781";0.2523168588;0.2523517264;0.2442559187;0.2482966704;1736.27;0;0;"2023-11-19T23:59:59.999Z"
"2023-11-18T00:00:00.000Z";"2023-11-18T23:59:59.999Z";"2023-11-18T00:26:00.000Z";"2023-11-18T12:26:00.000Z";"2781";0.2622675026;0.2623834096;0.2499289941;0.2523107115;1314.99;0;0;"2023-11-18T23:59:59.999Z"
"2023-11-17T00:00:00.000Z";"2023-11-17T23:59:59.999Z";"2023-11-17T01:48:00.000Z";"2023-11-17T18:42:00.000Z";"2781";0.2755877176;0.275978062;0.2617277595;0.2622104453;1863.16;0;0;"2023-11-17T23:59:59.999Z"
"2023-11-16T00:00:00.000Z";"2023-11-16T23:59:59.999Z";"2023-11-16T02:18:00.000Z";"2023-11-16T19:26:00.000Z";"2781";0.2781525344;0.2790531534;0.275372662;0.2756514963;228.88;0;0;"2023-11-16T23:59:59.999Z"
"2023-11-15T00:00:00.000Z";"2023-11-15T23:59:59.999Z";"2023-11-15T00:01:00.000Z";"2023-11-15T12:17:00.000Z";"2781";0.2860870893;0.2860905129;0.2744214339;0.2781307694;1932.22;0;0;"2023-11-15T23:59:59.999Z"
"2023-11-14T00:00:00.000Z";"2023-11-14T23:59:59.999Z";"2023-11-14T22:01:00.000Z";"2023-11-14T14:10:00.000Z";"2781";0.2814011496;0.2890182998;0.2767203862;0.2861729334;1732.99;0;0;"2023-11-14T23:59:59.999Z"
"2023-11-13T00:00:00.000Z";"2023-11-13T23:59:59.999Z";"2023-11-13T22:00:00.000Z";"2023-11-13T02:43:00.000Z";"2781";0.2749753909;0.2821993139;0.2743529757;0.2813434105;655.22;0;0;"2023-11-13T23:59:59.999Z"
"2023-11-12T00:00:00.000Z";"2023-11-12T23:59:59.999Z";"2023-11-12T19:00:00.000Z";"2023-11-12T00:04:00.000Z";"2781";0.2641460842;0.2761650652;0.264127351;0.2748958796;992.01;0;0;"2023-11-12T23:59:59.999Z"
"2023-11-11T00:00:00.000Z";"2023-11-11T23:59:59.999Z";"2023-11-11T23:56:00.000Z";"2023-11-11T01:46:00.000Z";"2781";0.2557331668;0.2642538783;0.2555657759;0.2641141231;832.14;0;0;"2023-11-11T23:59:59.999Z"
"2023-11-10T00:00:00.000Z";"2023-11-10T23:59:59.999Z";"2023-11-10T20:32:00.000Z";"2023-11-10T00:16:00.000Z";"2781";0.2251310978;0.2562057525;0.2250817222;0.2557237389;4611.99;0;0;"2023-11-10T23:59:59.999Z"
"2023-11-09T00:00:00.000Z";"2023-11-09T23:59:59.999Z";"2023-11-09T22:19:00.000Z";"2023-11-09T08:33:00.000Z";"2781";0.2040559176;0.2257637766;0.2029380333;0.2251598185;3440.46;0;0;"2023-11-09T23:59:59.999Z"
"2023-11-08T00:00:00.000Z";"2023-11-08T23:59:59.999Z";"2023-11-08T09:11:00.000Z";"2023-11-08T00:47:00.000Z";"2781";0.2030526519;0.2077205925;0.2029778839;0.2040745078;1545.54;0;0;"2023-11-08T23:59:59.999Z"
"2023-11-07T00:00:00.000Z";"2023-11-07T23:59:59.999Z";"2023-11-07T21:37:00.000Z";"2023-11-07T17:07:00.000Z";"2781";0.2023086067;0.2037689862;0.2011747507;0.203057472;514.01;0;0;"2023-11-07T23:59:59.999Z"
"2023-11-06T00:00:00.000Z";"2023-11-06T23:59:59.999Z";"2023-11-06T11:19:00.000Z";"2023-11-06T17:47:00.000Z";"2781";0.2113386999;0.2126803429;0.2020505184;0.202317296;812.46;0;0;"2023-11-06T23:59:59.999Z"
"2023-11-05T00:00:00.000Z";"2023-11-05T23:59:59.999Z";"2023-11-05T01:14:00.000Z";"2023-11-05T08:59:00.000Z";"2781";0.2126980086;0.2131619433;0.210465203;0.2113761005;131.79;0;0;"2023-11-05T23:59:59.999Z"
"2023-11-04T00:00:00.000Z";"2023-11-04T23:59:59.999Z";"2023-11-04T23:23:00.000Z";"2023-11-04T20:10:00.000Z";"2781";0.2115037005;0.213425992;0.2113478978;0.2126823042;8.14;0;0;"2023-11-04T23:59:59.999Z"
"2023-11-03T00:00:00.000Z";"2023-11-03T23:59:59.999Z";"2023-11-03T00:58:00.000Z";"2023-11-03T08:13:00.000Z";"2781";0.2270173506;0.2283224113;0.1811331694;0.2114980885;51708.09;0;0;"2023-11-03T23:59:59.999Z"
"2023-11-02T00:00:00.000Z";"2023-11-02T23:59:59.999Z";"2023-11-02T01:04:00.000Z";"2023-11-02T09:01:00.000Z";"2781";0.2287038946;0.229062561;0.2265725574;0.2270375904;546.39;0;0;"2023-11-02T23:59:59.999Z"
"2023-11-01T00:00:00.000Z";"2023-11-01T23:59:59.999Z";"2023-11-01T00:29:00.000Z";"2023-11-01T18:20:00.000Z";"2781";0.2324763426;0.2325823195;0.2276277474;0.2286754307;4457.94;0;0;"2023-11-01T23:59:59.999Z"
"2023-10-31T00:00:00.000Z";"2023-10-31T23:59:59.999Z";"2023-10-31T10:40:00.000Z";"2023-10-31T23:23:00.000Z";"2781";0.2368726029;0.2379627674;0.2324142719;0.2325025817;753.45;0;0;"2023-10-31T23:59:59.999Z"
"2023-10-30T00:00:00.000Z";"2023-10-30T23:59:59.999Z";"2023-10-30T17:27:00.000Z";"2023-10-30T13:21:00.000Z";"2781";0.2367826607;0.2371549145;0.2362534182;0.2368709346;539.35;0;0;"2023-10-30T23:59:59.999Z"
"2023-10-29T00:00:00.000Z";"2023-10-29T23:59:59.999Z";"2023-10-29T20:33:00.000Z";"2023-10-29T01:39:00.000Z";"2781";0.2275544309;0.2368531767;0.2275312613;0.2368325404;935.81;0;0;"2023-10-29T23:59:59.999Z"
"2023-10-28T00:00:00.000Z";"2023-10-28T23:59:59.999Z";"2023-10-28T23:18:00.000Z";"2023-10-28T13:04:00.000Z";"2781";0.2199924809;0.2275808905;0.2197999859;0.2275490565;605.39;0;0;"2023-10-28T23:59:59.999Z"
"2023-10-27T00:00:00.000Z";"2023-10-27T23:59:59.999Z";"2023-10-27T03:28:00.000Z";"2023-10-27T18:32:00.000Z";"2781";0.220561302;0.2210643772;0.2192217106;0.2200122335;24.48;0;0;"2023-10-27T23:59:59.999Z"
"2023-10-26T00:00:00.000Z";"2023-10-26T23:59:59.999Z";"2023-10-26T12:18:00.000Z";"2023-10-26T14:40:00.000Z";"2781";0.2207234576;0.2211108145;0.2153853201;0.2205481155;36.6;0;0;"2023-10-26T23:59:59.999Z"
"2023-10-25T00:00:00.000Z";"2023-10-25T23:59:59.999Z";"2023-10-25T07:43:00.000Z";"2023-10-25T07:04:00.000Z";"2781";0.2190514474;0.2246455409;0.2144749327;0.22073143;13749.03;0;0;"2023-10-25T23:59:59.999Z"
"2023-10-24T00:00:00.000Z";"2023-10-24T23:59:59.999Z";"2023-10-24T05:46:00.000Z";"2023-10-24T07:11:00.000Z";"2781";0.2570320208;0.2805085699;0.1866193588;0.2190398902;140329.77;0;0;"2023-10-24T23:59:59.999Z"
"2023-10-23T00:00:00.000Z";"2023-10-23T23:59:59.999Z";"2023-10-23T14:48:00.000Z";"2023-10-23T03:28:00.000Z";"2781";0.208972345;0.2589939;0.2087640684;0.2570320208;75991.22;0;0;"2023-10-23T23:59:59.999Z"
"2023-10-22T00:00:00.000Z";"2023-10-22T23:59:59.999Z";"2023-10-22T21:13:00.000Z";"2023-10-22T00:01:00.000Z";"2781";0.1729112024;0.2077116815;0.1728927283;0.2076317789;71247.72;0;0;"2023-10-22T23:59:59.999Z"
"2023-10-21T00:00:00.000Z";"2023-10-21T23:59:59.999Z";"2023-10-21T23:25:00.000Z";"2023-10-21T06:20:00.000Z";"2781";0.1727830578;0.1729565291;0.1716485315;0.1729178933;450.45;0;0;"2023-10-21T23:59:59.999Z"
"2023-10-20T00:00:00.000Z";"2023-10-20T23:59:59.999Z";"2023-10-20T20:45:00.000Z";"2023-10-20T13:46:00.000Z";"2781";0.1729409945;0.1736892477;0.1712484961;0.1727984129;1718.67;0;0;"2023-10-20T23:59:59.999Z"
"2023-10-19T00:00:00.000Z";"2023-10-19T23:59:59.999Z";"2023-10-19T05:02:00.000Z";"2023-10-19T18:52:00.000Z";"2781";0.1757931076;0.1763282983;0.1725051926;0.17293461;563.06;0;0;"2023-10-19T23:59:59.999Z"
"2023-10-18T00:00:00.000Z";"2023-10-18T23:59:59.999Z";"2023-10-18T18:38:00.000Z";"2023-10-18T23:41:00.000Z";"2781";0.3055849125;0.3070166818;0.1757800211;0.1757931076;71041.81;0;0;"2023-10-18T23:59:59.999Z"
"2023-10-17T00:00:00.000Z";"2023-10-17T23:59:59.999Z";"2023-10-17T13:47:00.000Z";"2023-10-17T03:36:00.000Z";"2781";0.3054908266;0.3064397191;0.3054490366;0.3055849125;40.39;0;0;"2023-10-17T23:59:59.999Z"
"2023-10-16T00:00:00.000Z";"2023-10-16T23:59:59.999Z";"2023-10-16T12:44:00.000Z";"2023-10-16T13:15:00.000Z";"2781";0.3108171756;0.3117180299;0.3045218933;0.3054908266;1763.29;0;0;"2023-10-16T23:59:59.999Z"
"2023-10-15T00:00:00.000Z";"2023-10-15T23:59:59.999Z";"2023-10-15T13:33:00.000Z";"2023-10-15T06:12:00.000Z";"2781";0.3107323034;0.3115708631;0.3105552255;0.3107766597;33.97;0;0;"2023-10-15T23:59:59.999Z"
"2023-10-14T00:00:00.000Z";"2023-10-14T23:59:59.999Z";"2023-10-14T21:26:00.000Z";"2023-10-14T01:58:00.000Z";"2781";0.3088641198;0.3108073506;0.3088002689;0.3107264154;62.91;0;0;"2023-10-14T23:59:59.999Z"
"2023-10-13T00:00:00.000Z";"2023-10-13T23:59:59.999Z";"2023-10-13T17:55:00.000Z";"2023-10-13T12:16:00.000Z";"2781";0.3102754266;0.3111367563;0.3078418715;0.3088635926;199.17;0;0;"2023-10-13T23:59:59.999Z"
"2023-10-12T00:00:00.000Z";"2023-10-12T23:59:59.999Z";"2023-10-12T08:51:00.000Z";"2023-10-12T01:16:00.000Z";"2781";0.3085524192;0.3105246587;0.3085249313;0.3102785831;87.07;0;0;"2023-10-12T23:59:59.999Z"
"2023-10-11T00:00:00.000Z";"2023-10-11T23:59:59.999Z";"2023-10-11T09:58:00.000Z";"2023-10-11T17:40:00.000Z";"2781";0.3105229424;0.3111206496;0.3083928438;0.3085903613;111.34;0;0;"2023-10-11T23:59:59.999Z"
"2023-10-10T00:00:00.000Z";"2023-10-10T23:59:59.999Z";"2023-10-10T01:50:00.000Z";"2023-10-10T09:59:00.000Z";"2781";0.3129331295;0.3130971391;0.3103150672;0.3105357038;795.78;0;0;"2023-10-10T23:59:59.999Z"
"2023-10-09T00:00:00.000Z";"2023-10-09T23:59:59.999Z";"2023-10-09T09:45:00.000Z";"2023-10-09T11:52:00.000Z";"2781";0.3125539798;0.3131181665;0.3103285267;0.3129006931;1005.31;0;0;"2023-10-09T23:59:59.999Z"
"2023-10-08T00:00:00.000Z";"2023-10-08T23:59:59.999Z";"2023-10-08T21:06:00.000Z";"2023-10-08T01:29:00.000Z";"2781";0.3121620426;0.3143618286;0.3118904835;0.3125387555;12.61;0;0;"2023-10-08T23:59:59.999Z"
"2023-10-07T00:00:00.000Z";"2023-10-07T23:59:59.999Z";"2023-10-07T19:52:00.000Z";"2023-10-07T14:43:00.000Z";"2781";0.3122800997;0.3129686982;0.3116793484;0.3121024161;35.2;0;0;"2023-10-07T23:59:59.999Z"
"2023-10-06T00:00:00.000Z";"2023-10-06T23:59:59.999Z";"2023-10-06T04:02:00.000Z";"2023-10-06T05:25:00.000Z";"2781";0.3121808067;0.3144218451;0.3116483347;0.3122837611;401.71;0;0;"2023-10-06T23:59:59.999Z"
"2023-10-05T00:00:00.000Z";"2023-10-05T23:59:59.999Z";"2023-10-05T00:57:00.000Z";"2023-10-05T16:07:00.000Z";"2781";0.314050177;0.3167168517;0.3119866802;0.3121886488;189.61;0;0;"2023-10-05T23:59:59.999Z"
"2023-10-04T00:00:00.000Z";"2023-10-04T23:59:59.999Z";"2023-10-04T00:33:00.000Z";"2023-10-04T16:08:00.000Z";"2781";0.3148823017;0.3149736346;0.3136773449;0.3140349449;116.33;0;0;"2023-10-04T23:59:59.999Z"
"2023-10-03T00:00:00.000Z";"2023-10-03T23:59:59.999Z";"2023-10-03T04:55:00.000Z";"2023-10-03T21:29:00.000Z";"2781";0.3281885535;0.3284127268;0.3136250728;0.3148360584;1107.23;0;0;"2023-10-03T23:59:59.999Z"
"2023-10-02T00:00:00.000Z";"2023-10-02T23:59:59.999Z";"2023-10-02T13:32:00.000Z";"2023-10-02T23:59:00.000Z";"2781";0.3420708794;0.3433884756;0.3281237941;0.3281237941;3950.66;0;0;"2023-10-02T23:59:59.999Z"
"2023-10-01T00:00:00.000Z";"2023-10-01T23:59:59.999Z";"2023-10-01T22:35:00.000Z";"2023-10-01T07:29:00.000Z";"2781";0.3420676422;0.342256942;0.3412654438;0.3420540194;224.45;0;0;"2023-10-01T23:59:59.999Z"
"2023-09-30T00:00:00.000Z";"2023-09-30T23:59:59.999Z";"2023-09-30T15:52:00.000Z";"2023-09-30T09:38:00.000Z";"2781";0.3415001421;0.3425572102;0.3411046454;0.3420676422;376.75;0;0;"2023-09-30T23:59:59.999Z"
"2023-09-29T00:00:00.000Z";"2023-09-29T23:59:59.999Z";"2023-09-29T07:41:00.000Z";"2023-09-29T18:14:00.000Z";"2781";0.3467256277;0.3472299672;0.3414158012;0.341536118;267.06;0;0;"2023-09-29T23:59:59.999Z"
"2023-09-28T00:00:00.000Z";"2023-09-28T23:59:59.999Z";"2023-09-28T16:32:00.000Z";"2023-09-28T00:08:00.000Z";"2781";0.3459024987;0.3474182848;0.3457680718;0.3467410677;25.49;0;0;"2023-09-28T23:59:59.999Z"
"2023-09-27T00:00:00.000Z";"2023-09-27T23:59:59.999Z";"2023-09-27T17:48:00.000Z";"2023-09-27T01:17:00.000Z";"2781";0.3449127429;0.3474073589;0.3446121699;0.345913127;19.33;0;0;"2023-09-27T23:59:59.999Z"
"2023-09-26T00:00:00.000Z";"2023-09-26T23:59:59.999Z";"2023-09-26T00:33:00.000Z";"2023-09-26T21:23:00.000Z";"2781";0.3471783417;0.3476641984;0.3448486399;0.3449306242;6;0;0;"2023-09-26T23:59:59.999Z"
"2023-09-25T00:00:00.000Z";"2023-09-25T23:59:59.999Z";"2023-09-25T16:08:00.000Z";"2023-09-25T00:25:00.000Z";"2781";0.3429284151;0.3490811676;0.3418490649;0.3471756464;262.02;0;0;"2023-09-25T23:59:59.999Z"
"2023-09-24T00:00:00.000Z";"2023-09-24T23:59:59.999Z";"2023-09-24T18:10:00.000Z";"2023-09-24T23:43:00.000Z";"2781";0.3447805927;0.3490262363;0.3423109557;0.3428450763;9.64;0;0;"2023-09-24T23:59:59.999Z"
"2023-09-23T00:00:00.000Z";"2023-09-23T23:59:59.999Z";"2023-09-23T12:15:00.000Z";"2023-09-23T23:26:00.000Z";"2781";0.3503607516;0.3507461264;0.3447693255;0.3447805927;1236.68;0;0;"2023-09-23T23:59:59.999Z"
"2023-09-22T00:00:00.000Z";"2023-09-22T23:59:59.999Z";"2023-09-22T19:33:00.000Z";"2023-09-22T13:21:00.000Z";"2781";0.349452414;0.3507858398;0.34650362;0.3503565232;2778.88;0;0;"2023-09-22T23:59:59.999Z"
"2023-09-21T00:00:00.000Z";"2023-09-21T23:59:59.999Z";"2023-09-21T18:11:00.000Z";"2023-09-21T13:36:00.000Z";"2781";0.3495165264;0.3513911378;0.3473485464;0.3494543093;109.38;0;0;"2023-09-21T23:59:59.999Z"
"2023-09-20T00:00:00.000Z";"2023-09-20T23:59:59.999Z";"2023-09-20T00:18:00.000Z";"2023-09-20T17:13:00.000Z";"2781";0.3513781322;0.3515760968;0.349368579;0.3495031258;152.87;0;0;"2023-09-20T23:59:59.999Z"
"2023-09-19T00:00:00.000Z";"2023-09-19T23:59:59.999Z";"2023-09-19T04:59:00.000Z";"2023-09-19T11:53:00.000Z";"2781";0.3521600188;0.3527878707;0.3511979188;0.3513837406;156.96;0;0;"2023-09-19T23:59:59.999Z"
"2023-09-18T00:00:00.000Z";"2023-09-18T23:59:59.999Z";"2023-09-18T20:02:00.000Z";"2023-09-18T00:03:00.000Z";"2781";0.3502123239;0.3545660508;0.3501695899;0.3521600188;319.73;0;0;"2023-09-18T23:59:59.999Z"
"2023-09-17T00:00:00.000Z";"2023-09-17T23:59:59.999Z";"2023-09-17T23:15:00.000Z";"2023-09-17T12:30:00.000Z";"2781";0.346348767;0.3504793118;0.3440894207;0.3503028212;194.2;0;0;"2023-09-17T23:59:59.999Z"
"2023-09-16T00:00:00.000Z";"2023-09-16T23:59:59.999Z";"2023-09-16T03:30:00.000Z";"2023-09-16T23:47:00.000Z";"2781";0.3482282521;0.348939175;0.3463171459;0.346348767;146.93;0;0;"2023-09-16T23:59:59.999Z"
"2023-09-15T00:00:00.000Z";"2023-09-15T23:59:59.999Z";"2023-09-15T22:43:00.000Z";"2023-09-15T01:22:00.000Z";"2781";0.3470723851;0.3490403059;0.3470526418;0.3481757339;52.04;0;0;"2023-09-15T23:59:59.999Z"
"2023-09-14T00:00:00.000Z";"2023-09-14T23:59:59.999Z";"2023-09-14T12:04:00.000Z";"2023-09-14T18:55:00.000Z";"2781";0.3622613146;0.3636859678;0.3465908825;0.3470647453;1208.69;0;0;"2023-09-14T23:59:59.999Z"
"2023-09-13T00:00:00.000Z";"2023-09-13T23:59:59.999Z";"2023-09-13T07:40:00.000Z";"2023-09-13T21:02:00.000Z";"2781";0.3699696166;0.370374453;0.3622324119;0.3622699833;567.3;0;0;"2023-09-13T23:59:59.999Z"
"2023-09-12T00:00:00.000Z";"2023-09-12T23:59:59.999Z";"2023-09-12T00:07:00.000Z";"2023-09-12T16:39:00.000Z";"2781";0.3730403144;0.3730918203;0.3680898095;0.3699815225;312.49;0;0;"2023-09-12T23:59:59.999Z"
"2023-09-11T00:00:00.000Z";"2023-09-11T23:59:59.999Z";"2023-09-11T04:22:00.000Z";"2023-09-11T00:13:00.000Z";"2781";0.3687316977;0.3748203297;0.3683156292;0.3730569535;2183.15;0;0;"2023-09-11T23:59:59.999Z"
"2023-09-10T00:00:00.000Z";"2023-09-10T23:59:59.999Z";"2023-09-10T23:08:00.000Z";"2023-09-10T00:00:00.000Z";"2781";0.3509864628;0.3692137539;0.3509864628;0.3687135574;5321.5;0;0;"2023-09-10T23:59:59.999Z"
"2023-09-09T00:00:00.000Z";"2023-09-09T23:59:59.999Z";"2023-09-09T10:19:00.000Z";"2023-09-09T14:09:00.000Z";"2781";0.355631587;0.3558953699;0.3486723008;0.3509808818;411.63;0;0;"2023-09-09T23:59:59.999Z"
"2023-09-08T00:00:00.000Z";"2023-09-08T23:59:59.999Z";"2023-09-08T18:49:00.000Z";"2023-09-08T12:07:00.000Z";"2781";0.3545374937;0.3557882755;0.3542111294;0.355612339;40.58;0;0;"2023-09-08T23:59:59.999Z"
"2023-09-07T00:00:00.000Z";"2023-09-07T23:59:59.999Z";"2023-09-07T10:01:00.000Z";"2023-09-07T19:45:00.000Z";"2781";0.3682227259;0.3692938029;0.353829305;0.3547098652;1135.82;0;0;"2023-09-07T23:59:59.999Z"
"2023-09-06T00:00:00.000Z";"2023-09-06T23:59:59.999Z";"2023-09-06T15:22:00.000Z";"2023-09-06T23:37:00.000Z";"2781";0.3718053842;0.3758664351;0.3681410567;0.3682383387;1487.62;0;0;"2023-09-06T23:59:59.999Z"
"2023-09-05T00:00:00.000Z";"2023-09-05T23:59:59.999Z";"2023-09-05T04:50:00.000Z";"2023-09-05T18:50:00.000Z";"2781";0.3724036268;0.3725872043;0.3716954374;0.3717976235;1836.41;0;0;"2023-09-05T23:59:59.999Z"
"2023-09-04T00:00:00.000Z";"2023-09-04T23:59:59.999Z";"2023-09-04T06:48:00.000Z";"2023-09-04T06:50:00.000Z";"2781";0.3724150313;0.3764571369;0.3712585836;0.3724128059;9375.86;0;0;"2023-09-04T23:59:59.999Z"
"2023-09-03T00:00:00.000Z";"2023-09-03T23:59:59.999Z";"2023-09-03T07:31:00.000Z";"2023-09-03T14:37:00.000Z";"2781";0.375479491;0.3787874215;0.372149951;0.3724342422;8354.69;0;0;"2023-09-03T23:59:59.999Z"
"2023-09-02T00:00:00.000Z";"2023-09-02T23:59:59.999Z";"2023-09-02T19:26:00.000Z";"2023-09-02T00:38:00.000Z";"2781";0.372127967;0.3784751113;0.3720590058;0.3754501804;4400.3;0;0;"2023-09-02T23:59:59.999Z"
"2023-09-01T00:00:00.000Z";"2023-09-01T23:59:59.999Z";"2023-09-01T07:35:00.000Z";"2023-09-01T20:46:00.000Z";"2781";0.3707302893;0.372989149;0.3680329288;0.3721048916;1364.41;0;0;"2023-09-01T23:59:59.999Z"
"2023-08-31T00:00:00.000Z";"2023-08-31T23:59:59.999Z";"2023-08-31T08:14:00.000Z";"2023-08-31T17:14:00.000Z";"2781";0.4914482134;0.4928092412;0.3647532433;0.3707076892;38344.79;0;0;"2023-08-31T23:59:59.999Z"
"2023-08-30T00:00:00.000Z";"2023-08-30T23:59:59.999Z";"2023-08-30T13:25:00.000Z";"2023-08-30T15:38:00.000Z";"2781";0.6251454756;0.6268304366;0.4720598163;0.4914450102;18268.59;0;0;"2023-08-30T23:59:59.999Z"
"2023-08-29T00:00:00.000Z";"2023-08-29T23:59:59.999Z";"2023-08-29T14:48:00.000Z";"2023-08-29T15:29:00.000Z";"2781";0.6248452799;0.6272169221;0.6238802701;0.625143359;98.71;0;0;"2023-08-29T23:59:59.999Z"
"2023-08-28T00:00:00.000Z";"2023-08-28T23:59:59.999Z";"2023-08-28T12:39:00.000Z";"2023-08-28T23:43:00.000Z";"2781";0.6293385673;0.6299084165;0.6248455744;0.624904946;366.03;0;0;"2023-08-28T23:59:59.999Z"
"2023-08-27T00:00:00.000Z";"2023-08-27T23:59:59.999Z";"2023-08-27T00:15:00.000Z";"2023-08-27T22:45:00.000Z";"2781";0.6337971194;0.6338852874;0.6292116544;0.6293544892;316.02;0;0;"2023-08-27T23:59:59.999Z"
"2023-08-26T00:00:00.000Z";"2023-08-26T23:59:59.999Z";"2023-08-26T19:28:00.000Z";"2023-08-26T00:06:00.000Z";"2781";0.6298602246;0.6348447362;0.629707158;0.6338075971;153.23;0;0;"2023-08-26T23:59:59.999Z"
"2023-08-25T00:00:00.000Z";"2023-08-25T23:59:59.999Z";"2023-08-25T02:31:00.000Z";"2023-08-25T14:51:00.000Z";"2781";0.634859211;0.639068303;0.6264679847;0.6298602246;41.77;0;0;"2023-08-25T23:59:59.999Z"
"2023-08-24T00:00:00.000Z";"2023-08-24T23:59:59.999Z";"2023-08-24T23:51:00.000Z";"2023-08-24T20:57:00.000Z";"2781";0.6310658944;0.6354244372;0.6298465855;0.6349149277;13.83;0;0;"2023-08-24T23:59:59.999Z"
"2023-08-23T00:00:00.000Z";"2023-08-23T23:59:59.999Z";"2023-08-23T00:03:00.000Z";"2023-08-23T20:41:00.000Z";"2781";0.6358816306;0.6360753689;0.6286474524;0.6309614229;829.81;0;0;"2023-08-23T23:59:59.999Z"
"2023-08-22T00:00:00.000Z";"2023-08-22T23:59:59.999Z";"2023-08-22T05:18:00.000Z";"2023-08-22T14:03:00.000Z";"2781";0.6378883826;0.6384853685;0.634543039;0.6357142147;1067.35;0;0;"2023-08-22T23:59:59.999Z"
"2023-08-21T00:00:00.000Z";"2023-08-21T23:59:59.999Z";"2023-08-21T19:49:00.000Z";"2023-08-21T15:30:00.000Z";"2781";0.6397074695;0.6407136572;0.6368670283;0.6378767989;43.73;0;0;"2023-08-21T23:59:59.999Z"
"2023-08-20T00:00:00.000Z";"2023-08-20T23:59:59.999Z";"2023-08-20T22:51:00.000Z";"2023-08-20T07:00:00.000Z";"2781";0.6390673405;0.6401635866;0.638388438;0.6397089164;142;0;0;"2023-08-20T23:59:59.999Z"
"2023-08-19T00:00:00.000Z";"2023-08-19T23:59:59.999Z";"2023-08-19T18:02:00.000Z";"2023-08-19T20:24:00.000Z";"2781";0.6388709927;0.640215542;0.6386163041;0.6389661846;256.35;0;0;"2023-08-19T23:59:59.999Z"
"2023-08-18T00:00:00.000Z";"2023-08-18T23:59:59.999Z";"2023-08-18T00:43:00.000Z";"2023-08-18T20:00:00.000Z";"2781";0.6747140468;0.6751535631;0.6362806196;0.6388614062;7660.23;0;0;"2023-08-18T23:59:59.999Z"
"2023-08-17T00:00:00.000Z";"2023-08-17T23:59:59.999Z";"2023-08-17T01:03:00.000Z";"2023-08-17T21:14:00.000Z";"2781";0.7056774905;0.7061306845;0.6744573763;0.6746869509;1944.61;0;0;"2023-08-17T23:59:59.999Z"
"2023-08-16T00:00:00.000Z";"2023-08-16T23:59:59.999Z";"2023-08-16T18:39:00.000Z";"2023-08-16T20:44:00.000Z";"2781";0.7037112413;0.706214269;0.6997956532;0.7057520159;35.29;0;0;"2023-08-16T23:59:59.999Z"
"2023-08-15T00:00:00.000Z";"2023-08-15T23:59:59.999Z";"2023-08-15T10:10:00.000Z";"2023-08-15T14:12:00.000Z";"2781";0.7061022729;0.7067652799;0.7024819621;0.703702495;430.78;0;0;"2023-08-15T23:59:59.999Z"
"2023-08-14T00:00:00.000Z";"2023-08-14T23:59:59.999Z";"2023-08-14T10:54:00.000Z";"2023-08-14T21:37:00.000Z";"2781";0.7079715255;0.7098604011;0.7057322078;0.7062239809;564.94;0;0;"2023-08-14T23:59:59.999Z"
"2023-08-13T00:00:00.000Z";"2023-08-13T23:59:59.999Z";"2023-08-13T19:55:00.000Z";"2023-08-13T22:43:00.000Z";"2781";0.7066357617;0.7098126835;0.7053749851;0.7079875484;78.41;0;0;"2023-08-13T23:59:59.999Z"
"2023-08-12T00:00:00.000Z";"2023-08-12T23:59:59.999Z";"2023-08-12T16:37:00.000Z";"2023-08-12T20:09:00.000Z";"2781";0.7067670183;0.7078155217;0.7061790576;0.7066383997;105.54;0;0;"2023-08-12T23:59:59.999Z"
"2023-08-11T00:00:00.000Z";"2023-08-11T23:59:59.999Z";"2023-08-11T08:49:00.000Z";"2023-08-11T19:37:00.000Z";"2781";0.7164849198;0.7169844779;0.7061513916;0.7067835366;941.32;0;0;"2023-08-11T23:59:59.999Z"
"2023-08-10T00:00:00.000Z";"2023-08-10T23:59:59.999Z";"2023-08-10T11:46:00.000Z";"2023-08-10T17:34:00.000Z";"2781";0.7295827548;0.7315408263;0.7151113477;0.7164585503;4904.4;0;0;"2023-08-10T23:59:59.999Z"
"2023-08-09T00:00:00.000Z";"2023-08-09T23:59:59.999Z";"2023-08-09T23:22:00.000Z";"2023-08-09T13:02:00.000Z";"2781";0.7278061051;0.7310216481;0.7274057679;0.7296050063;221.93;0;0;"2023-08-09T23:59:59.999Z"
"2023-08-08T00:00:00.000Z";"2023-08-08T23:59:59.999Z";"2023-08-08T13:27:00.000Z";"2023-08-08T16:30:00.000Z";"2781";0.7301790709;0.7316635908;0.7052903373;0.7278318258;3747.54;0;0;"2023-08-08T23:59:59.999Z"
"2023-08-07T00:00:00.000Z";"2023-08-07T23:59:59.999Z";"2023-08-07T16:17:00.000Z";"2023-08-07T13:29:00.000Z";"2781";0.727921648;0.7321490194;0.7254192011;0.7302572477;1266.25;0;0;"2023-08-07T23:59:59.999Z"
"2023-08-06T00:00:00.000Z";"2023-08-06T23:59:59.999Z";"2023-08-06T18:02:00.000Z";"2023-08-06T00:04:00.000Z";"2781";0.6796899158;0.7286171073;0.6796566655;0.7279207122;10146.74;0;0;"2023-08-06T23:59:59.999Z"
"2023-08-05T00:00:00.000Z";"2023-08-05T23:59:59.999Z";"2023-08-05T23:27:00.000Z";"2023-08-05T05:22:00.000Z";"2781";0.6731910256;0.6799243777;0.6730073183;0.6797385022;3246.3;0;0;"2023-08-05T23:59:59.999Z"
"2023-08-04T00:00:00.000Z";"2023-08-04T23:59:59.999Z";"2023-08-04T13:30:00.000Z";"2023-08-04T01:37:00.000Z";"2781";0.6620972361;0.6740411131;0.6617301165;0.6731688731;875.34;0;0;"2023-08-04T23:59:59.999Z"
"2023-08-03T00:00:00.000Z";"2023-08-03T23:59:59.999Z";"2023-08-03T02:11:00.000Z";"2023-08-03T22:29:00.000Z";"2781";0.6641790871;0.6649642052;0.6614988882;0.6620667259;207.34;0;0;"2023-08-03T23:59:59.999Z"
"2023-08-02T00:00:00.000Z";"2023-08-02T23:59:59.999Z";"2023-08-02T11:17:00.000Z";"2023-08-02T16:54:00.000Z";"2781";0.6651525669;0.6679801969;0.6621164251;0.6641790871;50.23;0;0;"2023-08-02T23:59:59.999Z"
"2023-08-01T00:00:00.000Z";"2023-08-01T23:59:59.999Z";"2023-08-01T23:40:00.000Z";"2023-08-01T09:01:00.000Z";"2781";0.6646075664;0.6652391724;0.6628094403;0.6651163489;173.79;0;0;"2023-08-01T23:59:59.999Z"
"2023-07-31T00:00:00.000Z";"2023-07-31T23:59:59.999Z";"2023-07-31T03:37:00.000Z";"2023-07-31T23:44:00.000Z";"2781";0.6678590187;0.6696013758;0.6644338809;0.6645954389;264.48;0;0;"2023-07-31T23:59:59.999Z"
"2023-07-30T00:00:00.000Z";"2023-07-30T23:59:59.999Z";"2023-07-30T00:30:00.000Z";"2023-07-30T17:26:00.000Z";"2781";0.6705976621;0.6709799678;0.6673773162;0.6679228887;234.56;0;0;"2023-07-30T23:59:59.999Z"
"2023-07-29T00:00:00.000Z";"2023-07-29T23:59:59.999Z";"2023-07-29T01:27:00.000Z";"2023-07-29T02:19:00.000Z";"2781";0.6725008182;0.6728284126;0.6657116905;0.670583088;1366.68;0;0;"2023-07-29T23:59:59.999Z"
"2023-07-28T00:00:00.000Z";"2023-07-28T23:59:59.999Z";"2023-07-28T14:44:00.000Z";"2023-07-28T22:59:00.000Z";"2781";0.6743447275;0.6755700585;0.6720941987;0.6725710465;285.01;0;0;"2023-07-28T23:59:59.999Z"
"2023-07-27T00:00:00.000Z";"2023-07-27T23:59:59.999Z";"2023-07-27T05:15:00.000Z";"2023-07-27T15:20:00.000Z";"2781";0.6747198189;0.6758609462;0.6737122014;0.674520271;266.34;0;0;"2023-07-27T23:59:59.999Z"
"2023-07-26T00:00:00.000Z";"2023-07-26T23:59:59.999Z";"2023-07-26T14:05:00.000Z";"2023-07-26T14:24:00.000Z";"2781";0.6757709807;0.6764616724;0.6742841691;0.6746909297;203.38;0;0;"2023-07-26T23:59:59.999Z"
"2023-07-25T00:00:00.000Z";"2023-07-25T23:59:59.999Z";"2023-07-25T13:39:00.000Z";"2023-07-25T09:41:00.000Z";"2781";0.6725119628;0.6808472811;0.6719054541;0.6757555352;895.65;0;0;"2023-07-25T23:59:59.999Z"
"2023-07-24T00:00:00.000Z";"2023-07-24T23:59:59.999Z";"2023-07-24T17:02:00.000Z";"2023-07-24T22:04:00.000Z";"2781";0.6794483998;0.6805677439;0.672316794;0.6724770235;515.38;0;0;"2023-07-24T23:59:59.999Z"
"2023-07-23T00:00:00.000Z";"2023-07-23T23:59:59.999Z";"2023-07-23T06:15:00.000Z";"2023-07-23T12:53:00.000Z";"2781";0.6786515015;0.6866477037;0.6772165116;0.6795429686;7023.68;0;0;"2023-07-23T23:59:59.999Z"
"2023-07-22T00:00:00.000Z";"2023-07-22T23:59:59.999Z";"2023-07-22T17:45:00.000Z";"2023-07-22T13:39:00.000Z";"2781";0.6808050253;0.681736484;0.6780831232;0.6786084593;599.38;0;0;"2023-07-22T23:59:59.999Z"
"2023-07-21T00:00:00.000Z";"2023-07-21T23:59:59.999Z";"2023-07-21T18:48:00.000Z";"2023-07-21T07:38:00.000Z";"2781";0.6789799442;0.6811476296;0.6780336922;0.680818272;137.06;0;0;"2023-07-21T23:59:59.999Z"
"2023-07-20T00:00:00.000Z";"2023-07-20T23:59:59.999Z";"2023-07-20T22:44:00.000Z";"2023-07-20T00:00:00.000Z";"2781";0.6683219937;0.6790839863;0.6683219937;0.6789618657;717.4;0;0;"2023-07-20T23:59:59.999Z"
"2023-07-19T00:00:00.000Z";"2023-07-19T23:59:59.999Z";"2023-07-19T12:25:00.000Z";"2023-07-19T21:37:00.000Z";"2781";0.6811336282;0.6824546236;0.6652215199;0.6659966697;1319.22;0;0;"2023-07-19T23:59:59.999Z"
"2023-07-18T00:00:00.000Z";"2023-07-18T23:59:59.999Z";"2023-07-18T16:26:00.000Z";"2023-07-18T04:05:00.000Z";"2781";0.6776793496;0.682328087;0.6770163363;0.6811458318;311.8;0;0;"2023-07-18T23:59:59.999Z"
"2023-07-17T00:00:00.000Z";"2023-07-17T23:59:59.999Z";"2023-07-17T19:27:00.000Z";"2023-07-17T00:52:00.000Z";"2781";0.6735958737;0.6792467291;0.6730402823;0.6775978845;271.19;0;0;"2023-07-17T23:59:59.999Z"
"2023-07-16T00:00:00.000Z";"2023-07-16T23:59:59.999Z";"2023-07-16T14:20:00.000Z";"2023-07-16T13:19:00.000Z";"2781";0.6765447845;0.6781612729;0.6720563163;0.6736220272;249.44;0;0;"2023-07-16T23:59:59.999Z"
"2023-07-15T00:00:00.000Z";"2023-07-15T23:59:59.999Z";"2023-07-15T01:51:00.000Z";"2023-07-15T22:51:00.000Z";"2781";0.6785645019;0.6790634406;0.6753069784;0.6765286683;163.06;0;0;"2023-07-15T23:59:59.999Z"
"2023-07-14T00:00:00.000Z";"2023-07-14T23:59:59.999Z";"2023-07-14T14:35:00.000Z";"2023-07-14T04:19:00.000Z";"2781";0.667564051;0.6800906487;0.6671773405;0.6785507209;751.99;0;0;"2023-07-14T23:59:59.999Z"
"2023-07-13T00:00:00.000Z";"2023-07-13T23:59:59.999Z";"2023-07-13T17:18:00.000Z";"2023-07-13T00:00:00.000Z";"2781";0.6653417943;0.6738715671;0.6653417943;0.6677421748;3782.74;0;0;"2023-07-13T23:59:59.999Z"
"2023-07-12T00:00:00.000Z";"2023-07-12T23:59:59.999Z";"2023-07-12T17:37:00.000Z";"2023-07-12T01:50:00.000Z";"2781";0.6261937708;0.6701100308;0.6258445838;0.6653919302;22283.7;0;0;"2023-07-12T23:59:59.999Z"
"2023-07-11T00:00:00.000Z";"2023-07-11T23:59:59.999Z";"2023-07-11T00:28:00.000Z";"2023-07-11T02:16:00.000Z";"2781";0.6477618637;0.6485009825;0.6238094677;0.6262529633;13650.89;0;0;"2023-07-11T23:59:59.999Z"
"2023-07-10T00:00:00.000Z";"2023-07-10T23:59:59.999Z";"2023-07-10T08:19:00.000Z";"2023-07-10T10:41:00.000Z";"2781";0.6477579089;0.6571371117;0.6448310125;0.6477618637;2063.04;0;0;"2023-07-10T23:59:59.999Z"
"2023-07-09T00:00:00.000Z";"2023-07-09T23:59:59.999Z";"2023-07-09T01:40:00.000Z";"2023-07-09T23:40:00.000Z";"2781";0.6775208952;0.6849502096;0.647767902;0.6477706979;15793.74;0;0;"2023-07-09T23:59:59.999Z"
"2023-07-08T00:00:00.000Z";"2023-07-08T23:59:59.999Z";"2023-07-08T00:18:00.000Z";"2023-07-08T23:59:00.000Z";"2781";0.6963622892;0.6966799074;0.6775208952;0.6775208952;7511.96;0;0;"2023-07-08T23:59:59.999Z"
"2023-07-07T00:00:00.000Z";"2023-07-07T23:59:59.999Z";"2023-07-07T14:30:00.000Z";"2023-07-07T20:35:00.000Z";"2781";0.6966054569;0.7020565659;0.6941799316;0.6964533781;249.62;0;0;"2023-07-07T23:59:59.999Z"
"2023-07-06T00:00:00.000Z";"2023-07-06T23:59:59.999Z";"2023-07-06T00:00:00.000Z";"2023-07-06T23:27:00.000Z";"2781";0.7089045731;0.7089045731;0.6959826563;0.6965360262;1012.03;0;0;"2023-07-06T23:59:59.999Z"
"2023-07-05T00:00:00.000Z";"2023-07-05T23:59:59.999Z";"2023-07-05T18:17:00.000Z";"2023-07-05T20:07:00.000Z";"2781";0.7096406022;0.7103419208;0.7078413927;0.7089049123;55.05;0;0;"2023-07-05T23:59:59.999Z"
"2023-07-04T00:00:00.000Z";"2023-07-04T23:59:59.999Z";"2023-07-04T12:10:00.000Z";"2023-07-04T13:03:00.000Z";"2781";0.7089047147;0.7112828697;0.7021596035;0.7096406022;1454.23;0;0;"2023-07-04T23:59:59.999Z"
"2023-07-03T00:00:00.000Z";"2023-07-03T23:59:59.999Z";"2023-07-03T14:01:00.000Z";"2023-07-03T18:49:00.000Z";"2781";0.713732981;0.7148766113;0.7070380717;0.7089924248;1203.69;0;0;"2023-07-03T23:59:59.999Z"
"2023-07-02T00:00:00.000Z";"2023-07-02T23:59:59.999Z";"2023-07-02T13:55:00.000Z";"2023-07-02T21:28:00.000Z";"2781";0.7145550795;0.7184317009;0.7133663425;0.7137601373;661.6;0;0;"2023-07-02T23:59:59.999Z"
"2023-07-01T00:00:00.000Z";"2023-07-01T23:59:59.999Z";"2023-07-01T17:54:00.000Z";"2023-07-01T04:35:00.000Z";"2781";0.7031805414;0.715264049;0.6994931131;0.7144859993;1068.35;0;0;"2023-07-01T23:59:59.999Z"
"2023-06-30T00:00:00.000Z";"2023-06-30T23:59:59.999Z";"2023-06-30T00:30:00.000Z";"2023-06-30T13:51:00.000Z";"2781";0.7075180368;0.7085161508;0.7019809395;0.7030839975;521.58;0;0;"2023-06-30T23:59:59.999Z"
"2023-06-29T00:00:00.000Z";"2023-06-29T23:59:59.999Z";"2023-06-29T00:11:00.000Z";"2023-06-29T20:52:00.000Z";"2781";0.7105018871;0.7107325865;0.7062301892;0.707520448;44.96;0;0;"2023-06-29T23:59:59.999Z"
"2023-06-28T00:00:00.000Z";"2023-06-28T23:59:59.999Z";"2023-06-28T10:53:00.000Z";"2023-06-28T19:37:00.000Z";"2781";0.7163431922;0.7182178587;0.7100537139;0.7105018871;769.65;0;0;"2023-06-28T23:59:59.999Z"
"2023-06-27T00:00:00.000Z";"2023-06-27T23:59:59.999Z";"2023-06-27T10:30:00.000Z";"2023-06-27T12:14:00.000Z";"2781";0.7170492643;0.7183971355;0.7146009951;0.7162234578;406.96;0;0;"2023-06-27T23:59:59.999Z"
"2023-06-26T00:00:00.000Z";"2023-06-26T23:59:59.999Z";"2023-06-26T16:40:00.000Z";"2023-06-26T10:11:00.000Z";"2781";0.6845145373;0.7179912826;0.6818644861;0.7169401975;3001.6;0;0;"2023-06-26T23:59:59.999Z"
"2023-06-25T00:00:00.000Z";"2023-06-25T23:59:59.999Z";"2023-06-25T04:44:00.000Z";"2023-06-25T13:42:00.000Z";"2781";0.6878551512;0.6922954105;0.6835251056;0.6844989694;493.79;0;0;"2023-06-25T23:59:59.999Z"
"2023-06-24T00:00:00.000Z";"2023-06-24T23:59:59.999Z";"2023-06-24T03:17:00.000Z";"2023-06-24T21:16:00.000Z";"2781";0.6879819675;0.6891307459;0.6820286906;0.687950212;45.63;0;0;"2023-06-24T23:59:59.999Z"
"2023-06-23T00:00:00.000Z";"2023-06-23T23:59:59.999Z";"2023-06-23T21:47:00.000Z";"2023-06-23T19:39:00.000Z";"2781";0.6862375724;0.6883530826;0.6858764749;0.6876833174;120.51;0;0;"2023-06-23T23:59:59.999Z"
"2023-06-22T00:00:00.000Z";"2023-06-22T23:59:59.999Z";"2023-06-22T23:37:00.000Z";"2023-06-22T11:58:00.000Z";"2781";0.6805569598;0.6867522416;0.6790941984;0.6862945937;307.89;0;0;"2023-06-22T23:59:59.999Z"
"2023-06-21T00:00:00.000Z";"2023-06-21T23:59:59.999Z";"2023-06-21T12:46:00.000Z";"2023-06-21T22:21:00.000Z";"2781";0.6787757507;0.6824106752;0.6786840731;0.6807207681;5388.32;0;0;"2023-06-21T23:59:59.999Z"
"2023-06-20T00:00:00.000Z";"2023-06-20T23:59:59.999Z";"2023-06-20T11:09:00.000Z";"2023-06-20T05:59:00.000Z";"2781";0.67940064;0.6803467781;0.6779164148;0.6788520644;373.7;0;0;"2023-06-20T23:59:59.999Z"
"2023-06-19T00:00:00.000Z";"2023-06-19T23:59:59.999Z";"2023-06-19T03:00:00.000Z";"2023-06-19T23:30:00.000Z";"2781";0.68654683;0.6915817658;0.6791887999;0.6793580945;1357.88;0;0;"2023-06-19T23:59:59.999Z"
"2023-06-18T00:00:00.000Z";"2023-06-18T23:59:59.999Z";"2023-06-18T00:03:00.000Z";"2023-06-18T23:52:00.000Z";"2781";0.691235509;0.6913032527;0.686257111;0.68654683;179.46;0;0;"2023-06-18T23:59:59.999Z"
"2023-06-17T00:00:00.000Z";"2023-06-17T23:59:59.999Z";"2023-06-17T10:16:00.000Z";"2023-06-17T00:46:00.000Z";"2781";0.6871905247;0.6928940517;0.6868046408;0.6913169448;134.66;0;0;"2023-06-17T23:59:59.999Z"
"2023-06-16T00:00:00.000Z";"2023-06-16T23:59:59.999Z";"2023-06-16T00:27:00.000Z";"2023-06-16T23:27:00.000Z";"2781";0.6956454843;0.6958967682;0.6856763817;0.687200229;1302.97;0;0;"2023-06-16T23:59:59.999Z"
"2023-06-15T00:00:00.000Z";"2023-06-15T23:59:59.999Z";"2023-06-15T20:30:00.000Z";"2023-06-15T17:43:00.000Z";"2781";0.6816058542;0.6977019503;0.673721961;0.6956369764;2258.75;0;0;"2023-06-15T23:59:59.999Z"
"2023-06-14T00:00:00.000Z";"2023-06-14T23:59:59.999Z";"2023-06-14T21:21:00.000Z";"2023-06-14T20:51:00.000Z";"2781";0.6810120724;0.6851547052;0.6779748981;0.6816323973;107.96;0;0;"2023-06-14T23:59:59.999Z"
"2023-06-13T00:00:00.000Z";"2023-06-13T23:59:59.999Z";"2023-06-13T03:05:00.000Z";"2023-06-13T18:15:00.000Z";"2781";0.6928325013;0.6973145255;0.6807648723;0.681062166;1724.32;0;0;"2023-06-13T23:59:59.999Z"
"2023-06-12T00:00:00.000Z";"2023-06-12T23:59:59.999Z";"2023-06-12T06:30:00.000Z";"2023-06-12T09:45:00.000Z";"2781";0.7155760553;0.7165917302;0.677329632;0.6927666224;3890.6;0;0;"2023-06-12T23:59:59.999Z"
"2023-06-11T00:00:00.000Z";"2023-06-11T23:59:59.999Z";"2023-06-11T10:48:00.000Z";"2023-06-11T22:42:00.000Z";"2781";0.7188119534;0.7268156389;0.7147049886;0.7156764173;349.43;0;0;"2023-06-11T23:59:59.999Z"
"2023-06-10T00:00:00.000Z";"2023-06-10T23:59:59.999Z";"2023-06-10T04:42:00.000Z";"2023-06-10T21:34:00.000Z";"2781";0.7322144298;0.7337631961;0.7174192751;0.7189455057;1334.89;0;0;"2023-06-10T23:59:59.999Z"
"2023-06-09T00:00:00.000Z";"2023-06-09T23:59:59.999Z";"2023-06-09T00:35:00.000Z";"2023-06-09T23:53:00.000Z";"2781";0.7386746685;0.7387850296;0.7319951168;0.7321834727;357.97;0;0;"2023-06-09T23:59:59.999Z"
"2023-06-08T00:00:00.000Z";"2023-06-08T23:59:59.999Z";"2023-06-08T21:55:00.000Z";"2023-06-08T05:28:00.000Z";"2781";0.7286212937;0.7388035298;0.7281488864;0.7386205146;1528.4;0;0;"2023-06-08T23:59:59.999Z"
"2023-06-07T00:00:00.000Z";"2023-06-07T23:59:59.999Z";"2023-06-07T23:33:00.000Z";"2023-06-07T00:45:00.000Z";"2781";0.7025431116;0.7287339952;0.7022990938;0.7286212937;3362.13;0;0;"2023-06-07T23:59:59.999Z"
"2023-06-06T00:00:00.000Z";"2023-06-06T23:59:59.999Z";"2023-06-06T01:30:00.000Z";"2023-06-06T16:10:00.000Z";"2781";0.7055971854;0.7066766537;0.6992364475;0.7025520103;685.48;0;0;"2023-06-06T23:59:59.999Z"
"2023-06-05T00:00:00.000Z";"2023-06-05T23:59:59.999Z";"2023-06-05T00:03:00.000Z";"2023-06-05T23:24:00.000Z";"2781";0.7145888759;0.714746338;0.7051231949;0.7056457997;2956.51;0;0;"2023-06-05T23:59:59.999Z"
"2023-06-04T00:00:00.000Z";"2023-06-04T23:59:59.999Z";"2023-06-04T03:16:00.000Z";"2023-06-04T22:17:00.000Z";"2781";0.7218908386;0.7237525315;0.7139314391;0.7147948513;2185.61;0;0;"2023-06-04T23:59:59.999Z"
"2023-06-03T00:00:00.000Z";"2023-06-03T23:59:59.999Z";"2023-06-03T00:08:00.000Z";"2023-06-03T13:04:00.000Z";"2781";0.7288822862;0.7290175825;0.7160736565;0.7218696861;2668.58;0;0;"2023-06-03T23:59:59.999Z"
"2023-06-02T00:00:00.000Z";"2023-06-02T23:59:59.999Z";"2023-06-02T00:39:00.000Z";"2023-06-02T22:50:00.000Z";"2781";0.7352837004;0.7355436081;0.7285161149;0.7288955887;3710.93;0;0;"2023-06-02T23:59:59.999Z"
"2023-06-01T00:00:00.000Z";"2023-06-01T23:59:59.999Z";"2023-06-01T00:09:00.000Z";"2023-06-01T21:35:00.000Z";"2781";0.7591253683;0.759213085;0.7346464608;0.7353510163;8342.01;0;0;"2023-06-01T23:59:59.999Z"
"2023-05-31T00:00:00.000Z";"2023-05-31T23:59:59.999Z";"2023-05-31T00:35:00.000Z";"2023-05-31T23:41:00.000Z";"2781";0.7712659613;0.7716471968;0.7589218574;0.7590812112;3804.55;0;0;"2023-05-31T23:59:59.999Z"
"2023-05-30T00:00:00.000Z";"2023-05-30T23:59:59.999Z";"2023-05-30T00:42:00.000Z";"2023-05-30T22:39:00.000Z";"2781";0.7969010669;0.7973956142;0.7704055823;0.7712783354;7283.57;0;0;"2023-05-30T23:59:59.999Z"
"2023-05-29T00:00:00.000Z";"2023-05-29T23:59:59.999Z";"2023-05-29T06:24:00.000Z";"2023-05-29T23:06:00.000Z";"2781";0.8001531683;0.8018644625;0.7966749794;0.7968922214;2854.73;0;0;"2023-05-29T23:59:59.999Z"
"2023-05-28T00:00:00.000Z";"2023-05-28T23:59:59.999Z";"2023-05-28T00:35:00.000Z";"2023-05-28T22:04:00.000Z";"2781";0.8354186426;0.8358395197;0.7994840308;0.8002531104;10292.26;0;0;"2023-05-28T23:59:59.999Z"
"2023-05-27T00:00:00.000Z";"2023-05-27T23:59:59.999Z";"2023-05-27T00:07:00.000Z";"2023-05-27T21:06:00.000Z";"2781";0.8544430948;0.8546244937;0.8346438801;0.8354699811;7289.26;0;0;"2023-05-27T23:59:59.999Z"
"2023-05-26T00:00:00.000Z";"2023-05-26T23:59:59.999Z";"2023-05-26T01:27:00.000Z";"2023-05-26T20:54:00.000Z";"2781";0.8759588036;0.8763001564;0.8530943743;0.8544651484;7362.94;0;0;"2023-05-26T23:59:59.999Z"
"2023-05-25T00:00:00.000Z";"2023-05-25T23:59:59.999Z";"2023-05-25T04:08:00.000Z";"2023-05-25T23:40:00.000Z";"2781";0.898558429;0.8996835567;0.8758030594;0.875950268;9191.13;0;0;"2023-05-25T23:59:59.999Z"
"2023-05-24T00:00:00.000Z";"2023-05-24T23:59:59.999Z";"2023-05-24T10:14:00.000Z";"2023-05-24T20:30:00.000Z";"2781";0.9054948479;0.9063563569;0.8977619061;0.898558429;2666.67;0;0;"2023-05-24T23:59:59.999Z"
"2023-05-23T00:00:00.000Z";"2023-05-23T23:59:59.999Z";"2023-05-23T04:40:00.000Z";"2023-05-23T20:50:00.000Z";"2781";0.9322063939;0.9331392922;0.9043853788;0.9054524819;7242.29;0;0;"2023-05-23T23:59:59.999Z"
"2023-05-22T00:00:00.000Z";"2023-05-22T23:59:59.999Z";"2023-05-22T02:04:00.000Z";"2023-05-22T23:22:00.000Z";"2781";0.9464693358;0.9519534912;0.9319758009;0.9323524257;3426.47;0;0;"2023-05-22T23:59:59.999Z"
"2023-05-21T00:00:00.000Z";"2023-05-21T23:59:59.999Z";"2023-05-21T00:16:00.000Z";"2023-05-21T18:08:00.000Z";"2781";0.9512152675;0.951511548;0.9428400248;0.9465419585;2536.31;0;0;"2023-05-21T23:59:59.999Z"
"2023-05-20T00:00:00.000Z";"2023-05-20T23:59:59.999Z";"2023-05-20T00:59:00.000Z";"2023-05-20T23:59:00.000Z";"2781";0.9697862008;0.9706181969;0.9510988638;0.9510988638;6192.54;0;0;"2023-05-20T23:59:59.999Z"
"2023-05-19T00:00:00.000Z";"2023-05-19T23:59:59.999Z";"2023-05-19T00:21:00.000Z";"2023-05-19T23:46:00.000Z";"2781";0.9944730318;0.9946090374;0.9695995136;0.969681276;6047.84;0;0;"2023-05-19T23:59:59.999Z"
"2023-05-18T00:00:00.000Z";"2023-05-18T23:59:59.999Z";"2023-05-18T16:11:00.000Z";"2023-05-18T13:41:00.000Z";"2781";0.9895127026;0.9967475699;0.9881226294;0.9944035446;1875;0;0;"2023-05-18T23:59:59.999Z"
"2023-05-17T00:00:00.000Z";"2023-05-17T23:59:59.999Z";"2023-05-17T09:03:00.000Z";"2023-05-17T18:23:00.000Z";"2781";1.0013000106;1.0046945714;0.9887606937;0.9895580444;3731.28;0;0;"2023-05-17T23:59:59.999Z"
"2023-05-16T00:00:00.000Z";"2023-05-16T23:59:59.999Z";"2023-05-16T12:02:00.000Z";"2023-05-16T23:54:00.000Z";"2781";1.0300529952;1.0321993374;1.0009999939;1.0011334122;1558.1;0;0;"2023-05-16T23:59:59.999Z"
"2023-05-15T00:00:00.000Z";"2023-05-15T23:59:59.999Z";"2023-05-15T06:42:00.000Z";"2023-05-15T20:17:00.000Z";"2781";1.0531720187;1.0584811553;1.029513105;1.0299439935;1327.8;0;0;"2023-05-15T23:59:59.999Z"
"2023-05-14T00:00:00.000Z";"2023-05-14T23:59:59.999Z";"2023-05-14T07:21:00.000Z";"2023-05-14T21:07:00.000Z";"2781";1.0611911438;1.061933919;1.0525757673;1.0530613;438.98;0;0;"2023-05-14T23:59:59.999Z"
"2023-05-13T00:00:00.000Z";"2023-05-13T23:59:59.999Z";"2023-05-13T00:07:00.000Z";"2023-05-13T23:31:00.000Z";"2781";1.0675005954;1.0683293449;1.0608819099;1.061205251;524.99;0;0;"2023-05-13T23:59:59.999Z"
"2023-05-12T00:00:00.000Z";"2023-05-12T23:59:59.999Z";"2023-05-12T02:57:00.000Z";"2023-05-12T19:42:00.000Z";"2781";1.0756167655;1.0758883613;1.0670820038;1.0675874701;678.29;0;0;"2023-05-12T23:59:59.999Z"
"2023-05-11T00:00:00.000Z";"2023-05-11T23:59:59.999Z";"2023-05-11T05:40:00.000Z";"2023-05-11T22:11:00.000Z";"2781";1.0964315031;1.0971554244;1.0737622075;1.0754392712;1675.93;0;0;"2023-05-11T23:59:59.999Z"
"2023-05-10T00:00:00.000Z";"2023-05-10T23:59:59.999Z";"2023-05-10T08:55:00.000Z";"2023-05-10T22:52:00.000Z";"2781";1.0959116386;1.1013417657;1.0944706569;1.0964003361;1650.64;0;0;"2023-05-10T23:59:59.999Z"
"2023-05-09T00:00:00.000Z";"2023-05-09T23:59:59.999Z";"2023-05-09T06:14:00.000Z";"2023-05-09T14:49:00.000Z";"2781";1.1069345579;1.1076572127;1.0943133614;1.0956285799;1952.87;0;0;"2023-05-09T23:59:59.999Z"
"2023-05-08T00:00:00.000Z";"2023-05-08T23:59:59.999Z";"2023-05-08T00:00:00.000Z";"2023-05-08T23:41:00.000Z";"2781";1.1547199684;1.1547199684;1.1068000891;1.1069047727;2296.11;0;0;"2023-05-08T23:59:59.999Z"
"2023-05-07T00:00:00.000Z";"2023-05-07T23:59:59.999Z";"2023-05-07T01:56:00.000Z";"2023-05-07T21:31:00.000Z";"2781";1.1654044471;1.1690870462;1.1520112262;1.1547199684;1313.02;0;0;"2023-05-07T23:59:59.999Z"
"2023-05-06T00:00:00.000Z";"2023-05-06T23:59:59.999Z";"2023-05-06T03:32:00.000Z";"2023-05-06T23:56:00.000Z";"2781";1.1946627181;1.2019364485;1.1651444698;1.16533508;1607.92;0;0;"2023-05-06T23:59:59.999Z"
"2023-05-05T00:00:00.000Z";"2023-05-05T23:59:59.999Z";"2023-05-05T05:11:00.000Z";"2023-05-05T02:46:00.000Z";"2781";1.1192304599;1.37925291;1.1148292482;1.1940071894;29133.84;0;0;"2023-05-05T23:59:59.999Z"
"2023-05-04T00:00:00.000Z";"2023-05-04T23:59:59.999Z";"2023-05-04T11:25:00.000Z";"2023-05-04T11:46:00.000Z";"2781";1.1198228862;1.1222726576;1.1095853435;1.119216846;1327.82;0;0;"2023-05-04T23:59:59.999Z"
"2023-05-03T00:00:00.000Z";"2023-05-03T23:59:59.999Z";"2023-05-03T12:11:00.000Z";"2023-05-03T16:44:00.000Z";"2781";1.1263186403;1.1290265053;1.1187730518;1.1200017555;583.15;0;0;"2023-05-03T23:59:59.999Z"
"2023-05-02T00:00:00.000Z";"2023-05-02T23:59:59.999Z";"2023-05-02T23:53:00.000Z";"2023-05-02T00:56:00.000Z";"2781";1.0455702755;1.126435125;1.0382803362;1.12638408;4654.14;0;0;"2023-05-02T23:59:59.999Z"
"2023-05-01T00:00:00.000Z";"2023-05-01T23:59:59.999Z";"2023-05-01T06:28:00.000Z";"2023-05-01T01:54:00.000Z";"2781";1.0466070251;1.0480120919;1.0420670617;1.0455291293;216.81;0;0;"2023-05-01T23:59:59.999Z"
"2023-04-30T00:00:00.000Z";"2023-04-30T23:59:59.999Z";"2023-04-30T17:43:00.000Z";"2023-04-30T20:18:00.000Z";"2781";1.046085394;1.0520691641;1.0422637741;1.0469286406;87.9;0;0;"2023-04-30T23:59:59.999Z"
"2023-04-29T00:00:00.000Z";"2023-04-29T23:59:59.999Z";"2023-04-29T08:07:00.000Z";"2023-04-29T05:50:00.000Z";"2781";1.047842741;1.0565871769;1.0427442267;1.0460672399;993.72;0;0;"2023-04-29T23:59:59.999Z"
"2023-04-28T00:00:00.000Z";"2023-04-28T23:59:59.999Z";"2023-04-28T11:17:00.000Z";"2023-04-28T03:31:00.000Z";"2781";1.0373307362;1.0490862162;1.0371020451;1.047842741;541.03;0;0;"2023-04-28T23:59:59.999Z"
"2023-04-27T00:00:00.000Z";"2023-04-27T23:59:59.999Z";"2023-04-27T19:02:00.000Z";"2023-04-27T08:20:00.000Z";"2781";1.0288955286;1.0380784481;1.0274855588;1.037413802;466.39;0;0;"2023-04-27T23:59:59.999Z"
"2023-04-26T00:00:00.000Z";"2023-04-26T23:59:59.999Z";"2023-04-26T22:28:00.000Z";"2023-04-26T14:40:00.000Z";"2781";1.0207443333;1.0296349771;1.01789064;1.0289993734;828.48;0;0;"2023-04-26T23:59:59.999Z"
"2023-04-25T00:00:00.000Z";"2023-04-25T23:59:59.999Z";"2023-04-25T12:35:00.000Z";"2023-04-25T14:01:00.000Z";"2781";1.0238249402;1.0262073387;1.0151831037;1.0206307;7087.02;0;0;"2023-04-25T23:59:59.999Z"
"2023-04-24T00:00:00.000Z";"2023-04-24T23:59:59.999Z";"2023-04-24T01:06:00.000Z";"2023-04-24T14:28:00.000Z";"2781";1.0417582068;1.0716601501;1.0104206804;1.0239669025;5396.09;0;0;"2023-04-24T23:59:59.999Z"
"2023-04-23T00:00:00.000Z";"2023-04-23T23:59:59.999Z";"2023-04-23T01:45:00.000Z";"2023-04-23T21:23:00.000Z";"2781";1.0496317607;1.0526273342;1.0413632132;1.0418449337;594.06;0;0;"2023-04-23T23:59:59.999Z"
"2023-04-22T00:00:00.000Z";"2023-04-22T23:59:59.999Z";"2023-04-22T18:05:00.000Z";"2023-04-22T22:02:00.000Z";"2781";1.0524064509;1.0695823734;1.0484137261;1.0495408796;584.78;0;0;"2023-04-22T23:59:59.999Z"
"2023-04-21T00:00:00.000Z";"2023-04-21T23:59:59.999Z";"2023-04-21T05:06:00.000Z";"2023-04-21T23:32:00.000Z";"2781";1.0707732083;1.0714302959;1.0520335791;1.0524064509;5709.11;0;0;"2023-04-21T23:59:59.999Z"
"2023-04-20T00:00:00.000Z";"2023-04-20T23:59:59.999Z";"2023-04-20T13:01:00.000Z";"2023-04-20T17:48:00.000Z";"2781";1.0838021714;1.0869073066;1.0625061126;1.0705511867;7095.48;0;0;"2023-04-20T23:59:59.999Z"
"2023-04-19T00:00:00.000Z";"2023-04-19T23:59:59.999Z";"2023-04-19T06:57:00.000Z";"2023-04-19T17:40:00.000Z";"2781";1.089832677;1.0925890962;1.0768011777;1.0815237665;6593.84;0;0;"2023-04-19T23:59:59.999Z"
"2023-04-18T00:00:00.000Z";"2023-04-18T23:59:59.999Z";"2023-04-18T13:50:00.000Z";"2023-04-18T13:58:00.000Z";"2781";1.1019991346;1.1061547048;1.0862233066;1.0896720205;5804.97;0;0;"2023-04-18T23:59:59.999Z"
"2023-04-17T00:00:00.000Z";"2023-04-17T23:59:59.999Z";"2023-04-17T00:41:00.000Z";"2023-04-17T17:16:00.000Z";"2781";1.1196467987;1.1204729156;1.1011601684;1.1019583385;6253.92;0;0;"2023-04-17T23:59:59.999Z"
"2023-04-16T00:00:00.000Z";"2023-04-16T23:59:59.999Z";"2023-04-16T20:56:00.000Z";"2023-04-16T21:44:00.000Z";"2781";1.1273619098;1.1381057443;1.1189239014;1.1195424433;16422.85;0;0;"2023-04-16T23:59:59.999Z"
"2023-04-15T00:00:00.000Z";"2023-04-15T23:59:59.999Z";"2023-04-15T18:35:00.000Z";"2023-04-15T23:59:00.000Z";"2781";1.1343905087;1.1381109756;1.1272794655;1.1272794655;819.96;0;0;"2023-04-15T23:59:59.999Z"
"2023-04-14T00:00:00.000Z";"2023-04-14T23:59:59.999Z";"2023-04-14T00:47:00.000Z";"2023-04-14T20:35:00.000Z";"2781";1.2350695725;1.2354810751;1.1335695465;1.1344099004;19107.84;0;0;"2023-04-14T23:59:59.999Z"
"2023-04-13T00:00:00.000Z";"2023-04-13T23:59:59.999Z";"2023-04-13T20:35:00.000Z";"2023-04-13T13:44:00.000Z";"2781";1.2367033417;1.2439103401;1.2221414001;1.2350149036;9879.04;0;0;"2023-04-13T23:59:59.999Z"
"2023-04-12T00:00:00.000Z";"2023-04-12T23:59:59.999Z";"2023-04-12T08:11:00.000Z";"2023-04-12T18:34:00.000Z";"2781";1.2437509796;1.2530508754;1.2300004299;1.2368464109;13150.25;0;0;"2023-04-12T23:59:59.999Z"
"2023-04-11T00:00:00.000Z";"2023-04-11T23:59:59.999Z";"2023-04-11T02:59:00.000Z";"2023-04-11T14:12:00.000Z";"2781";1.2854442903;1.2916550008;1.2350698039;1.2434786445;18968.6;0;0;"2023-04-11T23:59:59.999Z"
"2023-04-10T00:00:00.000Z";"2023-04-10T23:59:59.999Z";"2023-04-10T02:06:00.000Z";"2023-04-10T23:42:00.000Z";"2781";1.3132906889;1.3258786636;1.2831328354;1.2854480608;15291.15;0;0;"2023-04-10T23:59:59.999Z"
"2023-04-09T00:00:00.000Z";"2023-04-09T23:59:59.999Z";"2023-04-09T02:43:00.000Z";"2023-04-09T20:16:00.000Z";"2781";1.3279764792;1.3305866596;1.3081969497;1.313485463;8553.08;0;0;"2023-04-09T23:59:59.999Z"
"2023-04-08T00:00:00.000Z";"2023-04-08T23:59:59.999Z";"2023-04-08T04:18:00.000Z";"2023-04-08T20:12:00.000Z";"2781";1.3360394676;1.3406004582;1.3194742497;1.3282432326;7796.04;0;0;"2023-04-08T23:59:59.999Z"
"2023-04-07T00:00:00.000Z";"2023-04-07T23:59:59.999Z";"2023-04-07T04:53:00.000Z";"2023-04-07T23:47:00.000Z";"2781";1.349980748;1.3572354951;1.3352610818;1.335827943;10580.66;0;0;"2023-04-07T23:59:59.999Z"
"2023-04-06T00:00:00.000Z";"2023-04-06T23:59:59.999Z";"2023-04-06T04:30:00.000Z";"2023-04-06T14:18:00.000Z";"2781";1.3882957722;1.396759575;1.3302040299;1.3499913642;17322.57;0;0;"2023-04-06T23:59:59.999Z"
"2023-04-05T00:00:00.000Z";"2023-04-05T23:59:59.999Z";"2023-04-05T09:14:00.000Z";"2023-04-05T14:14:00.000Z";"2781";1.4151506605;1.4259921246;1.3607717881;1.3884793974;17131.58;0;0;"2023-04-05T23:59:59.999Z"
"2023-04-04T00:00:00.000Z";"2023-04-04T23:59:59.999Z";"2023-04-04T04:36:00.000Z";"2023-04-04T14:01:00.000Z";"2781";1.431507417;1.442473691;1.3774710959;1.4148955705;17353.37;0;0;"2023-04-04T23:59:59.999Z"
"2023-04-03T00:00:00.000Z";"2023-04-03T23:59:59.999Z";"2023-04-03T08:43:00.000Z";"2023-04-03T22:29:00.000Z";"2781";1.4756041181;1.4836411242;1.4264532929;1.4311531053;11880.08;0;0;"2023-04-03T23:59:59.999Z"
"2023-04-02T00:00:00.000Z";"2023-04-02T23:59:59.999Z";"2023-04-02T17:52:00.000Z";"2023-04-02T23:50:00.000Z";"2781";1.491885055;1.4971649181;1.4725654665;1.4756344721;1378.26;0;0;"2023-04-02T23:59:59.999Z"
"2023-04-01T00:00:00.000Z";"2023-04-01T23:59:59.999Z";"2023-04-02T01:45:00.000Z";"2023-04-01T18:13:00.000Z";"2781";1.4830136685;1.4927708106;1.4765438051;1.49189717;1957.97;0;0;"2023-04-01T23:59:59.999Z"
"2023-03-31T00:00:00.000Z";"2023-03-31T23:59:59.999Z";"2023-03-31T13:30:00.000Z";"2023-03-31T13:48:00.000Z";"2781";1.4964133399;1.5011250813;1.4470502517;1.482765124;8797.56;0;0;"2023-03-31T23:59:59.999Z"
"2023-03-30T00:00:00.000Z";"2023-03-30T23:59:59.999Z";"2023-03-30T05:17:00.000Z";"2023-03-30T13:36:00.000Z";"2781";1.4942650523;1.5027487969;1.446798998;1.496550122;9233.89;0;0;"2023-03-30T23:59:59.999Z"
"2023-03-29T00:00:00.000Z";"2023-03-29T23:59:59.999Z";"2023-03-29T22:44:00.000Z";"2023-03-29T13:43:00.000Z";"2781";1.4891888446;1.4995991617;1.4716016589;1.4945485635;6370.81;0;0;"2023-03-29T23:59:59.999Z"
"2023-03-28T00:00:00.000Z";"2023-03-28T23:59:59.999Z";"2023-03-28T01:41:00.000Z";"2023-03-28T17:30:00.000Z";"2781";1.5465381905;1.5471848719;1.4615895971;1.4889856335;7934.32;0;0;"2023-03-28T23:59:59.999Z"
"2023-03-27T00:00:00.000Z";"2023-03-27T23:59:59.999Z";"2023-03-27T03:51:00.000Z";"2023-03-27T14:01:00.000Z";"2781";1.5774348994;1.5830745235;1.4960129711;1.5465698284;6682.05;0;0;"2023-03-27T23:59:59.999Z"
"2023-03-26T00:00:00.000Z";"2023-03-26T23:59:59.999Z";"2023-03-26T22:43:00.000Z";"2023-03-26T08:13:00.000Z";"2781";1.5783863793;1.5832305357;1.5684098197;1.5771106762;535.18;0;0;"2023-03-26T23:59:59.999Z"
"2023-03-25T00:00:00.000Z";"2023-03-25T23:59:59.999Z";"2023-03-25T23:19:00.000Z";"2023-03-25T01:48:00.000Z";"2781";1.5866853049;1.5921287823;1.5731908381;1.578184087;1051.24;0;0;"2023-03-25T23:59:59.999Z"
"2023-03-24T00:00:00.000Z";"2023-03-24T23:59:59.999Z";"2023-03-24T00:10:00.000Z";"2023-03-24T22:40:00.000Z";"2781";1.6565398023;1.6570227518;1.5770005029;1.5865816456;6831.72;0;0;"2023-03-24T23:59:59.999Z"
"2023-03-23T00:00:00.000Z";"2023-03-23T23:59:59.999Z";"2023-03-23T18:42:00.000Z";"2023-03-23T14:00:00.000Z";"2781";1.6556008836;1.6696742102;1.639268025;1.6562484092;7573.89;0;0;"2023-03-23T23:59:59.999Z"
"2023-03-22T00:00:00.000Z";"2023-03-22T23:59:59.999Z";"2023-03-22T13:41:00.000Z";"2023-03-22T17:25:00.000Z";"2781";1.6716113039;1.6784710026;1.6521897053;1.6558916948;6453.94;0;0;"2023-03-22T23:59:59.999Z"
"2023-03-21T00:00:00.000Z";"2023-03-21T23:59:59.999Z";"2023-03-21T13:14:00.000Z";"2023-03-21T13:37:00.000Z";"2781";1.6895782888;1.7042180261;1.666758029;1.6716393386;5943.96;0;0;"2023-03-21T23:59:59.999Z"
"2023-03-20T00:00:00.000Z";"2023-03-20T23:59:59.999Z";"2023-03-20T07:25:00.000Z";"2023-03-20T23:59:00.000Z";"2781";1.7161024437;1.7220870228;1.6895782888;1.6895782888;6548.9;0;0;"2023-03-20T23:59:59.999Z"
"2023-03-19T00:00:00.000Z";"2023-03-19T23:59:59.999Z";"2023-03-19T23:51:00.000Z";"2023-03-19T20:41:00.000Z";"2781";1.6617970862;1.7173502622;1.6515305187;1.7153803226;1619.95;0;0;"2023-03-19T23:59:59.999Z"
"2023-03-18T00:00:00.000Z";"2023-03-18T23:59:59.999Z";"2023-03-18T19:14:00.000Z";"2023-03-18T22:22:00.000Z";"2781";1.6884702853;1.7013684492;1.6532896419;1.6617970862;1124.47;0;0;"2023-03-18T23:59:59.999Z"
"2023-03-17T00:00:00.000Z";"2023-03-17T23:59:59.999Z";"2023-03-17T22:46:00.000Z";"2023-03-17T14:53:00.000Z";"2781";1.6465133871;1.6902689254;1.6251735635;1.6881178172;7346.76;0;0;"2023-03-17T23:59:59.999Z"
"2023-03-16T00:00:00.000Z";"2023-03-16T23:59:59.999Z";"2023-03-16T00:16:00.000Z";"2023-03-16T17:31:00.000Z";"2781";1.6764787325;1.677239292;1.63605878;1.646369014;6009.86;0;0;"2023-03-16T23:59:59.999Z"
"2023-03-15T00:00:00.000Z";"2023-03-15T23:59:59.999Z";"2023-03-15T22:08:00.000Z";"2023-03-15T14:02:00.000Z";"2781";1.6350736368;1.6829931091;1.5854586199;1.6765073342;8033.35;0;0;"2023-03-15T23:59:59.999Z"
"2023-03-14T00:00:00.000Z";"2023-03-14T23:59:59.999Z";"2023-03-14T23:41:00.000Z";"2023-03-14T15:08:00.000Z";"2781";1.6059694053;1.636194646;1.5607135513;1.6361088034;11007.18;0;0;"2023-03-14T23:59:59.999Z"
"2023-03-13T00:00:00.000Z";"2023-03-13T23:59:59.999Z";"2023-03-13T14:23:00.000Z";"2023-03-13T00:43:00.000Z";"2781";1.5194809685;1.6204662006;1.5175695549;1.6059458416;8685.09;0;0;"2023-03-13T23:59:59.999Z"
"2023-03-12T00:00:00.000Z";"2023-03-12T23:59:59.999Z";"2023-03-12T23:42:00.000Z";"2023-03-12T00:17:00.000Z";"2781";1.3065566036;1.5236899409;1.3021721339;1.5194920519;4515.3;0;0;"2023-03-12T23:59:59.999Z"
"2023-03-11T00:00:00.000Z";"2023-03-11T23:59:59.999Z";"2023-03-11T03:55:00.000Z";"2023-03-11T16:18:00.000Z";"2781";1.5051962587;1.5068830826;1.2388664572;1.3091540446;3705.3;0;0;"2023-03-11T23:59:59.999Z"
"2023-03-10T00:00:00.000Z";"2023-03-10T23:59:59.999Z";"2023-03-10T01:35:00.000Z";"2023-03-10T14:53:00.000Z";"2781";1.5242227211;1.5341820029;1.4435787264;1.5049306746;5959.84;0;0;"2023-03-10T23:59:59.999Z"
"2023-03-09T00:00:00.000Z";"2023-03-09T23:59:59.999Z";"2023-03-09T00:07:00.000Z";"2023-03-09T19:49:00.000Z";"2781";1.5707521523;1.572524975;1.5233071989;1.5242817503;6945.3;0;0;"2023-03-09T23:59:59.999Z"
"2023-03-08T00:00:00.000Z";"2023-03-08T23:59:59.999Z";"2023-03-08T12:35:00.000Z";"2023-03-08T14:48:00.000Z";"2781";1.5853425874;1.5879581262;1.5081044385;1.5717937134;6274.37;0;0;"2023-03-08T23:59:59.999Z"
"2023-03-07T00:00:00.000Z";"2023-03-07T23:59:59.999Z";"2023-03-07T14:22:00.000Z";"2023-03-07T15:05:00.000Z";"2781";1.5571598872;1.5890375268;1.5067560313;1.585520952;7096.64;0;0;"2023-03-07T23:59:59.999Z"
"2023-03-06T00:00:00.000Z";"2023-03-06T23:59:59.999Z";"2023-03-06T04:23:00.000Z";"2023-03-06T19:58:00.000Z";"2781";1.6535537339;1.6679051948;1.5471650873;1.5570837519;11214.09;0;0;"2023-03-06T23:59:59.999Z"
"2023-03-05T00:00:00.000Z";"2023-03-05T23:59:59.999Z";"2023-03-05T10:28:00.000Z";"2023-03-05T21:46:00.000Z";"2781";1.6616485429;1.670107259;1.6434565579;1.6536658271;311.2;0;0;"2023-03-05T23:59:59.999Z"
"2023-03-04T00:00:00.000Z";"2023-03-04T23:59:59.999Z";"2023-03-04T23:54:00.000Z";"2023-03-04T05:12:00.000Z";"2781";1.6565067593;1.6619984846;1.6396672768;1.6614520438;567.96;0;0;"2023-03-04T23:59:59.999Z"
"2023-03-03T00:00:00.000Z";"2023-03-03T23:59:59.999Z";"2023-03-03T22:00:00.000Z";"2023-03-03T15:14:00.000Z";"2781";1.646731646;1.6638084595;1.5782580555;1.6561317418;7563.79;0;0;"2023-03-03T23:59:59.999Z"
"2023-03-02T00:00:00.000Z";"2023-03-02T23:59:59.999Z";"2023-03-02T13:37:00.000Z";"2023-03-02T23:39:00.000Z";"2781";1.6896951594;1.6934133945;1.6375482027;1.6466143528;9350.53;0;0;"2023-03-02T23:59:59.999Z"
"2023-03-01T00:00:00.000Z";"2023-03-01T23:59:59.999Z";"2023-03-01T15:49:00.000Z";"2023-03-01T17:04:00.000Z";"2781";1.7084627338;1.7361648395;1.676580429;1.6895407497;9436.12;0;0;"2023-03-01T23:59:59.999Z"
"2023-02-28T00:00:00.000Z";"2023-02-28T23:59:59.999Z";"2023-02-28T23:47:00.000Z";"2023-02-28T00:45:00.000Z";"2781";1.5829907942;1.708778952;1.5826319574;1.7086092471;11902.73;0;0;"2023-02-28T23:59:59.999Z"
"2023-02-27T00:00:00.000Z";"2023-02-27T23:59:59.999Z";"2023-02-27T14:45:00.000Z";"2023-02-27T19:04:00.000Z";"2781";1.6010821848;1.6156314409;1.5813639836;1.583085709;5991.05;0;0;"2023-02-27T23:59:59.999Z"
"2023-02-26T00:00:00.000Z";"2023-02-26T23:59:59.999Z";"2023-02-26T00:00:00.000Z";"2023-02-26T17:49:00.000Z";"2781";1.6411447386;1.6411447386;1.5876294032;1.6009627615;905;0;0;"2023-02-26T23:59:59.999Z"
"2023-02-25T00:00:00.000Z";"2023-02-25T23:59:59.999Z";"2023-02-25T23:36:00.000Z";"2023-02-25T18:28:00.000Z";"2781";1.6162736319;1.6414051534;1.6002016133;1.6412808184;52.03;0;0;"2023-02-25T23:59:59.999Z"
"2023-02-24T00:00:00.000Z";"2023-02-24T23:59:59.999Z";"2023-02-24T01:28:00.000Z";"2023-02-24T23:00:00.000Z";"2781";1.6466523827;1.6475737377;1.6155797041;1.6163533283;5997.29;0;0;"2023-02-24T23:59:59.999Z"
"2023-02-23T00:00:00.000Z";"2023-02-23T23:59:59.999Z";"2023-02-23T13:30:00.000Z";"2023-02-23T15:24:00.000Z";"2781";1.6550668939;1.6589554559;1.5660159399;1.6466523827;12503.41;0;0;"2023-02-23T23:59:59.999Z"
"2023-02-22T00:00:00.000Z";"2023-02-22T23:59:59.999Z";"2023-02-22T12:46:00.000Z";"2023-02-22T14:28:00.000Z";"2781";1.6602525169;1.6774464337;1.5889190412;1.6546785889;6495.31;0;0;"2023-02-22T23:59:59.999Z"
"2023-02-21T00:00:00.000Z";"2023-02-21T23:59:59.999Z";"2023-02-21T13:26:00.000Z";"2023-02-21T15:22:00.000Z";"2781";1.6810135844;1.6904917475;1.6049616267;1.6598630066;6405.58;0;0;"2023-02-21T23:59:59.999Z"
"2023-02-20T00:00:00.000Z";"2023-02-20T23:59:59.999Z";"2023-02-20T22:11:00.000Z";"2023-02-20T01:31:00.000Z";"2781";1.6617732608;1.6817525018;1.6537225107;1.6813452859;959.4;0;0;"2023-02-20T23:59:59.999Z"
"2023-02-19T00:00:00.000Z";"2023-02-19T23:59:59.999Z";"2023-02-19T00:00:00.000Z";"2023-02-19T04:14:00.000Z";"2781";1.7639376577;1.7639376577;1.6424149905;1.6621805541;2867.97;0;0;"2023-02-19T23:59:59.999Z"
"2023-02-18T00:00:00.000Z";"2023-02-18T23:59:59.999Z";"2023-02-18T23:50:00.000Z";"2023-02-18T01:42:00.000Z";"2781";1.4783099095;1.7641275366;1.4772054336;1.7635727218;6783.37;0;0;"2023-02-18T23:59:59.999Z"
"2023-02-17T00:00:00.000Z";"2023-02-17T23:59:59.999Z";"2023-02-17T20:17:00.000Z";"2023-02-17T14:54:00.000Z";"2781";1.3975934076;1.4798587582;1.3490400284;1.4778599439;9200.01;0;0;"2023-02-17T23:59:59.999Z"
"2023-02-16T00:00:00.000Z";"2023-02-16T23:59:59.999Z";"2023-02-16T13:34:00.000Z";"2023-02-16T23:32:00.000Z";"2781";1.5377117978;1.5504729332;1.3972468538;1.397689874;9202.54;0;0;"2023-02-16T23:59:59.999Z"
"2023-02-15T00:00:00.000Z";"2023-02-15T23:59:59.999Z";"2023-02-15T20:40:00.000Z";"2023-02-15T15:27:00.000Z";"2781";1.4947780393;1.5583573064;1.4315552309;1.53733688;8307.29;0;0;"2023-02-15T23:59:59.999Z"
"2023-02-14T00:00:00.000Z";"2023-02-14T23:59:59.999Z";"2023-02-14T08:02:00.000Z";"2023-02-14T20:18:00.000Z";"2781";1.5875199995;1.6088456625;1.4223914629;1.4945493733;12040.28;0;0;"2023-02-14T23:59:59.999Z"
"2023-02-13T00:00:00.000Z";"2023-02-13T23:59:59.999Z";"2023-02-13T21:00:00.000Z";"2023-02-13T02:31:00.000Z";"2781";1.3873642304;1.5912585614;1.3863830477;1.5874801787;6287.97;0;0;"2023-02-13T23:59:59.999Z"
"2023-02-12T00:00:00.000Z";"2023-02-12T23:59:59.999Z";"2023-02-12T23:33:00.000Z";"2023-02-12T00:08:00.000Z";"2781";1.3510357126;1.3952221159;1.3508981962;1.3871547414;2041.62;0;0;"2023-02-12T23:59:59.999Z"
"2023-02-11T00:00:00.000Z";"2023-02-11T23:59:59.999Z";"2023-02-11T22:50:00.000Z";"2023-02-11T01:02:00.000Z";"2781";1.3222062889;1.3514951155;1.3204336901;1.3509011089;675.53;0;0;"2023-02-11T23:59:59.999Z"
"2023-02-10T00:00:00.000Z";"2023-02-10T23:59:59.999Z";"2023-02-10T00:46:00.000Z";"2023-02-10T17:49:00.000Z";"2781";1.3355702839;1.3362911013;1.308010788;1.3223024562;1811.34;0;0;"2023-02-10T23:59:59.999Z"
"2023-02-09T00:00:00.000Z";"2023-02-09T23:59:59.999Z";"2023-02-09T01:47:00.000Z";"2023-02-09T23:09:00.000Z";"2781";1.4291913022;1.4564103001;1.3350829485;1.335828785;4908.57;0;0;"2023-02-09T23:59:59.999Z"
"2023-02-08T00:00:00.000Z";"2023-02-08T23:59:59.999Z";"2023-02-08T21:18:00.000Z";"2023-02-08T12:37:00.000Z";"2781";1.2916792324;1.432662779;1.2742199946;1.4294029936;10293.01;0;0;"2023-02-08T23:59:59.999Z"
"2023-02-07T00:00:00.000Z";"2023-02-07T23:59:59.999Z";"2023-02-07T23:38:00.000Z";"2023-02-07T00:03:00.000Z";"2781";1.1274071083;1.291675981;1.1273972374;1.2914827419;13656.74;0;0;"2023-02-07T23:59:59.999Z"
"2023-02-06T00:00:00.000Z";"2023-02-06T23:59:59.999Z";"2023-02-06T01:58:00.000Z";"2023-02-06T23:33:00.000Z";"2781";1.1414161904;1.1415613315;1.1262609699;1.1275266532;66.49;0;0;"2023-02-06T23:59:59.999Z"
"2023-02-05T00:00:00.000Z";"2023-02-05T23:59:59.999Z";"2023-02-05T09:16:00.000Z";"2023-02-05T22:12:00.000Z";"2781";1.1505637511;1.1585695218;1.1362924251;1.1413058729;477.86;0;0;"2023-02-05T23:59:59.999Z"
"2023-02-04T00:00:00.000Z";"2023-02-04T23:59:59.999Z";"2023-02-04T17:52:00.000Z";"2023-02-04T22:58:00.000Z";"2781";1.1662792681;1.1742620279;1.1502436608;1.1509252058;457.86;0;0;"2023-02-04T23:59:59.999Z"
"2023-02-03T00:00:00.000Z";"2023-02-03T23:59:59.999Z";"2023-02-03T17:27:00.000Z";"2023-02-03T00:08:00.000Z";"2781";1.1030194946;1.1684744197;1.102921572;1.1664443726;3345.84;0;0;"2023-02-03T23:59:59.999Z"
"2023-02-02T00:00:00.000Z";"2023-02-02T23:59:59.999Z";"2023-02-02T23:14:00.000Z";"2023-02-02T00:02:00.000Z";"2781";1.0487946702;1.1039398448;1.048791361;1.1030033451;2208.79;0;0;"2023-02-02T23:59:59.999Z"
"2023-02-01T00:00:00.000Z";"2023-02-01T23:59:59.999Z";"2023-02-01T05:54:00.000Z";"2023-02-01T18:28:00.000Z";"2781";1.0465073481;1.0511985696;1.0382003896;1.0489650236;564.91;0;0;"2023-02-01T23:59:59.999Z"
"2023-01-31T00:00:00.000Z";"2023-01-31T23:59:59.999Z";"2023-01-31T21:33:00.000Z";"2023-01-31T06:19:00.000Z";"2781";1.0389728397;1.0530029251;1.0382941175;1.046388594;618.18;0;0;"2023-01-31T23:59:59.999Z"
"2023-01-30T00:00:00.000Z";"2023-01-30T23:59:59.999Z";"2023-01-30T21:21:00.000Z";"2023-01-30T09:42:00.000Z";"2781";1.0220212698;1.039323056;1.0203644825;1.0391678904;214666.9;0;0;"2023-01-30T23:59:59.999Z"
"2023-01-29T00:00:00.000Z";"2023-01-29T23:59:59.999Z";"2023-01-29T01:52:00.000Z";"2023-01-29T15:45:00.000Z";"2781";1.0338346831;1.0362358169;1.0173412682;1.0219867345;206423.68;0;0;"2023-01-29T23:59:59.999Z"
"2023-01-28T00:00:00.000Z";"2023-01-28T23:59:59.999Z";"2023-01-28T16:20:00.000Z";"2023-01-28T12:25:00.000Z";"2781";1.0302662728;1.0405749128;1.0296256154;1.0338346499;212673.64;0;0;"2023-01-28T23:59:59.999Z"
"2023-01-27T00:00:00.000Z";"2023-01-27T23:59:59.999Z";"2023-01-27T18:07:00.000Z";"2023-01-27T01:41:00.000Z";"2781";1.0255241552;1.043171719;1.0173221534;1.0302466728;223725.14;0;0;"2023-01-27T23:59:59.999Z"
"2023-01-26T00:00:00.000Z";"2023-01-26T23:59:59.999Z";"2023-01-26T01:25:00.000Z";"2023-01-26T19:24:00.000Z";"2781";1.0323896017;1.0328048442;1.0191391815;1.0256727143;217138.56;0;0;"2023-01-26T23:59:59.999Z"
"2023-01-25T00:00:00.000Z";"2023-01-25T23:59:59.999Z";"2023-01-25T15:08:00.000Z";"2023-01-25T16:15:00.000Z";"2781";1.0304569343;1.0353888708;1.0223490464;1.0324164836;216826.74;0;0;"2023-01-25T23:59:59.999Z"
"2023-01-24T00:00:00.000Z";"2023-01-24T23:59:59.999Z";"2023-01-24T08:31:00.000Z";"2023-01-24T17:54:00.000Z";"2781";1.0368418274;1.0440176285;1.0289316268;1.0304851811;220352.22;0;0;"2023-01-24T23:59:59.999Z"
"2023-01-23T00:00:00.000Z";"2023-01-23T23:59:59.999Z";"2023-01-23T10:49:00.000Z";"2023-01-23T12:03:00.000Z";"2781";1.0399928979;1.0493992534;1.0288879032;1.036926761;216024.72;0;0;"2023-01-23T23:59:59.999Z"
"2023-01-22T00:00:00.000Z";"2023-01-22T23:59:59.999Z";"2023-01-22T23:52:00.000Z";"2023-01-22T17:35:00.000Z";"2781";1.02873101;1.0401663111;1.0246319067;1.0401041748;211742.53;0;0;"2023-01-22T23:59:59.999Z"
"2023-01-21T00:00:00.000Z";"2023-01-21T23:59:59.999Z";"2023-01-21T00:26:00.000Z";"2023-01-21T23:03:00.000Z";"2781";1.0367870754;1.0374272778;1.0248901087;1.0287481163;225896.58;0;0;"2023-01-21T23:59:59.999Z"
"2023-01-20T00:00:00.000Z";"2023-01-20T23:59:59.999Z";"2023-01-20T20:20:00.000Z";"2023-01-20T08:35:00.000Z";"2781";1.0267585074;1.0368993832;1.0184749939;1.0367870136;186770.67;0;0;"2023-01-20T23:59:59.999Z"
"2023-01-19T00:00:00.000Z";"2023-01-19T23:59:59.999Z";"2023-01-19T05:14:00.000Z";"2023-01-19T01:05:00.000Z";"2781";1.0209158864;1.0325587243;1.020805177;1.026800338;195022.76;0;0;"2023-01-19T23:59:59.999Z"
"2023-01-18T00:00:00.000Z";"2023-01-18T23:59:59.999Z";"2023-01-18T18:25:00.000Z";"2023-01-18T10:06:00.000Z";"2781";1.0226376794;1.0304317999;1.0180154008;1.0207705918;228549.93;0;0;"2023-01-18T23:59:59.999Z"
"2023-01-17T00:00:00.000Z";"2023-01-17T23:59:59.999Z";"2023-01-17T00:00:00.000Z";"2023-01-17T04:01:00.000Z";"2781";1.0467279086;1.0467279086;1.0173899136;1.022663569;220512.28;0;0;"2023-01-17T23:59:59.999Z"
"2023-01-16T00:00:00.000Z";"2023-01-16T23:59:59.999Z";"2023-01-16T19:01:00.000Z";"2023-01-16T15:17:00.000Z";"2781";1.043527177;1.0566418501;1.0398997251;1.0467279025;224103.99;0;0;"2023-01-16T23:59:59.999Z"
"2023-01-15T00:00:00.000Z";"2023-01-15T23:59:59.999Z";"2023-01-15T23:27:00.000Z";"2023-01-15T00:47:00.000Z";"2781";0.995325533;1.0467841925;0.9942943609;1.0435459239;200282.45;0;0;"2023-01-15T23:59:59.999Z"
"2023-01-14T00:00:00.000Z";"2023-01-14T23:59:59.999Z";"2023-01-14T23:58:00.000Z";"2023-01-14T03:46:00.000Z";"2781";0.9385849727;0.9953380846;0.9382008326;0.9952556729;202400.51;0;0;"2023-01-14T23:59:59.999Z"
"2023-01-13T00:00:00.000Z";"2023-01-13T23:59:59.999Z";"2023-01-13T00:26:00.000Z";"2023-01-13T16:44:00.000Z";"2781";0.9454211776;0.9454670419;0.9287827407;0.9386802237;202265.59;0;0;"2023-01-13T23:59:59.999Z"
"2023-01-12T00:00:00.000Z";"2023-01-12T23:59:59.999Z";"2023-01-12T14:50:00.000Z";"2023-01-12T13:32:00.000Z";"2781";0.9432136122;0.9462429085;0.937669234;0.9452802036;210648.36;0;0;"2023-01-12T23:59:59.999Z"
"2023-01-11T00:00:00.000Z";"2023-01-11T23:59:59.999Z";"2023-01-11T06:48:00.000Z";"2023-01-11T16:02:00.000Z";"2781";0.9376554259;0.9438690582;0.9320008622;0.9432136526;179809.47;0;0;"2023-01-11T23:59:59.999Z"
"2023-01-10T00:00:00.000Z";"2023-01-10T23:59:59.999Z";"2023-01-10T09:37:00.000Z";"2023-01-10T17:29:00.000Z";"2781";0.9419940667;0.9437599225;0.9356946222;0.9376558898;196108.75;0;0;"2023-01-10T23:59:59.999Z"
"2023-01-09T00:00:00.000Z";"2023-01-09T23:59:59.999Z";"2023-01-09T00:00:00.000Z";"2023-01-09T20:08:00.000Z";"2781";0.9460815371;0.9460815371;0.9358662;0.9418826984;217563.06;0;0;"2023-01-09T23:59:59.999Z"
"2023-01-08T00:00:00.000Z";"2023-01-08T23:59:59.999Z";"2023-01-08T16:40:00.000Z";"2023-01-08T22:57:00.000Z";"2781";0.9444228337;0.9489761186;0.940141343;0.9458813818;206786.65;0;0;"2023-01-08T23:59:59.999Z"
"2023-01-07T00:00:00.000Z";"2023-01-07T23:59:59.999Z";"2023-01-07T23:28:00.000Z";"2023-01-07T21:39:00.000Z";"2781";0.9430771217;0.9447241213;0.938267431;0.9443990214;196877.14;0;0;"2023-01-07T23:59:59.999Z"
"2023-01-06T00:00:00.000Z";"2023-01-06T23:59:59.999Z";"2023-01-06T01:17:00.000Z";"2023-01-06T19:27:00.000Z";"2781";0.9609677026;0.96135308;0.9389493786;0.9429599154;186644.02;0;0;"2023-01-06T23:59:59.999Z"
"2023-01-05T00:00:00.000Z";"2023-01-05T23:59:59.999Z";"2023-01-05T13:10:00.000Z";"2023-01-05T00:03:00.000Z";"2781";0.9421766551;0.9647078613;0.9419046669;0.9610919474;210050.43;0;0;"2023-01-05T23:59:59.999Z"
"2023-01-04T00:00:00.000Z";"2023-01-04T23:59:59.999Z";"2023-01-04T00:08:00.000Z";"2023-01-04T23:24:00.000Z";"2781";0.9641177849;0.9641872752;0.9417547912;0.9420862473;239708.39;0;0;"2023-01-04T23:59:59.999Z"
"2023-01-03T00:00:00.000Z";"2023-01-03T23:59:59.999Z";"2023-01-03T11:48:00.000Z";"2023-01-03T19:15:00.000Z";"2781";0.9669621314;0.9722085081;0.95851477;0.9641178168;205690.2;0;0;"2023-01-03T23:59:59.999Z"
"2023-01-02T00:00:00.000Z";"2023-01-02T23:59:59.999Z";"2023-01-02T23:55:00.000Z";"2023-01-02T01:24:00.000Z";"2781";0.9553406277;0.9671763595;0.9491248182;0.9670844489;208604.15;0;0;"2023-01-02T23:59:59.999Z"
"2023-01-01T00:00:00.000Z";"2023-01-01T23:59:59.999Z";"2023-01-01T04:49:00.000Z";"2023-01-01T17:51:00.000Z";"2781";0.9592339251;0.9624947561;0.9488255197;0.9553406298;185188.84;0;0;"2023-01-01T23:59:59.999Z"
"2022-12-31T00:00:00.000Z";"2022-12-31T23:59:59.999Z";"2022-12-31T08:27:00.000Z";"2022-12-31T19:23:00.000Z";"2781";1.0078277793;1.0135349365;0.9509565137;0.9592339217;219983.69;0;0;"2022-12-31T23:59:59.999Z"
"2022-12-30T00:00:00.000Z";"2022-12-30T23:59:59.999Z";"2022-12-30T01:37:00.000Z";"2022-12-30T12:56:00.000Z";"2781";1.0155876615;1.0162963931;0.9998904514;1.0077599866;164772.49;0;0;"2022-12-30T23:59:59.999Z"
"2022-12-29T00:00:00.000Z";"2022-12-29T23:59:59.999Z";"2022-12-29T18:22:00.000Z";"2022-12-29T08:13:00.000Z";"2781";1.0163469815;1.0217659689;1.0058876596;1.0155876654;208496.06;0;0;"2022-12-29T23:59:59.999Z"
"2022-12-28T00:00:00.000Z";"2022-12-28T23:59:59.999Z";"2022-12-28T15:05:00.000Z";"2022-12-28T23:49:00.000Z";"2781";1.0467044522;1.0533191951;1.0158367046;1.0163469903;254302.77;0;0;"2022-12-28T23:59:59.999Z"
"2022-12-27T00:00:00.000Z";"2022-12-27T23:59:59.999Z";"2022-12-27T20:37:00.000Z";"2022-12-27T17:52:00.000Z";"2781";1.047374212;1.0493440755;1.0380154847;1.0466098158;224914.24;0;0;"2022-12-27T23:59:59.999Z"
"2022-12-26T00:00:00.000Z";"2022-12-26T23:59:59.999Z";"2022-12-26T23:56:00.000Z";"2022-12-26T11:05:00.000Z";"2781";1.0429416449;1.0475218848;1.0364067139;1.0473067575;217909.34;0;0;"2022-12-26T23:59:59.999Z"
"2022-12-25T00:00:00.000Z";"2022-12-25T23:59:59.999Z";"2022-12-25T15:10:00.000Z";"2022-12-25T00:06:00.000Z";"2781";1.0336443897;1.0475310006;1.0336171874;1.0429329055;217841.6;0;0;"2022-12-25T23:59:59.999Z"
"2022-12-24T00:00:00.000Z";"2022-12-24T23:59:59.999Z";"2022-12-24T04:54:00.000Z";"2022-12-24T12:50:00.000Z";"2781";1.0810707351;1.0905727325;0.9947958475;1.0336443906;238368.54;0;0;"2022-12-24T23:59:59.999Z"
"2022-12-23T00:00:00.000Z";"2022-12-23T23:59:59.999Z";"2022-12-23T03:39:00.000Z";"2022-12-23T22:32:00.000Z";"2781";1.080511786;1.0871494466;1.0775442408;1.0810389228;254623.92;0;0;"2022-12-23T23:59:59.999Z"
"2022-12-22T00:00:00.000Z";"2022-12-22T23:59:59.999Z";"2022-12-22T22:07:00.000Z";"2022-12-22T15:07:00.000Z";"2781";1.0810198094;1.0886372507;1.0656522321;1.0805484393;227031.62;0;0;"2022-12-22T23:59:59.999Z"
"2022-12-21T00:00:00.000Z";"2022-12-21T23:59:59.999Z";"2022-12-21T12:01:00.000Z";"2022-12-21T08:29:00.000Z";"2781";1.0831734198;1.0871687207;1.0772695934;1.0810346322;251410.64;0;0;"2022-12-21T23:59:59.999Z"
"2022-12-20T00:00:00.000Z";"2022-12-20T23:59:59.999Z";"2022-12-20T23:06:00.000Z";"2022-12-20T09:22:00.000Z";"2781";1.074838545;1.0847575318;1.0735699278;1.083173481;239753.14;0;0;"2022-12-20T23:59:59.999Z"
"2022-12-19T00:00:00.000Z";"2022-12-19T23:59:59.999Z";"2022-12-19T17:52:00.000Z";"2022-12-19T19:22:00.000Z";"2781";1.0998101409;1.1043507099;1.0623332692;1.0748385477;221964.2;0;0;"2022-12-19T23:59:59.999Z"
"2022-12-18T00:00:00.000Z";"2022-12-18T23:59:59.999Z";"2022-12-18T15:20:00.000Z";"2022-12-18T07:06:00.000Z";"2781";1.1014546252;1.1040002814;1.0885231148;1.0998101409;248097.53;0;0;"2022-12-18T23:59:59.999Z"
"2022-12-17T00:00:00.000Z";"2022-12-17T23:59:59.999Z";"2022-12-17T16:16:00.000Z";"2022-12-17T11:26:00.000Z";"2781";1.0844418522;1.1085152775;1.0743350281;1.1014546223;229446.61;0;0;"2022-12-17T23:59:59.999Z"
"2022-12-16T00:00:00.000Z";"2022-12-16T23:59:59.999Z";"2022-12-16T20:05:00.000Z";"2022-12-16T04:58:00.000Z";"2781";1.0884927944;1.0913839877;1.0781875482;1.0844418655;231181.41;0;0;"2022-12-16T23:59:59.999Z"
"2022-12-15T00:00:00.000Z";"2022-12-15T23:59:59.999Z";"2022-12-15T00:51:00.000Z";"2022-12-15T16:18:00.000Z";"2781";1.0889241729;1.0949489258;1.080879935;1.0883173921;244059.6;0;0;"2022-12-15T23:59:59.999Z"
"2022-12-14T00:00:00.000Z";"2022-12-14T23:59:59.999Z";"2022-12-14T03:10:00.000Z";"2022-12-15T01:27:00.000Z";"2781";1.1063879831;1.1185122287;1.0875060717;1.0910881665;246879.26;0;0;"2022-12-14T23:59:59.999Z"
"2022-12-13T00:00:00.000Z";"2022-12-13T23:59:59.999Z";"2022-12-13T21:17:00.000Z";"2022-12-13T10:01:00.000Z";"2781";1.0607274908;1.1115909315;1.0556107926;1.1108286365;226594.88;0;0;"2022-12-13T23:59:59.999Z"
"2022-12-12T00:00:00.000Z";"2022-12-12T23:59:59.999Z";"2022-12-12T06:42:00.000Z";"2022-12-12T19:28:00.000Z";"2781";1.0919336883;1.0936201147;1.0520489642;1.0603737155;227240.48;0;0;"2022-12-12T23:59:59.999Z"
"2022-12-11T00:00:00.000Z";"2022-12-11T23:59:59.999Z";"2022-12-11T11:23:00.000Z";"2022-12-11T20:39:00.000Z";"2781";1.1084002305;1.1087997193;1.0752335649;1.0919336837;217305.95;0;0;"2022-12-11T23:59:59.999Z"
"2022-12-10T00:00:00.000Z";"2022-12-10T23:59:59.999Z";"2022-12-10T20:40:00.000Z";"2022-12-10T06:37:00.000Z";"2781";1.0984056098;1.1092474041;1.0917655271;1.1084002437;228487.74;0;0;"2022-12-10T23:59:59.999Z"
"2022-12-09T00:00:00.000Z";"2022-12-09T23:59:59.999Z";"2022-12-09T10:41:00.000Z";"2022-12-09T18:32:00.000Z";"2781";1.1027668904;1.103204943;1.0901542395;1.0984055875;205156.84;0;0;"2022-12-09T23:59:59.999Z"
"2022-12-08T00:00:00.000Z";"2022-12-08T23:59:59.999Z";"2022-12-08T14:20:00.000Z";"2022-12-08T18:49:00.000Z";"2781";1.1265810835;1.1276845505;1.0856863586;1.1027668964;256283.43;0;0;"2022-12-08T23:59:59.999Z"
"2022-12-07T00:00:00.000Z";"2022-12-07T23:59:59.999Z";"2022-12-07T00:32:00.000Z";"2022-12-07T15:13:00.000Z";"2781";1.1460872854;1.1463131396;1.1167729372;1.1265810645;238384.2;0;0;"2022-12-07T23:59:59.999Z"
"2022-12-06T00:00:00.000Z";"2022-12-06T23:59:59.999Z";"2022-12-06T13:31:00.000Z";"2022-12-06T21:38:00.000Z";"2781";1.1469780376;1.1488736866;1.1258098331;1.1461178515;260733.88;0;0;"2022-12-06T23:59:59.999Z"
"2022-12-05T00:00:00.000Z";"2022-12-05T23:59:59.999Z";"2022-12-05T23:45:00.000Z";"2022-12-05T14:32:00.000Z";"2781";1.112114252;1.1472041181;1.0971718583;1.1469780231;410302.65;0;0;"2022-12-05T23:59:59.999Z"
"2022-12-04T00:00:00.000Z";"2022-12-04T23:59:59.999Z";"2022-12-04T21:18:00.000Z";"2022-12-04T06:35:00.000Z";"2781";1.0967876643;1.112390501;1.0950733534;1.112052692;445186.82;0;0;"2022-12-04T23:59:59.999Z"
"2022-12-03T00:00:00.000Z";"2022-12-03T23:59:59.999Z";"2022-12-03T21:25:00.000Z";"2022-12-03T14:13:00.000Z";"2781";1.100812806;1.1034353513;1.0946495513;1.0967793372;452020.9;0;0;"2022-12-03T23:59:59.999Z"
"2022-12-02T00:00:00.000Z";"2022-12-02T23:59:59.999Z";"2022-12-02T23:04:00.000Z";"2022-12-02T23:57:00.000Z";"2781";1.1085091405;1.1436078381;1.1005740914;1.1007106713;528021.05;0;0;"2022-12-02T23:59:59.999Z"
"2022-12-01T00:00:00.000Z";"2022-12-01T23:59:59.999Z";"2022-12-01T15:38:00.000Z";"2022-12-01T16:21:00.000Z";"2781";1.1187880555;1.1266622244;1.0955267717;1.1085364646;443152.2;0;0;"2022-12-01T23:59:59.999Z"
"2022-11-30T00:00:00.000Z";"2022-11-30T23:59:59.999Z";"2022-11-30T19:23:00.000Z";"2022-11-30T00:18:00.000Z";"2781";1.0823375128;1.15199055;1.0819463019;1.1187877041;479175.1;0;0;"2022-11-30T23:59:59.999Z"
"2022-11-29T00:00:00.000Z";"2022-11-29T23:59:59.999Z";"2022-11-29T01:49:00.000Z";"2022-11-29T10:11:00.000Z";"2781";1.1142755603;1.1151446227;1.0655388632;1.0823375876;440694.75;0;0;"2022-11-29T23:59:59.999Z"
"2022-11-28T00:00:00.000Z";"2022-11-28T23:59:59.999Z";"2022-11-28T16:58:00.000Z";"2022-11-28T23:58:00.000Z";"2781";1.2305035908;1.2572709156;1.1139104485;1.1141040351;539556.32;0;0;"2022-11-28T23:59:59.999Z"
"2022-11-27T00:00:00.000Z";"2022-11-27T23:59:59.999Z";"2022-11-27T22:19:00.000Z";"2022-11-27T09:13:00.000Z";"2781";1.2152929511;1.2414318738;1.2100325383;1.2305036562;519510.46;0;0;"2022-11-27T23:59:59.999Z"
"2022-11-26T00:00:00.000Z";"2022-11-26T23:59:59.999Z";"2022-11-26T01:10:00.000Z";"2022-11-26T15:22:00.000Z";"2781";1.2057652424;1.2246666031;1.1327979612;1.2154590589;507455.95;0;0;"2022-11-26T23:59:59.999Z"
"2022-11-25T00:00:00.000Z";"2022-11-25T23:59:59.999Z";"2022-11-25T11:21:00.000Z";"2022-11-25T04:50:00.000Z";"2781";1.2080756422;1.2168556333;1.1621010228;1.206554377;470498.13;0;0;"2022-11-25T23:59:59.999Z"
"2022-11-24T00:00:00.000Z";"2022-11-24T23:59:59.999Z";"2022-11-24T02:15:00.000Z";"2022-11-24T08:32:00.000Z";"2781";1.2285586649;1.2382460184;1.1854515615;1.2085748081;489297.95;0;0;"2022-11-24T23:59:59.999Z"
"2022-11-23T00:00:00.000Z";"2022-11-23T23:59:59.999Z";"2022-11-23T23:44:00.000Z";"2022-11-23T13:45:00.000Z";"2781";1.203420366;1.235904521;1.15152675;1.2287947353;498739.8;0;0;"2022-11-23T23:59:59.999Z"
"2022-11-22T00:00:00.000Z";"2022-11-22T23:59:59.999Z";"2022-11-22T13:17:00.000Z";"2022-11-22T09:01:00.000Z";"2781";1.2323775117;1.257814265;1.1919952927;1.2033726566;512724.76;0;0;"2022-11-22T23:59:59.999Z"
"2022-11-21T00:00:00.000Z";"2022-11-21T23:59:59.999Z";"2022-11-21T14:33:00.000Z";"2022-11-21T15:43:00.000Z";"2781";1.2275980719;1.2601775971;1.1565276696;1.2318719441;471783.04;0;0;"2022-11-21T23:59:59.999Z"
"2022-11-20T00:00:00.000Z";"2022-11-20T23:59:59.999Z";"2022-11-20T01:07:00.000Z";"2022-11-20T21:55:00.000Z";"2781";1.2508799465;1.2586970256;1.2124998514;1.2269762805;512139.3;0;0;"2022-11-20T23:59:59.999Z"
"2022-11-19T00:00:00.000Z";"2022-11-19T23:59:59.999Z";"2022-11-19T08:55:00.000Z";"2022-11-19T14:57:00.000Z";"2781";1.2492752962;1.263993485;1.2362463797;1.2508807817;576514.87;0;0;"2022-11-19T23:59:59.999Z"
"2022-11-18T00:00:00.000Z";"2022-11-18T23:59:59.999Z";"2022-11-18T20:49:00.000Z";"2022-11-18T08:53:00.000Z";"2781";1.2602865239;1.2911020519;1.2441912959;1.2494117283;591129.09;0;0;"2022-11-18T23:59:59.999Z"
"2022-11-17T00:00:00.000Z";"2022-11-17T23:59:59.999Z";"2022-11-17T15:29:00.000Z";"2022-11-17T04:12:00.000Z";"2781";1.2738704375;1.2958617819;1.202453472;1.2603688958;547428.55;0;0;"2022-11-17T23:59:59.999Z"
"2022-11-16T00:00:00.000Z";"2022-11-16T23:59:59.999Z";"2022-11-16T03:45:00.000Z";"2022-11-16T12:39:00.000Z";"2781";1.2739274351;1.2995778302;1.2454522034;1.273926649;451929.53;0;0;"2022-11-16T23:59:59.999Z"
"2022-11-15T00:00:00.000Z";"2022-11-15T23:59:59.999Z";"2022-11-15T13:35:00.000Z";"2022-11-15T18:43:00.000Z";"2781";1.2999821118;1.3229915375;1.2367838596;1.2732396051;185828.24;0;0;"2022-11-15T23:59:59.999Z"
"2022-11-14T00:00:00.000Z";"2022-11-14T23:59:59.999Z";"2022-11-14T06:55:00.000Z";"2022-11-14T20:00:00.000Z";"2781";1.3147751249;1.3996300885;1.2562500859;1.3008969065;211179.45;0;0;"2022-11-14T23:59:59.999Z"
"2022-11-13T00:00:00.000Z";"2022-11-13T23:59:59.999Z";"2022-11-13T03:04:00.000Z";"2022-11-13T12:30:00.000Z";"2781";1.3157744708;1.3426292279;1.2788504473;1.3157329397;188735.52;0;0;"2022-11-13T23:59:59.999Z"
"2022-11-12T00:00:00.000Z";"2022-11-12T23:59:59.999Z";"2022-11-12T07:25:00.000Z";"2022-11-12T23:31:00.000Z";"2781";1.3646386933;1.3694756266;1.2962710737;1.3170202899;212976.53;0;0;"2022-11-12T23:59:59.999Z"
"2022-11-11T00:00:00.000Z";"2022-11-11T23:59:59.999Z";"2022-11-11T14:49:00.000Z";"2022-11-11T02:18:00.000Z";"2781";1.2998592498;1.436498325;1.248452901;1.3635783536;192877.28;0;0;"2022-11-11T23:59:59.999Z"
"2022-11-10T00:00:00.000Z";"2022-11-10T23:59:59.999Z";"2022-11-10T13:36:00.000Z";"2022-11-10T17:42:00.000Z";"2781";1.314459243;1.4022216463;1.2530775319;1.3011483296;183443.58;0;0;"2022-11-10T23:59:59.999Z"
"2022-11-09T00:00:00.000Z";"2022-11-09T23:59:59.999Z";"2022-11-09T12:12:00.000Z";"2022-11-09T03:16:00.000Z";"2781";1.2699807229;1.3581522947;1.2255651115;1.3137105152;197985.45;0;0;"2022-11-09T23:59:59.999Z"
"2022-11-08T00:00:00.000Z";"2022-11-08T23:59:59.999Z";"2022-11-08T00:04:00.000Z";"2022-11-08T19:35:00.000Z";"2781";1.3987762006;1.4091001349;1.1561141538;1.2729698666;219977.24;0;0;"2022-11-08T23:59:59.999Z"
"2022-11-07T00:00:00.000Z";"2022-11-07T23:59:59.999Z";"2022-11-07T15:23:00.000Z";"2022-11-07T04:21:00.000Z";"2781";1.3689296818;1.4430090989;1.3556779165;1.3987761867;221887.09;0;0;"2022-11-07T23:59:59.999Z"
"2022-11-06T00:00:00.000Z";"2022-11-06T23:59:59.999Z";"2022-11-06T14:46:00.000Z";"2022-11-06T23:28:00.000Z";"2781";1.4043388675;1.4305701434;1.3570759765;1.3691805605;204115.09;0;0;"2022-11-06T23:59:59.999Z"
"2022-11-05T00:00:00.000Z";"2022-11-05T23:59:59.999Z";"2022-11-05T00:20:00.000Z";"2022-11-05T02:12:00.000Z";"2781";1.3813880259;1.4825842911;1.3482526063;1.4053532818;213481.74;0;0;"2022-11-05T23:59:59.999Z"
"2022-11-04T00:00:00.000Z";"2022-11-04T23:59:59.999Z";"2022-11-04T04:07:00.000Z";"2022-11-04T15:55:00.000Z";"2781";1.3747538234;1.480333184;1.3577303411;1.3809653433;202729.06;0;0;"2022-11-04T23:59:59.999Z"
"2022-11-03T00:00:00.000Z";"2022-11-03T23:59:59.999Z";"2022-11-03T04:16:00.000Z";"2022-11-03T05:31:00.000Z";"2781";1.3742069349;1.420102675;1.3430274805;1.3747972505;201398.47;0;0;"2022-11-03T23:59:59.999Z"
"2022-11-02T00:00:00.000Z";"2022-11-02T23:59:59.999Z";"2022-11-02T18:28:00.000Z";"2022-11-02T18:59:00.000Z";"2781";1.3597340387;1.398522258;1.294560264;1.3742662543;228701.74;0;0;"2022-11-02T23:59:59.999Z"
"2022-11-01T00:00:00.000Z";"2022-11-01T23:59:59.999Z";"2022-11-01T00:23:00.000Z";"2022-11-01T14:14:00.000Z";"2781";1.3781430708;1.3790117808;1.3480885139;1.3597351123;210818.97;0;0;"2022-11-01T23:59:59.999Z"
"2022-10-31T00:00:00.000Z";"2022-10-31T23:59:59.999Z";"2022-10-31T09:49:00.000Z";"2022-10-31T14:11:00.000Z";"2781";1.3728434064;1.3863933061;1.3321464773;1.3781424625;207562.82;0;0;"2022-10-31T23:59:59.999Z"
"2022-10-30T00:00:00.000Z";"2022-10-30T23:59:59.999Z";"2022-10-30T00:10:00.000Z";"2022-10-30T09:51:00.000Z";"2781";1.3947418146;1.3951004108;1.346727736;1.3728431374;207850.12;0;0;"2022-10-30T23:59:59.999Z"
"2022-10-29T00:00:00.000Z";"2022-10-29T23:59:59.999Z";"2022-10-29T08:36:00.000Z";"2022-10-29T13:47:00.000Z";"2781";1.4110598057;1.422946271;1.3854401427;1.3947418191;200495.84;0;0;"2022-10-29T23:59:59.999Z"
"2022-10-28T00:00:00.000Z";"2022-10-28T23:59:59.999Z";"2022-10-28T17:00:00.000Z";"2022-10-28T07:34:00.000Z";"2781";1.3882652202;1.4173050513;1.3828894609;1.4110601058;198783.02;0;0;"2022-10-28T23:59:59.999Z"
"2022-10-27T00:00:00.000Z";"2022-10-27T23:59:59.999Z";"2022-10-27T22:55:00.000Z";"2022-10-27T00:44:00.000Z";"2781";1.368414252;1.3975039862;1.323858335;1.3882651971;216422.49;0;0;"2022-10-27T23:59:59.999Z"
"2022-10-26T00:00:00.000Z";"2022-10-26T23:59:59.999Z";"2022-10-26T23:55:00.000Z";"2022-10-26T00:11:00.000Z";"2781";1.3294078563;1.3696495784;1.3167950774;1.3684141674;206425.67;0;0;"2022-10-26T23:59:59.999Z"
"2022-10-25T00:00:00.000Z";"2022-10-25T23:59:59.999Z";"2022-10-25T04:36:00.000Z";"2022-10-25T12:50:00.000Z";"2781";1.4965865708;1.5138815635;1.1813362977;1.3298730256;238572.97;0;0;"2022-10-25T23:59:59.999Z"
"2022-10-24T00:00:00.000Z";"2022-10-24T23:59:59.999Z";"2022-10-24T10:42:00.000Z";"2022-10-24T23:51:00.000Z";"2781";1.5245897997;1.5384901036;1.4940592725;1.4965869776;225259.83;0;0;"2022-10-24T23:59:59.999Z"
"2022-10-23T00:00:00.000Z";"2022-10-23T23:59:59.999Z";"2022-10-23T14:49:00.000Z";"2022-10-23T04:08:00.000Z";"2781";1.5048225597;1.5446120616;1.4904792203;1.5245994358;229053.25;0;0;"2022-10-23T23:59:59.999Z"
"2022-10-22T00:00:00.000Z";"2022-10-22T23:59:59.999Z";"2022-10-22T08:29:00.000Z";"2022-10-22T02:04:00.000Z";"2781";1.5182383765;1.5246397323;1.4959240104;1.5048584123;223186.65;0;0;"2022-10-22T23:59:59.999Z"
"2022-10-21T00:00:00.000Z";"2022-10-21T23:59:59.999Z";"2022-10-21T12:45:00.000Z";"2022-10-21T23:34:00.000Z";"2781";1.5058719152;1.5333657142;1.4959561629;1.5182385891;274001.8;0;0;"2022-10-21T23:59:59.999Z"
"2022-10-20T00:00:00.000Z";"2022-10-20T23:59:59.999Z";"2022-10-20T01:09:00.000Z";"2022-10-20T10:07:00.000Z";"2781";1.5145013823;1.5322490663;1.4797004308;1.5058632546;248633.18;0;0;"2022-10-20T23:59:59.999Z"
"2022-10-19T00:00:00.000Z";"2022-10-19T23:59:59.999Z";"2022-10-19T21:54:00.000Z";"2022-10-19T00:33:00.000Z";"2781";1.4907171308;1.533296174;1.4697000614;1.514489258;260982.18;0;0;"2022-10-19T23:59:59.999Z"
"2022-10-18T00:00:00.000Z";"2022-10-18T23:59:59.999Z";"2022-10-18T01:49:00.000Z";"2022-10-18T23:42:00.000Z";"2781";1.6374317145;1.6480907718;1.4700110376;1.4907184677;241052.57;0;0;"2022-10-18T23:59:59.999Z"
"2022-10-17T00:00:00.000Z";"2022-10-17T23:59:59.999Z";"2022-10-17T19:52:00.000Z";"2022-10-17T01:18:00.000Z";"2781";1.6134474935;1.6411989249;1.5972957929;1.6374326933;233849.49;0;0;"2022-10-17T23:59:59.999Z"
"2022-10-16T00:00:00.000Z";"2022-10-16T23:59:59.999Z";"2022-10-16T16:51:00.000Z";"2022-10-16T22:55:00.000Z";"2781";1.6030354324;1.6421847418;1.5990298809;1.6134414766;246524.65;0;0;"2022-10-16T23:59:59.999Z"
"2022-10-15T00:00:00.000Z";"2022-10-15T23:59:59.999Z";"2022-10-15T16:25:00.000Z";"2022-10-15T07:44:00.000Z";"2781";1.596169395;1.6317682594;1.5913666549;1.6030403846;241210.15;0;0;"2022-10-15T23:59:59.999Z"
"2022-10-14T00:00:00.000Z";"2022-10-14T23:59:59.999Z";"2022-10-14T12:51:00.000Z";"2022-10-14T23:20:00.000Z";"2781";1.6604219178;1.6767938743;1.5960333806;1.5961705851;259300.28;0;0;"2022-10-14T23:59:59.999Z"
"2022-10-13T00:00:00.000Z";"2022-10-13T23:59:59.999Z";"2022-10-13T20:50:00.000Z";"2022-10-13T12:21:00.000Z";"2781";1.5861727761;1.6623019864;1.5782752241;1.6604137227;263943.91;0;0;"2022-10-13T23:59:59.999Z"
"2022-10-12T00:00:00.000Z";"2022-10-12T23:59:59.999Z";"2022-10-12T23:30:00.000Z";"2022-10-12T03:14:00.000Z";"2781";1.5765384648;1.613613409;1.5625780999;1.5861876423;276798.87;0;0;"2022-10-12T23:59:59.999Z"
"2022-10-11T00:00:00.000Z";"2022-10-11T23:59:59.999Z";"2022-10-11T00:05:00.000Z";"2022-10-11T02:33:00.000Z";"2781";1.6376867992;1.6439517482;1.5593709526;1.576506919;234754.67;0;0;"2022-10-11T23:59:59.999Z"
"2022-10-10T00:00:00.000Z";"2022-10-10T23:59:59.999Z";"2022-10-10T12:58:00.000Z";"2022-10-10T15:18:00.000Z";"2781";1.6861426638;1.7051173478;1.6038908094;1.6377022856;256073.17;0;0;"2022-10-10T23:59:59.999Z"
"2022-10-09T00:00:00.000Z";"2022-10-09T23:59:59.999Z";"2022-10-09T16:13:00.000Z";"2022-10-09T02:05:00.000Z";"2781";1.6317016204;1.7111637691;1.5974931945;1.6861406319;230237.77;0;0;"2022-10-09T23:59:59.999Z"
"2022-10-08T00:00:00.000Z";"2022-10-08T23:59:59.999Z";"2022-10-08T00:02:00.000Z";"2022-10-08T03:53:00.000Z";"2781";1.6522661392;1.6548906956;1.6158548389;1.6317062137;229653.26;0;0;"2022-10-08T23:59:59.999Z"
"2022-10-07T00:00:00.000Z";"2022-10-07T23:59:59.999Z";"2022-10-07T03:24:00.000Z";"2022-10-07T00:00:00.000Z";"2781";1.6277883925;1.6623955966;1.6277883925;1.6522667726;273649.62;0;0;"2022-10-07T23:59:59.999Z"
"2022-10-06T00:00:00.000Z";"2022-10-06T23:59:59.999Z";"2022-10-06T20:57:00.000Z";"2022-10-06T01:35:00.000Z";"2781";1.613895278;1.6575856166;1.5979208428;1.6278084819;253248.8;0;0;"2022-10-06T23:59:59.999Z"
"2022-10-05T00:00:00.000Z";"2022-10-05T23:59:59.999Z";"2022-10-05T20:21:00.000Z";"2022-10-05T13:44:00.000Z";"2781";1.5683881619;1.6219286657;1.547336416;1.6138840424;265881.8;0;0;"2022-10-05T23:59:59.999Z"
"2022-10-04T00:00:00.000Z";"2022-10-04T23:59:59.999Z";"2022-10-04T15:31:00.000Z";"2022-10-04T06:58:00.000Z";"2781";1.5725828101;1.5834239094;1.5408978896;1.5683888345;225337.28;0;0;"2022-10-04T23:59:59.999Z"
"2022-10-03T00:00:00.000Z";"2022-10-03T23:59:59.999Z";"2022-10-03T12:13:00.000Z";"2022-10-03T06:47:00.000Z";"2781";1.5585158436;1.5836748427;1.5455940235;1.5725906782;218012.13;0;0;"2022-10-03T23:59:59.999Z"
"2022-10-02T00:00:00.000Z";"2022-10-02T23:59:59.999Z";"2022-10-02T05:54:00.000Z";"2022-10-02T13:26:00.000Z";"2781";1.5777958756;1.6290688233;1.5446927622;1.5585054696;263092.9;0;0;"2022-10-02T23:59:59.999Z"
"2022-10-01T00:00:00.000Z";"2022-10-01T23:59:59.999Z";"2022-10-01T06:08:00.000Z";"2022-10-01T17:22:00.000Z";"2781";1.5847040291;1.5964759626;1.5654383487;1.5777855375;241686.1;0;0;"2022-10-01T23:59:59.999Z"
"2022-09-30T00:00:00.000Z";"2022-09-30T23:59:59.999Z";"2022-09-30T00:42:00.000Z";"2022-09-30T23:25:00.000Z";"2781";1.6113535872;1.6155752056;1.5748772583;1.5846439402;225863.96;0;0;"2022-09-30T23:59:59.999Z"
"2022-09-29T00:00:00.000Z";"2022-09-29T23:59:59.999Z";"2022-09-29T12:31:00.000Z";"2022-09-29T22:41:00.000Z";"2781";1.6071701217;1.6297574579;1.5910430474;1.6107136384;240532.3;0;0;"2022-09-29T23:59:59.999Z"
"2022-09-28T00:00:00.000Z";"2022-09-28T23:59:59.999Z";"2022-09-28T13:34:00.000Z";"2022-09-28T14:41:00.000Z";"2781";1.6101766268;1.6241826779;1.5806748147;1.6071312791;251126.41;0;0;"2022-09-28T23:59:59.999Z"
"2022-09-27T00:00:00.000Z";"2022-09-27T23:59:59.999Z";"2022-09-27T01:37:00.000Z";"2022-09-27T18:57:00.000Z";"2781";1.611279351;1.6217310627;1.5988041382;1.6101878465;237531.8;0;0;"2022-09-27T23:59:59.999Z"
"2022-09-26T00:00:00.000Z";"2022-09-26T23:59:59.999Z";"2022-09-26T05:22:00.000Z";"2022-09-26T16:11:00.000Z";"2781";1.6164069616;1.6228207351;1.6077453224;1.6112803397;243146.3;0;0;"2022-09-26T23:59:59.999Z"
"2022-09-25T00:00:00.000Z";"2022-09-25T23:59:59.999Z";"2022-09-25T14:07:00.000Z";"2022-09-25T00:01:00.000Z";"2781";1.5950966191;1.6233278713;1.5950825624;1.6164045879;222512.79;0;0;"2022-09-25T23:59:59.999Z"
"2022-09-24T00:00:00.000Z";"2022-09-24T23:59:59.999Z";"2022-09-24T22:54:00.000Z";"2022-09-24T18:46:00.000Z";"2781";1.6038278435;1.6182766136;1.584662041;1.5950911446;262927.27;0;0;"2022-09-24T23:59:59.999Z"
"2022-09-23T00:00:00.000Z";"2022-09-23T23:59:59.999Z";"2022-09-23T13:21:00.000Z";"2022-09-23T04:01:00.000Z";"2781";1.5834185197;1.617350217;1.5649685345;1.6038256557;240618.83;0;0;"2022-09-23T23:59:59.999Z"
"2022-09-22T00:00:00.000Z";"2022-09-22T23:59:59.999Z";"2022-09-22T22:41:00.000Z";"2022-09-22T23:42:00.000Z";"2781";1.579263725;1.5980050072;1.5661130937;1.5834017297;256139.3;0;0;"2022-09-22T23:59:59.999Z"
"2022-09-21T00:00:00.000Z";"2022-09-21T23:59:59.999Z";"2022-09-21T05:58:00.000Z";"2022-09-21T16:10:00.000Z";"2781";1.5858723243;1.5952252992;1.5409094237;1.5792376036;234520.68;0;0;"2022-09-21T23:59:59.999Z"
"2022-09-20T00:00:00.000Z";"2022-09-20T23:59:59.999Z";"2022-09-20T10:00:00.000Z";"2022-09-20T23:09:00.000Z";"2781";1.6137462746;1.6282153681;1.5760407497;1.5859832942;210055.81;0;0;"2022-09-20T23:59:59.999Z"
"2022-09-19T00:00:00.000Z";"2022-09-19T23:59:59.999Z";"2022-09-19T00:07:00.000Z";"2022-09-19T13:16:00.000Z";"2781";1.6174374523;1.6289545355;1.6010096037;1.6137552608;237117.83;0;0;"2022-09-19T23:59:59.999Z"
"2022-09-18T00:00:00.000Z";"2022-09-18T23:59:59.999Z";"2022-09-18T17:27:00.000Z";"2022-09-18T02:48:00.000Z";"2781";1.6182253129;1.6346183562;1.6043361959;1.6174724205;241275.91;0;0;"2022-09-18T23:59:59.999Z"
"2022-09-17T00:00:00.000Z";"2022-09-17T23:59:59.999Z";"2022-09-17T00:26:00.000Z";"2022-09-17T20:14:00.000Z";"2781";1.6202612258;1.6283366326;1.5955744725;1.6182221038;225445.22;0;0;"2022-09-17T23:59:59.999Z"
"2022-09-16T00:00:00.000Z";"2022-09-16T23:59:59.999Z";"2022-09-16T23:34:00.000Z";"2022-09-16T14:58:00.000Z";"2781";1.5998688819;1.6291457839;1.5819745874;1.6202505675;219826.2;0;0;"2022-09-16T23:59:59.999Z"
"2022-09-15T00:00:00.000Z";"2022-09-15T23:59:59.999Z";"2022-09-15T18:52:00.000Z";"2022-09-15T21:37:00.000Z";"2781";1.6154414735;1.6166854252;1.5888496213;1.599634642;231627.54;0;0;"2022-09-15T23:59:59.999Z"
"2022-09-14T00:00:00.000Z";"2022-09-14T23:59:59.999Z";"2022-09-14T07:55:00.000Z";"2022-09-14T20:57:00.000Z";"2781";1.6104137667;1.6293648146;1.5940896222;1.6154482763;257360.59;0;0;"2022-09-14T23:59:59.999Z"
"2022-09-13T00:00:00.000Z";"2022-09-13T23:59:59.999Z";"2022-09-13T11:06:00.000Z";"2022-09-14T01:11:00.000Z";"2781";1.6395589345;1.651035152;1.6083057677;1.6282652343;271319.89;0;0;"2022-09-13T23:59:59.999Z"
"2022-09-12T00:00:00.000Z";"2022-09-12T23:59:59.999Z";"2022-09-12T21:26:00.000Z";"2022-09-12T22:51:00.000Z";"2781";1.6295299309;1.650490514;1.6232218245;1.6396237165;228418.74;0;0;"2022-09-12T23:59:59.999Z"
"2022-09-11T00:00:00.000Z";"2022-09-11T23:59:59.999Z";"2022-09-11T00:51:00.000Z";"2022-09-11T00:13:00.000Z";"2781";1.6342841757;1.6535692777;1.6185492871;1.6295169098;242453.15;0;0;"2022-09-11T23:59:59.999Z"
"2022-09-10T00:00:00.000Z";"2022-09-10T23:59:59.999Z";"2022-09-10T09:49:00.000Z";"2022-09-10T20:58:00.000Z";"2781";1.6408717624;1.6672820411;1.6136354486;1.6342877458;254355.37;0;0;"2022-09-10T23:59:59.999Z"
"2022-09-09T00:00:00.000Z";"2022-09-09T23:59:59.999Z";"2022-09-09T21:07:00.000Z";"2022-09-09T00:58:00.000Z";"2781";1.6267870006;1.6651502799;1.6096001635;1.6408723868;221721.03;0;0;"2022-09-09T23:59:59.999Z"
"2022-09-08T00:00:00.000Z";"2022-09-08T23:59:59.999Z";"2022-09-08T00:12:00.000Z";"2022-09-08T13:32:00.000Z";"2781";1.6384209556;1.6403837516;1.6040210074;1.6267958867;273474.35;0;0;"2022-09-08T23:59:59.999Z"
"2022-09-07T00:00:00.000Z";"2022-09-07T23:59:59.999Z";"2022-09-07T02:37:00.000Z";"2022-09-07T19:56:00.000Z";"2781";1.6260911268;1.6618957452;1.6109458368;1.6384441644;268477.06;0;0;"2022-09-07T23:59:59.999Z"
"2022-09-06T00:00:00.000Z";"2022-09-06T23:59:59.999Z";"2022-09-06T07:53:00.000Z";"2022-09-06T22:50:00.000Z";"2781";1.6414242662;1.7017421097;1.6173700662;1.6261488344;235216.41;0;0;"2022-09-06T23:59:59.999Z"
"2022-09-05T00:00:00.000Z";"2022-09-05T23:59:59.999Z";"2022-09-05T21:00:00.000Z";"2022-09-05T10:16:00.000Z";"2781";1.6551720224;1.7041511955;1.6261193366;1.6414422309;233519.88;0;0;"2022-09-05T23:59:59.999Z"
"2022-09-04T00:00:00.000Z";"2022-09-04T23:59:59.999Z";"2022-09-04T06:35:00.000Z";"2022-09-04T20:14:00.000Z";"2781";1.6485183029;1.6993841305;1.6270170053;1.655170183;241256.7;0;0;"2022-09-04T23:59:59.999Z"
"2022-09-03T00:00:00.000Z";"2022-09-03T23:59:59.999Z";"2022-09-03T04:02:00.000Z";"2022-09-03T00:24:00.000Z";"2781";1.6625106488;1.6795371822;1.6317659907;1.6485240522;218859.74;0;0;"2022-09-03T23:59:59.999Z"
"2022-09-02T00:00:00.000Z";"2022-09-02T23:59:59.999Z";"2022-09-02T20:26:00.000Z";"2022-09-02T01:58:00.000Z";"2781";1.6651973168;1.7227477396;1.6398410843;1.6624644686;229888.92;0;0;"2022-09-02T23:59:59.999Z"
"2022-09-01T00:00:00.000Z";"2022-09-01T23:59:59.999Z";"2022-09-01T22:51:00.000Z";"2022-09-01T22:12:00.000Z";"2781";1.6563937959;1.7051812142;1.6390450208;1.6652202813;220284.17;0;0;"2022-09-01T23:59:59.999Z"
"2022-08-31T00:00:00.000Z";"2022-08-31T23:59:59.999Z";"2022-08-31T17:36:00.000Z";"2022-08-31T05:49:00.000Z";"2781";1.5586650612;1.6676059235;1.5272140373;1.6563618356;230717.44;0;0;"2022-08-31T23:59:59.999Z"
"2022-08-30T00:00:00.000Z";"2022-08-30T23:59:59.999Z";"2022-08-30T14:52:00.000Z";"2022-08-30T23:19:00.000Z";"2781";1.5535715922;1.6035811255;1.5249982442;1.5586692866;205766.86;0;0;"2022-08-30T23:59:59.999Z"
"2022-08-29T00:00:00.000Z";"2022-08-29T23:59:59.999Z";"2022-08-29T11:23:00.000Z";"2022-08-29T23:50:00.000Z";"2781";1.5712925396;1.6088435025;1.5298087436;1.5535611637;240906.65;0;0;"2022-08-29T23:59:59.999Z"
"2022-08-28T00:00:00.000Z";"2022-08-28T23:59:59.999Z";"2022-08-28T23:45:00.000Z";"2022-08-28T23:18:00.000Z";"2781";1.5679654013;1.6057686347;1.5332406078;1.5712701355;211771.74;0;0;"2022-08-28T23:59:59.999Z"
"2022-08-27T00:00:00.000Z";"2022-08-27T23:59:59.999Z";"2022-08-27T04:13:00.000Z";"2022-08-27T19:25:00.000Z";"2781";1.5598019393;1.6152556599;1.5367484116;1.5680169662;199681.96;0;0;"2022-08-27T23:59:59.999Z"
"2022-08-26T00:00:00.000Z";"2022-08-26T23:59:59.999Z";"2022-08-26T21:20:00.000Z";"2022-08-26T16:41:00.000Z";"2781";1.5641719741;1.5921554091;1.5220846767;1.5597839499;213555.01;0;0;"2022-08-26T23:59:59.999Z"
"2022-08-25T00:00:00.000Z";"2022-08-25T23:59:59.999Z";"2022-08-25T08:50:00.000Z";"2022-08-25T11:35:00.000Z";"2781";1.5689115629;1.5883086653;1.5407259966;1.564163773;189127.28;0;0;"2022-08-25T23:59:59.999Z"
"2022-08-24T00:00:00.000Z";"2022-08-24T23:59:59.999Z";"2022-08-24T00:17:00.000Z";"2022-08-24T19:02:00.000Z";"2781";1.5901295064;1.5951016992;1.5569049674;1.5688839011;210347.76;0;0;"2022-08-24T23:59:59.999Z"
"2022-08-23T00:00:00.000Z";"2022-08-23T23:59:59.999Z";"2022-08-23T08:01:00.000Z";"2022-08-23T10:43:00.000Z";"2781";1.8755011798;1.9168651564;1.5764455041;1.590114581;238207.53;0;0;"2022-08-23T23:59:59.999Z"
"2022-08-22T00:00:00.000Z";"2022-08-22T23:59:59.999Z";"2022-08-22T01:32:00.000Z";"2022-08-22T22:38:00.000Z";"2781";1.8618677583;1.9176170702;1.8488711458;1.8755096335;257696.74;0;0;"2022-08-22T23:59:59.999Z"
"2022-08-21T00:00:00.000Z";"2022-08-21T23:59:59.999Z";"2022-08-21T21:32:00.000Z";"2022-08-21T03:30:00.000Z";"2781";1.8940744982;1.9338254289;1.8560617378;1.861863404;251083.69;0;0;"2022-08-21T23:59:59.999Z"
"2022-08-20T00:00:00.000Z";"2022-08-20T23:59:59.999Z";"2022-08-20T13:08:00.000Z";"2022-08-20T21:13:00.000Z";"2781";1.9147362612;1.9529728986;1.8660976107;1.8940744307;259305.33;0;0;"2022-08-20T23:59:59.999Z"
"2022-08-19T00:00:00.000Z";"2022-08-19T23:59:59.999Z";"2022-08-19T05:00:00.000Z";"2022-08-19T22:40:00.000Z";"2781";1.9000219451;1.9679002904;1.8706734344;1.9147724043;263480.34;0;0;"2022-08-19T23:59:59.999Z"
"2022-08-18T00:00:00.000Z";"2022-08-18T23:59:59.999Z";"2022-08-18T20:36:00.000Z";"2022-08-18T17:16:00.000Z";"2781";1.9058641562;1.9743448041;1.8777695978;1.9000363926;284647.25;0;0;"2022-08-18T23:59:59.999Z"
"2022-08-17T00:00:00.000Z";"2022-08-17T23:59:59.999Z";"2022-08-17T22:46:00.000Z";"2022-08-17T08:04:00.000Z";"2781";1.9172613264;1.9703229878;1.8764142851;1.905864531;262224.84;0;0;"2022-08-17T23:59:59.999Z"
"2022-08-16T00:00:00.000Z";"2022-08-16T23:59:59.999Z";"2022-08-16T01:32:00.000Z";"2022-08-16T21:11:00.000Z";"2781";1.9004238429;1.9342103146;1.8827400295;1.917244073;276323.23;0;0;"2022-08-16T23:59:59.999Z"
"2022-08-15T00:00:00.000Z";"2022-08-15T23:59:59.999Z";"2022-08-15T01:51:00.000Z";"2022-08-15T21:55:00.000Z";"2781";1.9174781535;1.935506157;1.8842244861;1.9004385769;248239.22;0;0;"2022-08-15T23:59:59.999Z"
"2022-08-14T00:00:00.000Z";"2022-08-14T23:59:59.999Z";"2022-08-14T06:58:00.000Z";"2022-08-14T22:35:00.000Z";"2781";1.972990628;1.9974226343;1.9079363311;1.9174703328;263189.79;0;0;"2022-08-14T23:59:59.999Z"
"2022-08-13T00:00:00.000Z";"2022-08-13T23:59:59.999Z";"2022-08-13T03:12:00.000Z";"2022-08-13T15:47:00.000Z";"2781";1.993353842;2.0211217433;1.9492973666;1.9730396311;294530.58;0;0;"2022-08-13T23:59:59.999Z"
"2022-08-12T00:00:00.000Z";"2022-08-12T23:59:59.999Z";"2022-08-12T20:44:00.000Z";"2022-08-12T19:02:00.000Z";"2781";2.0128048194;2.0194289702;1.9579784354;1.9933463169;262987.19;0;0;"2022-08-12T23:59:59.999Z"
"2022-08-11T00:00:00.000Z";"2022-08-11T23:59:59.999Z";"2022-08-11T09:27:00.000Z";"2022-08-11T02:10:00.000Z";"2781";1.9924879624;2.0390351119;1.964274548;2.0128430859;271932.23;0;0;"2022-08-11T23:59:59.999Z"
"2022-08-10T00:00:00.000Z";"2022-08-10T23:59:59.999Z";"2022-08-10T07:44:00.000Z";"2022-08-10T08:20:00.000Z";"2781";1.9669426979;2.010009941;1.9470819194;1.9924982698;244848.64;0;0;"2022-08-10T23:59:59.999Z"
"2022-08-09T00:00:00.000Z";"2022-08-09T23:59:59.999Z";"2022-08-09T09:14:00.000Z";"2022-08-09T09:06:00.000Z";"2781";1.985024721;2.0113175279;1.9379132117;1.9669511355;275471.84;0;0;"2022-08-09T23:59:59.999Z"
"2022-08-08T00:00:00.000Z";"2022-08-08T23:59:59.999Z";"2022-08-08T07:43:00.000Z";"2022-08-08T23:24:00.000Z";"2781";1.9813654525;2.0533320288;1.9445212229;1.9850405315;303348.03;0;0;"2022-08-08T23:59:59.999Z"
"2022-08-07T00:00:00.000Z";"2022-08-07T23:59:59.999Z";"2022-08-07T04:21:00.000Z";"2022-08-07T17:41:00.000Z";"2781";2.000846882;2.0277296147;1.9492303165;1.9813361615;283159.8;0;0;"2022-08-07T23:59:59.999Z"
"2022-08-06T00:00:00.000Z";"2022-08-06T23:59:59.999Z";"2022-08-06T13:37:00.000Z";"2022-08-06T08:23:00.000Z";"2781";2.0134374392;2.0387915624;1.9510308813;2.0008410345;295079.27;0;0;"2022-08-06T23:59:59.999Z"
"2022-08-05T00:00:00.000Z";"2022-08-05T23:59:59.999Z";"2022-08-05T02:35:00.000Z";"2022-08-05T21:37:00.000Z";"2781";2.0281676485;2.0577441765;1.9710919384;2.0134442047;280952.26;0;0;"2022-08-05T23:59:59.999Z"
"2022-08-04T00:00:00.000Z";"2022-08-04T23:59:59.999Z";"2022-08-04T13:38:00.000Z";"2022-08-04T23:06:00.000Z";"2781";2.0828502815;2.1119107591;2.0068977835;2.0282094243;285590.18;0;0;"2022-08-04T23:59:59.999Z"
"2022-08-03T00:00:00.000Z";"2022-08-03T23:59:59.999Z";"2022-08-03T20:26:00.000Z";"2022-08-03T06:20:00.000Z";"2781";2.0454030864;2.095360073;2.0110359416;2.0828441884;298640.97;0;0;"2022-08-03T23:59:59.999Z"
"2022-08-02T00:00:00.000Z";"2022-08-02T23:59:59.999Z";"2022-08-02T22:02:00.000Z";"2022-08-02T15:42:00.000Z";"2781";1.9902670227;2.0714478992;1.982755304;2.0454258106;268967.54;0;0;"2022-08-02T23:59:59.999Z"
"2022-08-01T00:00:00.000Z";"2022-08-01T23:59:59.999Z";"2022-08-01T22:06:00.000Z";"2022-08-01T16:07:00.000Z";"2781";1.9709453821;2.039038977;1.9568861737;1.9902551936;264882.72;0;0;"2022-08-01T23:59:59.999Z"
"2022-07-31T00:00:00.000Z";"2022-07-31T23:59:59.999Z";"2022-07-31T23:45:00.000Z";"2022-07-31T18:01:00.000Z";"2781";1.9870857626;1.9956640709;1.9540328182;1.9709562436;262633.65;0;0;"2022-07-31T23:59:59.999Z"
"2022-07-30T00:00:00.000Z";"2022-07-30T23:59:59.999Z";"2022-07-30T02:56:00.000Z";"2022-07-30T10:42:00.000Z";"2781";1.9849043589;1.9956379183;1.9533609356;1.9871035869;266557.09;0;0;"2022-07-30T23:59:59.999Z"
"2022-07-29T00:00:00.000Z";"2022-07-29T23:59:59.999Z";"2022-07-29T20:21:00.000Z";"2022-07-29T22:39:00.000Z";"2781";2.0102227684;2.0104188635;1.9684691392;1.9849071462;265100.06;0;0;"2022-07-29T23:59:59.999Z"
"2022-07-28T00:00:00.000Z";"2022-07-28T23:59:59.999Z";"2022-07-28T09:24:00.000Z";"2022-07-28T00:02:00.000Z";"2781";1.9555925473;2.0136143517;1.9425528978;2.0102117027;252552.9;0;0;"2022-07-28T23:59:59.999Z"
"2022-07-27T00:00:00.000Z";"2022-07-27T23:59:59.999Z";"2022-07-27T20:12:00.000Z";"2022-07-27T04:21:00.000Z";"2781";1.9493038358;1.9794517897;1.9009823965;1.9555654318;277826.86;0;0;"2022-07-27T23:59:59.999Z"
"2022-07-26T00:00:00.000Z";"2022-07-26T23:59:59.999Z";"2022-07-26T04:22:00.000Z";"2022-07-26T00:36:00.000Z";"2781";1.9150179009;1.9658789115;1.8873483335;1.9493023076;279555.11;0;0;"2022-07-26T23:59:59.999Z"
"2022-07-25T00:00:00.000Z";"2022-07-25T23:59:59.999Z";"2022-07-25T23:10:00.000Z";"2022-07-25T11:36:00.000Z";"2781";1.9120417308;1.9523080092;1.858930755;1.9150092411;271007.93;0;0;"2022-07-25T23:59:59.999Z"
"2022-07-24T00:00:00.000Z";"2022-07-24T23:59:59.999Z";"2022-07-24T22:56:00.000Z";"2022-07-24T00:09:00.000Z";"2781";1.8746028075;1.937284852;1.8603014874;1.9120372236;274644.88;0;0;"2022-07-24T23:59:59.999Z"
"2022-07-23T00:00:00.000Z";"2022-07-23T23:59:59.999Z";"2022-07-23T11:22:00.000Z";"2022-07-23T05:27:00.000Z";"2781";1.8346855768;1.909418043;1.8197263544;1.8746068409;253246.11;0;0;"2022-07-23T23:59:59.999Z"
"2022-07-22T00:00:00.000Z";"2022-07-22T23:59:59.999Z";"2022-07-22T20:05:00.000Z";"2022-07-22T06:24:00.000Z";"2781";1.7973077709;1.8896328505;1.7698691791;1.8346857605;241312.84;0;0;"2022-07-22T23:59:59.999Z"
"2022-07-21T00:00:00.000Z";"2022-07-21T23:59:59.999Z";"2022-07-21T01:24:00.000Z";"2022-07-21T01:02:00.000Z";"2781";1.7826045554;1.8001883999;1.7574814138;1.79730406;259945.02;0;0;"2022-07-21T23:59:59.999Z"
"2022-07-20T00:00:00.000Z";"2022-07-20T23:59:59.999Z";"2022-07-20T00:59:00.000Z";"2022-07-20T23:47:00.000Z";"2781";1.8810897698;1.92242546;1.775404831;1.7826312023;33978.7;0;0;"2022-07-20T23:59:59.999Z"
"2022-07-19T00:00:00.000Z";"2022-07-19T23:59:59.999Z";"2022-07-19T21:00:00.000Z";"2022-07-19T02:43:00.000Z";"2781";1.8681383276;1.9241752454;1.8308598462;1.8810829247;35077.68;0;0;"2022-07-19T23:59:59.999Z"
"2022-07-18T00:00:00.000Z";"2022-07-18T23:59:59.999Z";"2022-07-18T19:22:00.000Z";"2022-07-18T22:08:00.000Z";"2781";1.9104268038;1.923615989;1.8576755055;1.8681238454;32147.52;0;0;"2022-07-18T23:59:59.999Z"
"2022-07-17T00:00:00.000Z";"2022-07-17T23:59:59.999Z";"2022-07-17T02:01:00.000Z";"2022-07-17T20:01:00.000Z";"2781";1.8852028956;1.9275065494;1.8620421521;1.9104412477;33472.25;0;0;"2022-07-17T23:59:59.999Z"
"2022-07-16T00:00:00.000Z";"2022-07-16T23:59:59.999Z";"2022-07-16T07:00:00.000Z";"2022-07-16T23:51:00.000Z";"2781";1.8800583173;1.9365156243;1.8623350633;1.8851943477;34175.77;0;0;"2022-07-16T23:59:59.999Z"
"2022-07-15T00:00:00.000Z";"2022-07-15T23:59:59.999Z";"2022-07-15T04:38:00.000Z";"2022-07-15T21:44:00.000Z";"2781";1.9218471018;1.949737921;1.8676816075;1.8800667979;33748.2;0;0;"2022-07-15T23:59:59.999Z"
"2022-07-14T00:00:00.000Z";"2022-07-14T23:59:59.999Z";"2022-07-14T13:57:00.000Z";"2022-07-14T22:03:00.000Z";"2781";1.9358761039;1.9618979721;1.881813851;1.9218904145;34822.77;0;0;"2022-07-14T23:59:59.999Z"
"2022-07-13T00:00:00.000Z";"2022-07-13T23:59:59.999Z";"2022-07-13T00:30:00.000Z";"2022-07-13T17:25:00.000Z";"2781";1.935316365;1.9679572837;1.889758689;1.9358566799;35429.54;0;0;"2022-07-13T23:59:59.999Z"
"2022-07-12T00:00:00.000Z";"2022-07-12T23:59:59.999Z";"2022-07-12T04:59:00.000Z";"2022-07-12T03:23:00.000Z";"2781";1.9270758203;2.0007196523;1.8684051485;1.9353174871;32492.7;0;0;"2022-07-12T23:59:59.999Z"
"2022-07-11T00:00:00.000Z";"2022-07-11T23:59:59.999Z";"2022-07-11T03:37:00.000Z";"2022-07-11T22:30:00.000Z";"2781";1.9167376548;1.933150646;1.9161960749;1.9270762215;33914.19;0;0;"2022-07-11T23:59:59.999Z"
"2022-07-10T00:00:00.000Z";"2022-07-10T23:59:59.999Z";"2022-07-10T20:27:00.000Z";"2022-07-10T15:35:00.000Z";"2781";1.930578924;1.933297334;1.9167184789;1.9167532589;34209.05;0;0;"2022-07-10T23:59:59.999Z"
"2022-07-09T00:00:00.000Z";"2022-07-09T23:59:59.999Z";"2022-07-09T22:47:00.000Z";"2022-07-09T02:37:00.000Z";"2781";1.927435927;1.9331707217;1.9165006977;1.9305786054;34524.03;0;0;"2022-07-09T23:59:59.999Z"
"2022-07-08T00:00:00.000Z";"2022-07-08T23:59:59.999Z";"2022-07-08T04:26:00.000Z";"2022-07-08T16:46:00.000Z";"2781";1.9216771323;1.9331776251;1.9164134274;1.9274279494;34211.82;0;0;"2022-07-08T23:59:59.999Z"
"2022-07-07T00:00:00.000Z";"2022-07-07T23:59:59.999Z";"2022-07-07T20:23:00.000Z";"2022-07-07T00:24:00.000Z";"2781";1.9204194261;1.9331041581;1.9159266022;1.9217452277;32498.69;0;0;"2022-07-07T23:59:59.999Z"
"2022-07-06T00:00:00.000Z";"2022-07-06T23:59:59.999Z";"2022-07-06T11:57:00.000Z";"2022-07-06T04:50:00.000Z";"2781";1.9222293558;1.9324696587;1.9158572757;1.9204360551;3377425.99;0;0;"2022-07-06T23:59:59.999Z"
"2022-07-05T00:00:00.000Z";"2022-07-05T23:59:59.999Z";"2022-07-05T02:25:00.000Z";"2022-07-05T00:53:00.000Z";"2781";1.9223132568;1.9432120402;1.904940983;1.9222224681;11535456.29;0;0;"2022-07-05T23:59:59.999Z"
"2022-07-04T00:00:00.000Z";"2022-07-04T23:59:59.999Z";"2022-07-04T23:50:00.000Z";"2022-07-04T12:11:00.000Z";"2781";1.9021014021;1.9234868372;1.8682464108;1.922294867;7163107.17;0;0;"2022-07-04T23:59:59.999Z"
"2022-07-03T00:00:00.000Z";"2022-07-03T23:59:59.999Z";"2022-07-03T10:18:00.000Z";"2022-07-03T13:53:00.000Z";"2781";1.9196174599;1.9295951249;1.8992938501;1.902114953;144717.7;0;0;"2022-07-03T23:59:59.999Z"
"2022-07-02T00:00:00.000Z";"2022-07-02T23:59:59.999Z";"2022-07-02T03:35:00.000Z";"2022-07-02T23:44:00.000Z";"2781";1.9587544614;1.9750813903;1.9161941064;1.9196310897;132402.73;0;0;"2022-07-02T23:59:59.999Z"
"2022-07-01T00:00:00.000Z";"2022-07-01T23:59:59.999Z";"2022-07-01T16:57:00.000Z";"2022-07-01T23:58:00.000Z";"2781";1.9686038032;1.9872078417;1.9587610961;1.9587785463;134691.54;0;0;"2022-07-01T23:59:59.999Z"
"2022-06-30T00:00:00.000Z";"2022-06-30T23:59:59.999Z";"2022-06-30T06:47:00.000Z";"2022-06-30T21:06:00.000Z";"2781";1.9719944368;1.995196308;1.9620909569;1.9685227737;129160.57;0;0;"2022-06-30T23:59:59.999Z"
"2022-06-29T00:00:00.000Z";"2022-06-29T23:59:59.999Z";"2022-06-29T10:02:00.000Z";"2022-06-29T23:56:00.000Z";"2781";2.0115323985;2.0131030717;1.9700163429;1.9719877778;133612.25;0;0;"2022-06-29T23:59:59.999Z"
"2022-06-28T00:00:00.000Z";"2022-06-28T23:59:59.999Z";"2022-06-28T18:45:00.000Z";"2022-06-28T23:05:00.000Z";"2781";2.0111556534;2.0218348344;1.9955506295;2.0115071525;132306.66;0;0;"2022-06-28T23:59:59.999Z"
"2022-06-27T00:00:00.000Z";"2022-06-27T23:59:59.999Z";"2022-06-27T19:16:00.000Z";"2022-06-27T14:32:00.000Z";"2781";2.0053029144;2.0135545948;1.9960877888;2.0111327588;128540.57;0;0;"2022-06-27T23:59:59.999Z"
"2022-06-26T00:00:00.000Z";"2022-06-26T23:59:59.999Z";"2022-06-26T22:40:00.000Z";"2022-06-26T13:31:00.000Z";"2781";1.992875232;2.0125700692;1.9866836368;2.005181377;142878.7;0;0;"2022-06-26T23:59:59.999Z"
"2022-06-25T00:00:00.000Z";"2022-06-25T23:59:59.999Z";"2022-06-25T13:36:00.000Z";"2022-06-25T14:37:00.000Z";"2781";1.9910278151;2.0258110177;1.9803789166;1.9928695182;141330.45;0;0;"2022-06-25T23:59:59.999Z"
"2022-06-24T00:00:00.000Z";"2022-06-24T23:59:59.999Z";"2022-06-24T00:43:00.000Z";"2022-06-24T06:38:00.000Z";"2781";2.0132363424;2.030072809;1.9841191569;1.9910054279;144352.32;0;0;"2022-06-24T23:59:59.999Z"
"2022-06-23T00:00:00.000Z";"2022-06-23T23:59:59.999Z";"2022-06-23T13:16:00.000Z";"2022-06-23T04:07:00.000Z";"2781";1.9822766736;2.0197455319;1.9758519553;2.0132786213;127720.47;0;0;"2022-06-23T23:59:59.999Z"
"2022-06-22T00:00:00.000Z";"2022-06-22T23:59:59.999Z";"2022-06-22T21:06:00.000Z";"2022-06-22T02:15:00.000Z";"2781";1.9969075587;2.0157858235;1.9775390356;1.9822749586;142798.21;0;0;"2022-06-22T23:59:59.999Z"
"2022-06-21T00:00:00.000Z";"2022-06-21T23:59:59.999Z";"2022-06-21T16:15:00.000Z";"2022-06-21T11:46:00.000Z";"2781";2.0109477821;2.0273386046;1.9799224803;1.9969088079;139985.39;0;0;"2022-06-21T23:59:59.999Z"
"2022-06-20T00:00:00.000Z";"2022-06-20T23:59:59.999Z";"2022-06-20T19:25:00.000Z";"2022-06-20T03:45:00.000Z";"2781";1.9903426597;2.0190537427;1.9785418896;2.0109209086;140852.8;0;0;"2022-06-20T23:59:59.999Z"
"2022-06-19T00:00:00.000Z";"2022-06-19T23:59:59.999Z";"2022-06-19T05:08:00.000Z";"2022-06-19T11:11:00.000Z";"2781";2.0110238794;2.0240669179;1.9797426325;1.990386746;130822.23;0;0;"2022-06-19T23:59:59.999Z"
"2022-06-18T00:00:00.000Z";"2022-06-18T23:59:59.999Z";"2022-06-18T16:47:00.000Z";"2022-06-18T22:58:00.000Z";"2781";2.0106045531;2.0425710232;1.9868445496;2.0110447867;127927.39;0;0;"2022-06-18T23:59:59.999Z"
"2022-06-17T00:00:00.000Z";"2022-06-17T23:59:59.999Z";"2022-06-17T02:40:00.000Z";"2022-06-17T01:08:00.000Z";"2781";2.0110966045;2.0505970474;1.9992722766;2.0106405753;127349.79;0;0;"2022-06-17T23:59:59.999Z"
"2022-06-16T00:00:00.000Z";"2022-06-16T23:59:59.999Z";"2022-06-16T01:16:00.000Z";"2022-06-16T07:13:00.000Z";"2781";2.0373303644;2.0501855905;2.0070316774;2.0110566717;136964.31;0;0;"2022-06-16T23:59:59.999Z"
"2022-06-15T00:00:00.000Z";"2022-06-15T23:59:59.999Z";"2022-06-15T02:14:00.000Z";"2022-06-15T20:12:00.000Z";"2781";2.0471612214;2.0609657522;2.0066860532;2.0373719347;130055.29;0;0;"2022-06-15T23:59:59.999Z"
"2022-06-14T00:00:00.000Z";"2022-06-14T23:59:59.999Z";"2022-06-14T06:59:00.000Z";"2022-06-14T21:38:00.000Z";"2781";2.0618396035;2.1065182114;2.0244293932;2.0472031827;143539.82;0;0;"2022-06-14T23:59:59.999Z"
"2022-06-13T00:00:00.000Z";"2022-06-13T23:59:59.999Z";"2022-06-13T17:01:00.000Z";"2022-06-13T23:29:00.000Z";"2781";2.1499456824;2.1802527464;2.0479581336;2.0618240659;187526.01;0;0;"2022-06-13T23:59:59.999Z"
"2022-06-12T00:00:00.000Z";"2022-06-12T23:59:59.999Z";"2022-06-12T14:41:00.000Z";"2022-06-12T16:38:00.000Z";"2781";2.151147541;2.2020614658;2.1278085872;2.1499693046;145000.86;0;0;"2022-06-12T23:59:59.999Z"
"2022-06-11T00:00:00.000Z";"2022-06-11T23:59:59.999Z";"2022-06-11T02:02:00.000Z";"2022-06-11T19:29:00.000Z";"2781";2.2590109953;2.2781720331;2.1396656153;2.1511699582;134030.63;0;0;"2022-06-11T23:59:59.999Z"
"2022-06-10T00:00:00.000Z";"2022-06-10T23:59:59.999Z";"2022-06-10T23:22:00.000Z";"2022-06-10T02:25:00.000Z";"2781";2.1321369339;2.2814924607;2.1084330829;2.2590051778;158806.1;0;0;"2022-06-10T23:59:59.999Z"
"2022-06-09T00:00:00.000Z";"2022-06-09T23:59:59.999Z";"2022-06-09T23:51:00.000Z";"2022-06-09T01:43:00.000Z";"2781";2.0370585335;2.1656642622;2.0354212499;2.1320561152;140320.63;0;0;"2022-06-09T23:59:59.999Z"
"2022-06-08T00:00:00.000Z";"2022-06-08T23:59:59.999Z";"2022-06-08T10:17:00.000Z";"2022-06-08T03:10:00.000Z";"2781";2.0355490358;2.0510758059;2.0278969657;2.0370355981;145690.82;0;0;"2022-06-08T23:59:59.999Z"
"2022-06-07T00:00:00.000Z";"2022-06-07T23:59:59.999Z";"2022-06-07T05:31:00.000Z";"2022-06-07T17:21:00.000Z";"2781";2.0340110517;2.0511242686;2.0277200596;2.0355455368;149275.13;0;0;"2022-06-07T23:59:59.999Z"
"2022-06-06T00:00:00.000Z";"2022-06-06T23:59:59.999Z";"2022-06-06T16:01:00.000Z";"2022-06-06T17:45:00.000Z";"2781";2.0367438854;2.0508575951;2.0269954733;2.0340383154;120989.81;0;0;"2022-06-06T23:59:59.999Z"
"2022-06-05T00:00:00.000Z";"2022-06-05T23:59:59.999Z";"2022-06-05T11:30:00.000Z";"2022-06-05T22:37:00.000Z";"2781";2.0311964448;2.0706879078;2.0267581041;2.0367660399;138235.93;0;0;"2022-06-05T23:59:59.999Z"
"2022-06-04T00:00:00.000Z";"2022-06-04T23:59:59.999Z";"2022-06-04T07:59:00.000Z";"2022-06-04T22:01:00.000Z";"2781";2.0520141414;2.0739657446;2.0290395613;2.031203258;141162.39;0;0;"2022-06-04T23:59:59.999Z"
"2022-06-03T00:00:00.000Z";"2022-06-03T23:59:59.999Z";"2022-06-03T00:00:00.000Z";"2022-06-03T21:57:00.000Z";"2781";2.0983786114;2.0983786114;2.042119233;2.0520044803;133153.4;0;0;"2022-06-03T23:59:59.999Z"
"2022-06-02T00:00:00.000Z";"2022-06-02T23:59:59.999Z";"2022-06-02T00:33:00.000Z";"2022-06-02T21:35:00.000Z";"2781";2.1109369158;2.1383991323;2.0601171029;2.0984249005;139843.45;0;0;"2022-06-02T23:59:59.999Z"
"2022-06-01T00:00:00.000Z";"2022-06-01T23:59:59.999Z";"2022-06-01T19:10:00.000Z";"2022-06-01T20:34:00.000Z";"2781";2.1185075893;2.1462676594;2.1033425168;2.1109957327;151086.38;0;0;"2022-06-01T23:59:59.999Z"
"2022-05-31T00:00:00.000Z";"2022-05-31T23:59:59.999Z";"2022-05-31T00:45:00.000Z";"2022-05-31T19:10:00.000Z";"2781";2.1445152034;2.1589874176;2.1080113372;2.1185223811;142830.26;0;0;"2022-05-31T23:59:59.999Z"
"2022-05-30T00:00:00.000Z";"2022-05-30T23:59:59.999Z";"2022-05-30T10:57:00.000Z";"2022-05-30T21:46:00.000Z";"2781";2.1611124618;2.1615224334;2.1136172129;2.1445105409;149519.78;0;0;"2022-05-30T23:59:59.999Z"
"2022-05-29T00:00:00.000Z";"2022-05-29T23:59:59.999Z";"2022-05-29T12:16:00.000Z";"2022-05-29T05:31:00.000Z";"2781";2.1469578696;2.1716003254;2.1203029874;2.161093148;154278.29;0;0;"2022-05-29T23:59:59.999Z"
"2022-05-28T00:00:00.000Z";"2022-05-28T23:59:59.999Z";"2022-05-28T02:49:00.000Z";"2022-05-28T03:37:00.000Z";"2781";2.1490532492;2.170743503;2.1192317252;2.14694558;159655.37;0;0;"2022-05-28T23:59:59.999Z"
"2022-05-27T00:00:00.000Z";"2022-05-27T23:59:59.999Z";"2022-05-27T08:38:00.000Z";"2022-05-27T20:39:00.000Z";"2781";2.1529325307;2.1886433619;2.1195056413;2.130665029;151859.37;0;0;"2022-05-27T23:59:59.999Z"
"2022-05-26T00:00:00.000Z";"2022-05-26T23:59:59.999Z";"2022-05-26T13:52:00.000Z";"2022-05-26T08:08:00.000Z";"2781";2.1678589042;2.1826863444;2.137829605;2.1529439128;145605.79;0;0;"2022-05-26T23:59:59.999Z"
"2022-05-25T00:00:00.000Z";"2022-05-25T23:59:59.999Z";"2022-05-25T10:07:00.000Z";"2022-05-25T16:07:00.000Z";"2781";2.4940662479;2.5080013422;2.1368742773;2.1678774681;141994.46;0;0;"2022-05-25T23:59:59.999Z"
"2022-05-24T00:00:00.000Z";"2022-05-24T23:59:59.999Z";"2022-05-24T08:05:00.000Z";"2022-05-24T14:20:00.000Z";"2781";2.4976901383;2.536548044;2.4898414674;2.4941005906;170910.61;0;0;"2022-05-24T23:59:59.999Z"
"2022-05-23T00:00:00.000Z";"2022-05-23T23:59:59.999Z";"2022-05-23T15:53:00.000Z";"2022-05-23T02:09:00.000Z";"2781";2.5274343887;2.5370604214;2.4808387967;2.4977896952;162246.85;0;0;"2022-05-23T23:59:59.999Z"
"2022-05-22T00:00:00.000Z";"2022-05-22T23:59:59.999Z";"2022-05-22T11:25:00.000Z";"2022-05-22T16:14:00.000Z";"2781";2.4924037639;2.5295696904;2.4800309336;2.5274375642;182124.55;0;0;"2022-05-22T23:59:59.999Z"
"2022-05-21T00:00:00.000Z";"2022-05-21T23:59:59.999Z";"2022-05-21T06:32:00.000Z";"2022-05-21T23:40:00.000Z";"2781";2.5328449986;2.5674445961;2.4801114672;2.4924189788;172291.02;0;0;"2022-05-21T23:59:59.999Z"
"2022-05-20T00:00:00.000Z";"2022-05-20T23:59:59.999Z";"2022-05-20T03:47:00.000Z";"2022-05-20T22:07:00.000Z";"2781";2.5902421106;2.631131401;2.5152870902;2.5326531068;179667.24;0;0;"2022-05-20T23:59:59.999Z"
"2022-05-19T00:00:00.000Z";"2022-05-19T23:59:59.999Z";"2022-05-19T04:43:00.000Z";"2022-05-19T23:56:00.000Z";"2781";2.6194265669;2.6617675423;2.5872494206;2.590283015;165950.29;0;0;"2022-05-19T23:59:59.999Z"
"2022-05-18T00:00:00.000Z";"2022-05-18T23:59:59.999Z";"2022-05-18T17:48:00.000Z";"2022-05-18T20:51:00.000Z";"2781";2.6238964982;2.6673042111;2.6162388639;2.6194686897;208787.4;0;0;"2022-05-18T23:59:59.999Z"
"2022-05-17T00:00:00.000Z";"2022-05-17T23:59:59.999Z";"2022-05-17T08:28:00.000Z";"2022-05-17T18:39:00.000Z";"2781";2.6307764613;2.6754817448;2.6187565727;2.6239144337;204476.85;0;0;"2022-05-17T23:59:59.999Z"
"2022-05-16T00:00:00.000Z";"2022-05-16T23:59:59.999Z";"2022-05-16T10:55:00.000Z";"2022-05-16T00:52:00.000Z";"2781";2.5690949171;2.6685073818;2.5575757548;2.6307930761;216387.15;0;0;"2022-05-16T23:59:59.999Z"
"2022-05-15T00:00:00.000Z";"2022-05-15T23:59:59.999Z";"2022-05-15T10:30:00.000Z";"2022-05-15T09:16:00.000Z";"2781";2.548746863;2.5884928946;2.5255647566;2.5690553456;206250.9;0;0;"2022-05-15T23:59:59.999Z"
"2022-05-14T00:00:00.000Z";"2022-05-14T23:59:59.999Z";"2022-05-14T00:15:00.000Z";"2022-05-14T14:29:00.000Z";"2781";2.5880828903;2.592655414;2.5476330869;2.5487463693;197490;0;0;"2022-05-14T23:59:59.999Z"
"2022-05-13T00:00:00.000Z";"2022-05-13T23:59:59.999Z";"2022-05-13T16:57:00.000Z";"2022-05-13T03:43:00.000Z";"2781";2.543942128;2.626082642;2.5231291381;2.5880739359;184670.79;0;0;"2022-05-13T23:59:59.999Z"
"2022-05-12T00:00:00.000Z";"2022-05-12T23:59:59.999Z";"2022-05-12T00:53:00.000Z";"2022-05-12T07:22:00.000Z";"2781";2.6795229134;2.6925325817;2.4624216939;2.5441532934;184264.75;0;0;"2022-05-12T23:59:59.999Z"
"2022-05-11T00:00:00.000Z";"2022-05-11T23:59:59.999Z";"2022-05-11T05:56:00.000Z";"2022-05-11T23:38:00.000Z";"2781";2.7914449462;2.795881221;2.6776752085;2.6795035361;188504.24;0;0;"2022-05-11T23:59:59.999Z"
"2022-05-10T00:00:00.000Z";"2022-05-10T23:59:59.999Z";"2022-05-10T00:00:00.000Z";"2022-05-10T18:47:00.000Z";"2781";2.8729120665;2.8729120665;2.7811867054;2.7914474781;210975.5;0;0;"2022-05-10T23:59:59.999Z"
"2022-05-09T00:00:00.000Z";"2022-05-09T23:59:59.999Z";"2022-05-09T00:44:00.000Z";"2022-05-09T22:18:00.000Z";"2781";2.9187012343;2.9360851785;2.8549553909;2.872807847;218612.62;0;0;"2022-05-09T23:59:59.999Z"
"2022-05-08T00:00:00.000Z";"2022-05-08T23:59:59.999Z";"2022-05-08T01:18:00.000Z";"2022-05-08T16:35:00.000Z";"2781";2.9614197821;2.9668158482;2.9001119925;2.9186538226;223940.56;0;0;"2022-05-08T23:59:59.999Z"
"2022-05-07T00:00:00.000Z";"2022-05-07T23:59:59.999Z";"2022-05-07T12:24:00.000Z";"2022-05-07T22:03:00.000Z";"2781";2.9553449351;2.9830361606;2.9409102094;2.9614258894;209247.06;0;0;"2022-05-07T23:59:59.999Z"
"2022-05-06T00:00:00.000Z";"2022-05-06T23:59:59.999Z";"2022-05-06T05:35:00.000Z";"2022-05-06T20:53:00.000Z";"2781";2.9802310593;2.9957127464;2.9452372969;2.9553774785;216312.55;0;0;"2022-05-06T23:59:59.999Z"
"2022-05-05T00:00:00.000Z";"2022-05-05T23:59:59.999Z";"2022-05-05T13:46:00.000Z";"2022-05-05T23:36:00.000Z";"2781";3.0503384315;3.0723967184;2.9637375992;2.9802252351;224407.85;0;0;"2022-05-05T23:59:59.999Z"
"2022-05-04T00:00:00.000Z";"2022-05-04T23:59:59.999Z";"2022-05-04T22:49:00.000Z";"2022-05-04T03:25:00.000Z";"2781";3.0118038806;3.0681498975;2.9858991252;3.0503357038;202273.15;0;0;"2022-05-04T23:59:59.999Z"
"2022-05-03T00:00:00.000Z";"2022-05-03T23:59:59.999Z";"2022-05-03T23:45:00.000Z";"2022-05-03T01:01:00.000Z";"2781";2.981375461;3.0160751727;2.9333122992;3.0118768926;220223.71;0;0;"2022-05-03T23:59:59.999Z"
"2022-05-02T00:00:00.000Z";"2022-05-02T23:59:59.999Z";"2022-05-02T23:59:00.000Z";"2022-05-02T00:37:00.000Z";"2781";2.914201934;2.9813865808;2.9022192543;2.9813865808;226777.41;0;0;"2022-05-02T23:59:59.999Z"
"2022-05-01T00:00:00.000Z";"2022-05-01T23:59:59.999Z";"2022-05-01T18:11:00.000Z";"2022-05-01T19:39:00.000Z";"2781";2.9190038811;2.9489412616;2.8906998836;2.9142392374;218529.02;0;0;"2022-05-01T23:59:59.999Z"
"2022-04-30T00:00:00.000Z";"2022-04-30T23:59:59.999Z";"2022-04-30T00:49:00.000Z";"2022-04-30T19:55:00.000Z";"2781";3.1328616417;3.1423607244;2.8937880412;2.9190115817;226590.2;0;0;"2022-04-30T23:59:59.999Z"
"2022-04-29T00:00:00.000Z";"2022-04-29T23:59:59.999Z";"2022-04-29T06:00:00.000Z";"2022-04-29T23:38:00.000Z";"2781";3.2513095448;3.2831326212;3.1110209965;3.132922969;257698.09;0;0;"2022-04-29T23:59:59.999Z"
"2022-04-28T00:00:00.000Z";"2022-04-28T23:59:59.999Z";"2022-04-28T01:52:00.000Z";"2022-04-28T17:09:00.000Z";"2781";3.2546835383;3.2657436148;3.1357244257;3.251280744;240455.95;0;0;"2022-04-28T23:59:59.999Z"
"2022-04-27T00:00:00.000Z";"2022-04-27T23:59:59.999Z";"2022-04-27T00:07:00.000Z";"2022-04-27T21:22:00.000Z";"2781";3.3001147936;3.3120674717;3.2363347888;3.2546766811;218991.38;0;0;"2022-04-27T23:59:59.999Z"
"2022-04-26T00:00:00.000Z";"2022-04-26T23:59:59.999Z";"2022-04-26T19:44:00.000Z";"2022-04-26T23:55:00.000Z";"2781";3.3673098693;3.3726546769;3.2944803317;3.3001601087;261324.33;0;0;"2022-04-26T23:59:59.999Z"
"2022-04-25T00:00:00.000Z";"2022-04-25T23:59:59.999Z";"2022-04-25T03:37:00.000Z";"2022-04-25T19:01:00.000Z";"2781";3.4348087008;3.4470625412;3.2980815757;3.3673593023;263864.15;0;0;"2022-04-25T23:59:59.999Z"
"2022-04-24T00:00:00.000Z";"2022-04-24T23:59:59.999Z";"2022-04-24T04:11:00.000Z";"2022-04-24T01:24:00.000Z";"2781";3.4357582732;3.4399034625;3.4206641084;3.4348007317;238725.98;0;0;"2022-04-24T23:59:59.999Z"
"2022-04-23T00:00:00.000Z";"2022-04-23T23:59:59.999Z";"2022-04-23T22:46:00.000Z";"2022-04-23T01:19:00.000Z";"2781";3.4338302747;3.4424163399;3.4204890825;3.4357926603;231463.57;0;0;"2022-04-23T23:59:59.999Z"
"2022-04-22T00:00:00.000Z";"2022-04-22T23:59:59.999Z";"2022-04-22T16:10:00.000Z";"2022-04-22T09:36:00.000Z";"2781";3.4211063628;3.4385679076;3.3704880999;3.433874494;251124.27;0;0;"2022-04-22T23:59:59.999Z"
"2022-04-21T00:00:00.000Z";"2022-04-21T23:59:59.999Z";"2022-04-21T04:50:00.000Z";"2022-04-21T23:48:00.000Z";"2781";3.4972195784;3.5387742238;3.401825455;3.421156264;265945.43;0;0;"2022-04-21T23:59:59.999Z"
"2022-04-20T00:00:00.000Z";"2022-04-20T23:59:59.999Z";"2022-04-20T00:54:00.000Z";"2022-04-20T13:03:00.000Z";"2781";3.5319082962;3.5474337077;3.4934522044;3.4972176941;262557.81;0;0;"2022-04-20T23:59:59.999Z"
"2022-04-19T00:00:00.000Z";"2022-04-19T23:59:59.999Z";"2022-04-19T16:42:00.000Z";"2022-04-19T17:39:00.000Z";"2781";3.5345454388;3.5499207474;3.504183445;3.5318809959;261047.78;0;0;"2022-04-19T23:59:59.999Z"
"2022-04-18T00:00:00.000Z";"2022-04-18T23:59:59.999Z";"2022-04-18T14:53:00.000Z";"2022-04-18T23:27:00.000Z";"2781";3.5267637188;3.5518243487;3.51128437;3.5345615837;252756.6;0;0;"2022-04-18T23:59:59.999Z"
"2022-04-17T00:00:00.000Z";"2022-04-17T23:59:59.999Z";"2022-04-17T01:14:00.000Z";"2022-04-17T23:55:00.000Z";"2781";3.535094077;3.5355062064;3.5244566433;3.526733366;253415.99;0;0;"2022-04-17T23:59:59.999Z"
"2022-04-16T00:00:00.000Z";"2022-04-16T23:59:59.999Z";"2022-04-16T16:13:00.000Z";"2022-04-16T07:46:00.000Z";"2781";3.5281095343;3.5356447502;3.520500667;3.5351381893;252428.91;0;0;"2022-04-16T23:59:59.999Z"
"2022-04-15T00:00:00.000Z";"2022-04-15T23:59:59.999Z";"2022-04-15T22:41:00.000Z";"2022-04-15T21:01:00.000Z";"2781";3.4399165695;3.5295144676;3.4265299329;3.5281442776;727869.44;0;0;"2022-04-15T23:59:59.999Z"
"2022-04-14T00:00:00.000Z";"2022-04-14T23:59:59.999Z";"2022-04-14T08:42:00.000Z";"2022-04-14T15:58:00.000Z";"2781";3.452020818;3.4703755034;3.2962104284;3.4399342603;1466093.69;0;0;"2022-04-14T23:59:59.999Z"
"2022-04-13T00:00:00.000Z";"2022-04-13T23:59:59.999Z";"2022-04-13T11:58:00.000Z";"2022-04-13T18:03:00.000Z";"2781";3.4726073021;3.4998434312;3.4299276694;3.4520496545;641093.08;0;0;"2022-04-13T23:59:59.999Z"
"2022-04-12T00:00:00.000Z";"2022-04-12T23:59:59.999Z";"2022-04-12T23:59:00.000Z";"2022-04-12T01:59:00.000Z";"2781";3.1803694539;3.4726762103;3.1415129262;3.4726762103;1773090.65;0;0;"2022-04-12T23:59:59.999Z"
"2022-04-11T00:00:00.000Z";"2022-04-11T23:59:59.999Z";"2022-04-11T07:59:00.000Z";"2022-04-11T23:58:00.000Z";"2781";3.198061435;3.3034820822;3.1803683366;3.1803688243;1055095.13;0;0;"2022-04-11T23:59:59.999Z"
"2022-04-10T00:00:00.000Z";"2022-04-10T23:59:59.999Z";"2022-04-10T11:55:00.000Z";"2022-04-10T08:28:00.000Z";"2781";3.1707626709;3.2223084132;3.1531878613;3.1979694679;676490.35;0;0;"2022-04-10T23:59:59.999Z"
"2022-04-09T00:00:00.000Z";"2022-04-09T23:59:59.999Z";"2022-04-09T21:34:00.000Z";"2022-04-09T09:42:00.000Z";"2781";3.16832025;3.1818804491;3.1595053556;3.1707961699;282732.93;0;0;"2022-04-09T23:59:59.999Z"
"2022-04-08T00:00:00.000Z";"2022-04-08T23:59:59.999Z";"2022-04-08T00:47:00.000Z";"2022-04-08T23:35:00.000Z";"2781";3.2244349659;3.2245861296;3.1624313877;3.1683152149;644342.23;0;0;"2022-04-08T23:59:59.999Z"
"2022-04-07T00:00:00.000Z";"2022-04-07T23:59:59.999Z";"2022-04-07T17:14:00.000Z";"2022-04-07T15:52:00.000Z";"2781";3.2026905113;3.2484948296;3.1595607379;3.2243103534;1477732.64;0;0;"2022-04-07T23:59:59.999Z"
"2022-04-06T00:00:00.000Z";"2022-04-06T23:59:59.999Z";"2022-04-06T00:04:00.000Z";"2022-04-06T17:55:00.000Z";"2781";3.2383093479;3.2393835467;3.15717965;3.202690495;632638.98;0;0;"2022-04-06T23:59:59.999Z"
"2022-04-05T00:00:00.000Z";"2022-04-05T23:59:59.999Z";"2022-04-05T18:51:00.000Z";"2022-04-05T13:56:00.000Z";"2781";3.2474199842;3.2649951346;3.2205873293;3.2383562787;727825.04;0;0;"2022-04-05T23:59:59.999Z"
"2022-04-04T00:00:00.000Z";"2022-04-04T23:59:59.999Z";"2022-04-04T01:03:00.000Z";"2022-04-04T23:42:00.000Z";"2781";3.3196121987;3.3380335622;3.2439372199;3.2474002167;1217738.66;0;0;"2022-04-04T23:59:59.999Z"
"2022-04-03T00:00:00.000Z";"2022-04-03T23:59:59.999Z";"2022-04-03T15:20:00.000Z";"2022-04-03T04:48:00.000Z";"2781";3.3121456681;3.3543952196;3.2925761392;3.3196186986;910588.72;0;0;"2022-04-03T23:59:59.999Z"
"2022-04-02T00:00:00.000Z";"2022-04-02T23:59:59.999Z";"2022-04-02T18:58:00.000Z";"2022-04-02T01:19:00.000Z";"2781";3.2530558924;3.3148574663;3.2114825906;3.3122027414;1441674.12;0;0;"2022-04-02T23:59:59.999Z"
"2022-04-01T00:00:00.000Z";"2022-04-01T23:59:59.999Z";"2022-04-01T23:51:00.000Z";"2022-04-01T07:43:00.000Z";"2781";3.1942756128;3.2537240897;3.1699922104;3.2530300496;903735.15;0;0;"2022-04-01T23:59:59.999Z"
"2022-03-31T00:00:00.000Z";"2022-03-31T23:59:59.999Z";"2022-03-31T00:34:00.000Z";"2022-03-31T17:04:00.000Z";"2781";3.2595137418;3.2621420105;3.1642155399;3.1941749914;1006708.22;0;0;"2022-03-31T23:59:59.999Z"
"2022-03-30T00:00:00.000Z";"2022-03-30T23:59:59.999Z";"2022-03-30T21:09:00.000Z";"2022-03-30T05:58:00.000Z";"2781";3.2343789884;3.2760807025;3.2077498164;3.2594864162;890002.92;0;0;"2022-03-30T23:59:59.999Z"
"2022-03-29T00:00:00.000Z";"2022-03-29T23:59:59.999Z";"2022-03-29T00:00:00.000Z";"2022-03-29T22:57:00.000Z";"2781";3.3616534546;3.3616534546;3.2156479289;3.2343788694;1245984.22;0;0;"2022-03-29T23:59:59.999Z"
"2022-03-28T00:00:00.000Z";"2022-03-28T23:59:59.999Z";"2022-03-28T23:59:00.000Z";"2022-03-28T16:01:00.000Z";"2781";3.3421121891;3.3617611469;3.2483932095;3.3617611469;1484965.19;0;0;"2022-03-28T23:59:59.999Z"
"2022-03-27T00:00:00.000Z";"2022-03-27T23:59:59.999Z";"2022-03-27T23:15:00.000Z";"2022-03-27T00:14:00.000Z";"2781";3.2311610036;3.3438685312;3.2217060092;3.3421047184;1210610.58;0;0;"2022-03-27T23:59:59.999Z"
"2022-03-26T00:00:00.000Z";"2022-03-26T23:59:59.999Z";"2022-03-26T23:43:00.000Z";"2022-03-26T02:59:00.000Z";"2781";3.1490706879;3.23259028;3.1447489166;3.2311606733;836015.71;0;0;"2022-03-26T23:59:59.999Z"
"2022-03-25T00:00:00.000Z";"2022-03-25T23:59:59.999Z";"2022-03-25T23:12:00.000Z";"2022-03-25T01:28:00.000Z";"2781";3.0471572477;3.1545267204;3.0425966395;3.1489943195;949160.14;0;0;"2022-03-25T23:59:59.999Z"
"2022-03-24T00:00:00.000Z";"2022-03-24T23:59:59.999Z";"2022-03-24T23:24:00.000Z";"2022-03-24T03:46:00.000Z";"2781";2.9470946635;3.0521649309;2.942320648;3.0471591969;963651.05;0;0;"2022-03-24T23:59:59.999Z"
"2022-03-23T00:00:00.000Z";"2022-03-23T23:59:59.999Z";"2022-03-23T20:31:00.000Z";"2022-03-23T01:47:00.000Z";"2781";2.9187655326;2.9734472888;2.9145401002;2.947047672;607561.61;0;0;"2022-03-23T23:59:59.999Z"
"2022-03-22T00:00:00.000Z";"2022-03-22T23:59:59.999Z";"2022-03-22T08:32:00.000Z";"2022-03-22T12:09:00.000Z";"2781";3.0463923029;3.1355383119;2.8559260434;2.9187914948;2123376.15;0;0;"2022-03-22T23:59:59.999Z"
"2022-03-21T00:00:00.000Z";"2022-03-21T23:59:59.999Z";"2022-03-21T22:48:00.000Z";"2022-03-21T00:07:00.000Z";"2781";2.9441428894;3.0495196756;2.9404129154;3.0464024259;861681.69;0;0;"2022-03-21T23:59:59.999Z"
"2022-03-20T00:00:00.000Z";"2022-03-20T23:59:59.999Z";"2022-03-20T23:30:00.000Z";"2022-03-20T07:04:00.000Z";"2781";2.9160630242;2.9508955837;2.8976029125;2.944157035;369384.28;0;0;"2022-03-20T23:59:59.999Z"
"2022-03-19T00:00:00.000Z";"2022-03-19T23:59:59.999Z";"2022-03-19T23:39:00.000Z";"2022-03-19T16:33:00.000Z";"2781";2.8962373032;2.925864819;2.8896501714;2.9160619647;337577.51;0;0;"2022-03-19T23:59:59.999Z"
"2022-03-18T00:00:00.000Z";"2022-03-18T23:59:59.999Z";"2022-03-18T00:02:00.000Z";"2022-03-18T15:28:00.000Z";"2781";3.1161005546;3.1168830091;2.8661036134;2.8963272397;1280956.11;0;0;"2022-03-18T23:59:59.999Z"
"2022-03-17T00:00:00.000Z";"2022-03-17T23:59:59.999Z";"2022-03-17T08:44:00.000Z";"2022-03-17T23:28:00.000Z";"2781";3.1581682615;3.1787100155;3.1070639078;3.1161491299;644137.08;0;0;"2022-03-17T23:59:59.999Z"
"2022-03-16T00:00:00.000Z";"2022-03-16T23:59:59.999Z";"2022-03-16T22:08:00.000Z";"2022-03-16T00:18:00.000Z";"2781";2.9226887971;3.1798840996;2.921391002;3.1581526814;1821494.31;0;0;"2022-03-16T23:59:59.999Z"
"2022-03-15T00:00:00.000Z";"2022-03-15T23:59:59.999Z";"2022-03-15T22:52:00.000Z";"2022-03-15T00:11:00.000Z";"2781";2.7937123701;2.9283940396;2.7807428121;2.9226966004;1258102.7;0;0;"2022-03-15T23:59:59.999Z"
"2022-03-14T00:00:00.000Z";"2022-03-14T23:59:59.999Z";"2022-03-14T01:03:00.000Z";"2022-03-14T09:53:00.000Z";"2781";2.8048998628;2.8082686426;2.7640145176;2.7937364558;488266.32;0;0;"2022-03-14T23:59:59.999Z"
"2022-03-13T00:00:00.000Z";"2022-03-13T23:59:59.999Z";"2022-03-13T23:15:00.000Z";"2022-03-13T00:00:00.000Z";"2781";2.7089262642;2.8091367657;2.7089262642;2.8049240559;849999.5;0;0;"2022-03-13T23:59:59.999Z"
"2022-03-12T00:00:00.000Z";"2022-03-12T23:59:59.999Z";"2022-03-12T12:22:00.000Z";"2022-03-12T05:50:00.000Z";"2781";2.7105101502;2.7328377635;2.7008722647;2.7088824688;278636;0;0;"2022-03-12T23:59:59.999Z"
"2022-03-11T00:00:00.000Z";"2022-03-11T23:59:59.999Z";"2022-03-11T18:31:00.000Z";"2022-03-11T22:00:00.000Z";"2781";2.7108612964;2.7338980802;2.6993272169;2.7104831209;264616.02;0;0;"2022-03-11T23:59:59.999Z"
"2022-03-10T00:00:00.000Z";"2022-03-10T23:59:59.999Z";"2022-03-10T02:19:00.000Z";"2022-03-10T11:31:00.000Z";"2781";2.7249457663;2.7304715288;2.7054103077;2.7108437138;320339.42;0;0;"2022-03-10T23:59:59.999Z"
"2022-03-09T00:00:00.000Z";"2022-03-09T23:59:59.999Z";"2022-03-09T06:04:00.000Z";"2022-03-09T23:49:00.000Z";"2781";2.8227587695;2.827007744;2.7242987321;2.7249655581;537305.89;0;0;"2022-03-09T23:59:59.999Z"
"2022-03-08T00:00:00.000Z";"2022-03-08T23:59:59.999Z";"2022-03-08T14:16:00.000Z";"2022-03-08T19:33:00.000Z";"2781";2.8709038119;2.9072780813;2.8019837422;2.8227397968;841872.15;0;0;"2022-03-08T23:59:59.999Z"
"2022-03-07T00:00:00.000Z";"2022-03-07T23:59:59.999Z";"2022-03-07T00:06:00.000Z";"2022-03-07T21:33:00.000Z";"2781";3.0243953031;3.0256915572;2.8626767419;2.8709624642;1254020.22;0;0;"2022-03-07T23:59:59.999Z"
"2022-03-06T00:00:00.000Z";"2022-03-06T23:59:59.999Z";"2022-03-06T03:28:00.000Z";"2022-03-06T20:01:00.000Z";"2781";3.0633463081;3.0820331221;3.012831159;3.0243577252;757971.53;0;0;"2022-03-06T23:59:59.999Z"
"2022-03-05T00:00:00.000Z";"2022-03-05T23:59:59.999Z";"2022-03-05T18:16:00.000Z";"2022-03-05T19:04:00.000Z";"2781";3.3328030847;3.3453561269;2.9696249449;3.0633278148;2491009.27;0;0;"2022-03-05T23:59:59.999Z"
"2022-03-04T00:00:00.000Z";"2022-03-04T23:59:59.999Z";"2022-03-04T00:01:00.000Z";"2022-03-04T22:33:00.000Z";"2781";3.4825414346;3.4825627986;3.321769903;3.3328153589;1133869.04;0;0;"2022-03-04T23:59:59.999Z"
"2022-03-03T00:00:00.000Z";"2022-03-03T23:59:59.999Z";"2022-03-03T00:04:00.000Z";"2022-03-03T23:53:00.000Z";"2781";3.6206848072;3.621429162;3.4794228882;3.4842636127;1849721.36;0;0;"2022-03-03T23:59:59.999Z"
"2022-03-02T00:00:00.000Z";"2022-03-02T23:59:59.999Z";"2022-03-02T00:45:00.000Z";"2022-03-02T23:32:00.000Z";"2781";3.8334005442;3.852338475;3.6197238396;3.6203513576;1856863.66;0;0;"2022-03-02T23:59:59.999Z"
"2022-03-01T00:00:00.000Z";"2022-03-01T23:59:59.999Z";"2022-03-01T15:17:00.000Z";"2022-03-01T20:36:00.000Z";"2781";3.8493658926;3.9310354385;3.8255768577;3.8334291019;1201238.93;0;0;"2022-03-01T23:59:59.999Z"
"2022-02-28T00:00:00.000Z";"2022-02-28T23:59:59.999Z";"2022-02-28T23:42:00.000Z";"2022-02-28T14:45:00.000Z";"2781";3.835831205;3.8894971661;3.8040538631;3.8493938626;1082751.27;0;0;"2022-02-28T23:59:59.999Z"
"2022-02-27T00:00:00.000Z";"2022-02-27T23:59:59.999Z";"2022-02-27T01:37:00.000Z";"2022-02-27T23:56:00.000Z";"2781";3.864327459;3.8892360698;3.8356431175;3.8358917762;312551.76;0;0;"2022-02-27T23:59:59.999Z"
"2022-02-26T00:00:00.000Z";"2022-02-26T23:59:59.999Z";"2022-02-26T00:10:00.000Z";"2022-02-26T21:38:00.000Z";"2781";3.8857968098;3.887598559;3.8587288433;3.8645160436;159140.46;0;0;"2022-02-26T23:59:59.999Z"
"2022-02-25T00:00:00.000Z";"2022-02-25T23:59:59.999Z";"2022-02-25T20:40:00.000Z";"2022-02-25T03:42:00.000Z";"2781";3.774612237;3.8945336231;3.6943682096;3.8852481751;670358.39;0;0;"2022-02-25T23:59:59.999Z"
"2022-02-24T00:00:00.000Z";"2022-02-24T23:59:59.999Z";"2022-02-24T01:04:00.000Z";"2022-02-24T04:02:00.000Z";"2781";3.9641769507;3.9755142566;3.7639874967;3.7746497334;1715318.26;0;0;"2022-02-24T23:59:59.999Z"
"2022-02-23T00:00:00.000Z";"2022-02-23T23:59:59.999Z";"2022-02-23T16:51:00.000Z";"2022-02-23T23:34:00.000Z";"2781";4.0794306077;4.156048563;3.9623489078;3.9641589939;1223801.88;0;0;"2022-02-23T23:59:59.999Z"
"2022-02-22T00:00:00.000Z";"2022-02-22T23:59:59.999Z";"2022-02-22T16:40:00.000Z";"2022-02-22T07:16:00.000Z";"2781";4.0071327339;4.0985225294;3.8864574688;4.07899572;3608177.82;0;0;"2022-02-22T23:59:59.999Z"
"2022-02-21T00:00:00.000Z";"2022-02-21T23:59:59.999Z";"2022-02-21T00:46:00.000Z";"2022-02-21T23:59:00.000Z";"2781";4.1799200091;4.190557785;4.0060436073;4.0060436073;989331.95;0;0;"2022-02-21T23:59:59.999Z"
"2022-02-20T00:00:00.000Z";"2022-02-20T23:59:59.999Z";"2022-02-20T05:50:00.000Z";"2022-02-20T22:15:00.000Z";"2781";4.2672177279;4.298855884;4.167715741;4.1802285032;710001.57;0;0;"2022-02-20T23:59:59.999Z"
"2022-02-19T00:00:00.000Z";"2022-02-19T23:59:59.999Z";"2022-02-19T07:05:00.000Z";"2022-02-19T21:01:00.000Z";"2781";4.3190854785;4.3351561514;4.2464805739;4.2674896805;832252.31;0;0;"2022-02-19T23:59:59.999Z"
"2022-02-18T00:00:00.000Z";"2022-02-18T23:59:59.999Z";"2022-02-18T02:15:00.000Z";"2022-02-18T21:45:00.000Z";"2781";4.5332672461;4.5638907459;4.3071133543;4.3181238041;926780.56;0;0;"2022-02-18T23:59:59.999Z"
"2022-02-17T00:00:00.000Z";"2022-02-17T23:59:59.999Z";"2022-02-17T14:17:00.000Z";"2022-02-17T01:15:00.000Z";"2781";4.382677453;4.5859221335;4.38054074;4.5332637584;2714689.74;0;0;"2022-02-17T23:59:59.999Z"
"2022-02-16T00:00:00.000Z";"2022-02-16T23:59:59.999Z";"2022-02-16T23:45:00.000Z";"2022-02-16T04:21:00.000Z";"2781";4.2033269515;4.3950746617;4.1797719868;4.3825944366;1840317.25;0;0;"2022-02-16T23:59:59.999Z"
"2022-02-15T00:00:00.000Z";"2022-02-15T23:59:59.999Z";"2022-02-15T22:47:00.000Z";"2022-02-15T03:21:00.000Z";"2781";4.1270117966;4.2060296541;4.1051511898;4.2028058646;1340064.83;0;0;"2022-02-15T23:59:59.999Z"
"2022-02-14T00:00:00.000Z";"2022-02-14T23:59:59.999Z";"2022-02-14T23:32:00.000Z";"2022-02-14T12:41:00.000Z";"2781";4.0557951936;4.1344947356;3.9664682995;4.1272175242;1719487.75;0;0;"2022-02-14T23:59:59.999Z"
"2022-02-13T00:00:00.000Z";"2022-02-13T23:59:59.999Z";"2022-02-13T03:01:00.000Z";"2022-02-13T22:16:00.000Z";"2781";4.3502313729;4.3681598659;3.9934121857;4.0557894362;2085776.92;0;0;"2022-02-13T23:59:59.999Z"
"2022-02-12T00:00:00.000Z";"2022-02-12T23:59:59.999Z";"2022-02-12T08:25:00.000Z";"2022-02-12T16:47:00.000Z";"2781";4.3514867381;4.3732758963;4.3270188914;4.350254902;650767.91;0;0;"2022-02-12T23:59:59.999Z"
"2022-02-11T00:00:00.000Z";"2022-02-11T23:59:59.999Z";"2022-02-11T00:22:00.000Z";"2022-02-11T23:59:00.000Z";"2781";4.4768713582;4.4827427751;4.3514541574;4.3514541574;1101450.59;0;0;"2022-02-11T23:59:59.999Z"
"2022-02-10T00:00:00.000Z";"2022-02-10T23:59:59.999Z";"2022-02-10T00:00:00.000Z";"2022-02-10T20:15:00.000Z";"2781";4.8916643689;4.8916643689;4.4378819228;4.4767629199;4576941.7;0;0;"2022-02-10T23:59:59.999Z"
"2022-02-09T00:00:00.000Z";"2022-02-09T23:59:59.999Z";"2022-02-09T17:39:00.000Z";"2022-02-09T00:00:00.000Z";"2781";4.8452745675;4.9202653372;4.8452745675;4.8916540271;1463734.7;0;0;"2022-02-09T23:59:59.999Z"
"2022-02-08T00:00:00.000Z";"2022-02-08T23:59:59.999Z";"2022-02-08T04:50:00.000Z";"2022-02-08T18:40:00.000Z";"2781";4.9619524966;4.9933068082;4.8222391618;4.8454181409;2154541.82;0;0;"2022-02-08T23:59:59.999Z"
"2022-02-07T00:00:00.000Z";"2022-02-07T23:59:59.999Z";"2022-02-07T23:54:00.000Z";"2022-02-07T12:04:00.000Z";"2781";4.9135933364;4.9701862913;4.8683996112;4.961811801;2838537.92;0;0;"2022-02-07T23:59:59.999Z"
"2022-02-06T00:00:00.000Z";"2022-02-06T23:59:59.999Z";"2022-02-06T10:29:00.000Z";"2022-02-06T23:23:00.000Z";"2781";5.1176902539;5.1358331436;4.9120163096;4.9137370175;1540767.5;0;0;"2022-02-06T23:59:59.999Z"
"2022-02-05T00:00:00.000Z";"2022-02-05T23:59:59.999Z";"2022-02-05T05:27:00.000Z";"2022-02-05T00:58:00.000Z";"2781";4.9586169434;5.1613598823;4.9465603431;5.1177629639;3221855.44;0;0;"2022-02-05T23:59:59.999Z"
"2022-02-04T00:00:00.000Z";"2022-02-04T23:59:59.999Z";"2022-02-04T16:28:00.000Z";"2022-02-04T18:39:00.000Z";"2781";5.078855837;5.1899033404;4.930809717;4.9584688628;2452061.77;0;0;"2022-02-04T23:59:59.999Z"
"2022-02-03T00:00:00.000Z";"2022-02-03T23:59:59.999Z";"2022-02-03T21:04:00.000Z";"2022-02-03T04:34:00.000Z";"2781";4.9576357118;5.0884299144;4.8277944785;5.0789834768;2887451.3;0;0;"2022-02-03T23:59:59.999Z"
"2022-02-02T00:00:00.000Z";"2022-02-02T23:59:59.999Z";"2022-02-02T15:06:00.000Z";"2022-02-02T17:34:00.000Z";"2781";5.1494085418;5.2561342076;4.9011811189;4.9578258168;3022661.75;0;0;"2022-02-02T23:59:59.999Z"
"2022-02-01T00:00:00.000Z";"2022-02-01T23:59:59.999Z";"2022-02-01T06:16:00.000Z";"2022-02-01T00:04:00.000Z";"2781";5.0984295358;5.1967486539;5.0971162102;5.1493443988;2100185.13;0;0;"2022-02-01T23:59:59.999Z"
"2022-01-31T00:00:00.000Z";"2022-01-31T23:59:59.999Z";"2022-01-31T00:14:00.000Z";"2022-01-31T22:36:00.000Z";"2781";5.4474202128;5.4490641819;5.0833773998;5.0984902877;2971964.09;0;0;"2022-01-31T23:59:59.999Z"
"2022-01-30T00:00:00.000Z";"2022-01-30T23:59:59.999Z";"2022-01-30T16:25:00.000Z";"2022-01-30T23:59:00.000Z";"2781";5.9389568117;6.3298766664;5.447329822;5.447329822;9445634.41;0;0;"2022-01-30T23:59:59.999Z"
"2022-01-29T00:00:00.000Z";"2022-01-29T23:59:59.999Z";"2022-01-29T23:11:00.000Z";"2022-01-29T12:20:00.000Z";"2781";5.3472791112;6.0058993605;5.208684644;5.9389160946;6440361.03;0;0;"2022-01-29T23:59:59.999Z"
"2022-01-28T00:00:00.000Z";"2022-01-28T23:59:59.999Z";"2022-01-28T23:27:00.000Z";"2022-01-28T06:35:00.000Z";"2781";4.9844852701;5.3554380988;4.9540121412;5.3472372124;3642991.98;0;0;"2022-01-28T23:59:59.999Z"
"2022-01-27T00:00:00.000Z";"2022-01-27T23:59:59.999Z";"2022-01-27T01:27:00.000Z";"2022-01-27T23:41:00.000Z";"2781";5.2252193999;5.2395145707;4.977728021;4.9845584914;2941406.37;0;0;"2022-01-27T23:59:59.999Z"
"2022-01-26T00:00:00.000Z";"2022-01-26T23:59:59.999Z";"2022-01-26T16:56:00.000Z";"2022-01-26T03:40:00.000Z";"2781";5.2451157722;5.3059365942;5.1617155547;5.2254460246;2862148.39;0;0;"2022-01-26T23:59:59.999Z"
"2022-01-25T00:00:00.000Z";"2022-01-25T23:59:59.999Z";"2022-01-25T12:50:00.000Z";"2022-01-25T00:02:00.000Z";"2781";5.2336689995;5.326847197;5.2237735616;5.2451423172;2901889.39;0;0;"2022-01-25T23:59:59.999Z"
"2022-01-24T00:00:00.000Z";"2022-01-24T23:59:59.999Z";"2022-01-24T23:40:00.000Z";"2022-01-24T01:28:00.000Z";"2781";5.0021262383;5.2549801649;4.9943491153;5.2336355457;3986455.58;0;0;"2022-01-24T23:59:59.999Z"
"2022-01-23T00:00:00.000Z";"2022-01-23T23:59:59.999Z";"2022-01-23T23:40:00.000Z";"2022-01-23T00:51:00.000Z";"2781";4.6282469612;5.0100227449;4.6107608526;5.0020637495;4254421.45;0;0;"2022-01-23T23:59:59.999Z"
"2022-01-22T00:00:00.000Z";"2022-01-22T23:59:59.999Z";"2022-01-22T00:39:00.000Z";"2022-01-22T18:13:00.000Z";"2781";5.0307887216;5.0439119716;4.5831920436;4.6280932023;7095188.79;0;0;"2022-01-22T23:59:59.999Z"
"2022-01-21T00:00:00.000Z";"2022-01-21T23:59:59.999Z";"2022-01-21T06:07:00.000Z";"2022-01-21T23:13:00.000Z";"2781";5.3396527554;5.3699418862;5.0028235939;5.030795187;5888051.72;0;0;"2022-01-21T23:59:59.999Z"
"2022-01-20T00:00:00.000Z";"2022-01-20T23:59:59.999Z";"2022-01-20T20:38:00.000Z";"2022-01-20T03:25:00.000Z";"2781";5.2574596111;5.5300909676;5.2245699246;5.3394417301;5987545.89;0;0;"2022-01-20T23:59:59.999Z"
"2022-01-19T00:00:00.000Z";"2022-01-19T23:59:59.999Z";"2022-01-19T21:22:00.000Z";"2022-01-19T00:29:00.000Z";"2781";5.0787534766;5.2664977912;5.0632920516;5.257445952;5168081.33;0;0;"2022-01-19T23:59:59.999Z"
"2022-01-18T00:00:00.000Z";"2022-01-18T23:59:59.999Z";"2022-01-18T17:01:00.000Z";"2022-01-18T14:07:00.000Z";"2781";5.2401725441;5.3447086148;4.8278071351;5.0787711964;12857429.16;0;0;"2022-01-18T23:59:59.999Z"
"2022-01-17T00:00:00.000Z";"2022-01-17T23:59:59.999Z";"2022-01-17T00:02:00.000Z";"2022-01-17T14:48:00.000Z";"2781";5.6581592261;5.6619509014;5.1684454047;5.2401994899;7269701.84;0;0;"2022-01-17T23:59:59.999Z"
"2022-01-16T00:00:00.000Z";"2022-01-16T23:59:59.999Z";"2022-01-16T02:45:00.000Z";"2022-01-16T19:34:00.000Z";"2781";5.9117913661;5.9603311693;5.6353516192;5.6579848354;4384440.95;0;0;"2022-01-16T23:59:59.999Z"
"2022-01-15T00:00:00.000Z";"2022-01-15T23:59:59.999Z";"2022-01-15T23:57:00.000Z";"2022-01-15T07:00:00.000Z";"2781";5.8452384534;5.9201299759;5.7431540468;5.9117580554;3243624.68;0;0;"2022-01-15T23:59:59.999Z"
"2022-01-14T00:00:00.000Z";"2022-01-14T23:59:59.999Z";"2022-01-14T05:51:00.000Z";"2022-01-14T17:21:00.000Z";"2781";5.892405928;6.0251720413;5.6544182083;5.8451742335;5512106.06;0;0;"2022-01-14T23:59:59.999Z"
"2022-01-13T00:00:00.000Z";"2022-01-13T23:59:59.999Z";"2022-01-13T02:05:00.000Z";"2022-01-13T21:02:00.000Z";"2781";6.1702722174;6.2294037955;5.7299113431;5.8921608311;7675609.64;0;0;"2022-01-13T23:59:59.999Z"
"2022-01-12T00:00:00.000Z";"2022-01-12T23:59:59.999Z";"2022-01-12T23:58:00.000Z";"2022-01-12T02:47:00.000Z";"2781";5.3069692238;6.1704265114;5.3004929852;6.1703243262;9987021.96;0;0;"2022-01-12T23:59:59.999Z"
"2022-01-11T00:00:00.000Z";"2022-01-11T23:59:59.999Z";"2022-01-11T14:09:00.000Z";"2022-01-11T17:48:00.000Z";"2781";5.3138776353;5.4445340857;5.2189257644;5.3069434444;3882421.76;0;0;"2022-01-11T23:59:59.999Z"
"2022-01-10T00:00:00.000Z";"2022-01-10T23:59:59.999Z";"2022-01-10T10:52:00.000Z";"2022-01-10T20:06:00.000Z";"2781";5.5648109788;5.5765354834;5.0529766201;5.3139532792;10907026.44;0;0;"2022-01-10T23:59:59.999Z"
"2022-01-09T00:00:00.000Z";"2022-01-09T23:59:59.999Z";"2022-01-09T11:48:00.000Z";"2022-01-09T18:51:00.000Z";"2781";5.7005524069;5.7179475741;5.2888895738;5.5648264867;6595908.66;0;0;"2022-01-09T23:59:59.999Z"
"2022-01-08T00:00:00.000Z";"2022-01-08T23:59:59.999Z";"2022-01-08T14:19:00.000Z";"2022-01-08T00:00:00.000Z";"2781";5.6234644687;5.8820136112;5.6234644687;5.7005688897;5227358.01;0;0;"2022-01-08T23:59:59.999Z"
"2022-01-07T00:00:00.000Z";"2022-01-07T23:59:59.999Z";"2022-01-07T23:48:00.000Z";"2022-01-07T06:03:00.000Z";"2781";5.4626184248;5.6292382609;4.7218163937;5.6234742569;17411954.99;0;0;"2022-01-07T23:59:59.999Z"
"2022-01-06T00:00:00.000Z";"2022-01-06T23:59:59.999Z";"2022-01-06T12:43:00.000Z";"2022-01-06T19:44:00.000Z";"2781";5.7671657995;5.8405028526;5.419219088;5.4627139324;6513129.98;0;0;"2022-01-06T23:59:59.999Z"
"2022-01-05T00:00:00.000Z";"2022-01-05T23:59:59.999Z";"2022-01-05T13:54:00.000Z";"2022-01-05T22:51:00.000Z";"2781";6.4785569818;6.6130204379;5.5958712736;5.7671850298;8425143.92;0;0;"2022-01-05T23:59:59.999Z"
"2022-01-04T00:00:00.000Z";"2022-01-04T23:59:59.999Z";"2022-01-04T00:22:00.000Z";"2022-01-04T18:12:00.000Z";"2781";6.6542709219;6.6962821627;6.4595083725;6.478489461;6820601.35;0;0;"2022-01-04T23:59:59.999Z"
"2022-01-03T00:00:00.000Z";"2022-01-03T23:59:59.999Z";"2022-01-03T23:59:00.000Z";"2022-01-03T01:37:00.000Z";"2781";6.0604109445;6.6538853939;5.9657487998;6.6538853939;11769240.87;0;0;"2022-01-03T23:59:59.999Z"
"2022-01-02T00:00:00.000Z";"2022-01-02T23:59:59.999Z";"2022-01-02T05:07:00.000Z";"2022-01-02T23:59:00.000Z";"2781";6.838770069;6.9329274244;6.0603732179;6.0603732179;8460798.19;0;0;"2022-01-02T23:59:59.999Z"
"2022-01-01T00:00:00.000Z";"2022-01-01T23:59:59.999Z";"2022-01-01T01:18:00.000Z";"2022-01-01T16:33:00.000Z";"2781";7.0624239996;7.0846000652;6.756793182;6.8387851529;8592519.12;0;0;"2022-01-01T23:59:59.999Z"
"2021-12-31T00:00:00.000Z";"2021-12-31T23:59:59.999Z";"2021-12-31T03:36:00.000Z";"2021-12-31T21:47:00.000Z";"2781";7.3754199415;7.4053735572;6.6793306093;7.0622629009;12173649.03;0;0;"2021-12-31T23:59:59.999Z"
"2021-12-30T00:00:00.000Z";"2021-12-30T23:59:59.999Z";"2021-12-30T21:31:14.000Z";"2021-12-30T03:17:09.000Z";"2781";7.0331585637;7.425826051;6.8805206344;7.3752712924;9289274.66;0;0;"2021-12-30T23:59:59.999Z"
"2021-12-29T00:00:00.000Z";"2021-12-29T23:59:59.999Z";"2021-12-29T16:18:27.000Z";"2021-12-29T21:36:20.000Z";"2781";7.0522572728;7.2925482429;7.0001719096;7.0348221345;7449516.92;0;0;"2021-12-29T23:59:59.999Z"
"2021-12-28T00:00:00.000Z";"2021-12-28T23:59:59.999Z";"2021-12-28T16:49:09.000Z";"2021-12-28T00:41:09.000Z";"2781";6.7468986402;7.2511032532;6.6063533945;7.0551317307;9376858.05;0;0;"2021-12-28T23:59:59.999Z"
"2021-12-27T00:00:00.000Z";"2021-12-27T23:59:59.999Z";"2021-12-27T14:45:25.000Z";"2021-12-27T23:38:09.000Z";"2781";7.3146274695;7.4751900154;6.7265889511;6.7474534253;11002929.38;0;0;"2021-12-27T23:59:59.999Z"
"2021-12-26T00:00:00.000Z";"2021-12-26T23:59:59.999Z";"2021-12-26T22:36:18.000Z";"2021-12-26T09:35:09.000Z";"2781";6.8864326462;7.351524378;6.8669034175;7.3137338004;10020721.19;0;0;"2021-12-26T23:59:59.999Z"
"2021-12-25T00:00:00.000Z";"2021-12-25T23:59:59.999Z";"2021-12-25T23:59:08.000Z";"2021-12-25T02:45:25.000Z";"2781";6.6271889603;6.8867199665;6.6116061379;6.8867199665;4952337.7;0;0;"2021-12-25T23:59:59.999Z"
"2021-12-24T00:00:00.000Z";"2021-12-24T23:59:59.999Z";"2021-12-24T05:40:10.000Z";"2021-12-24T17:01:09.000Z";"2781";6.3745055669;6.7237730817;6.3157453898;6.6305552712;7724701.9;0;0;"2021-12-24T23:59:59.999Z"
"2021-12-23T00:00:00.000Z";"2021-12-23T23:59:59.999Z";"2021-12-23T23:55:12.000Z";"2021-12-23T04:37:11.000Z";"2781";5.9632222516;6.394299579;5.9321895229;6.3756866476;6379282.39;0;0;"2021-12-23T23:59:59.999Z"
"2021-12-22T00:00:00.000Z";"2021-12-22T23:59:59.999Z";"2021-12-22T22:58:10.000Z";"2021-12-22T00:00:19.000Z";"2781";5.3002277561;5.9798791807;5.3002277561;5.9684721853;9698477.1;0;0;"2021-12-22T23:59:59.999Z"
"2021-12-21T00:00:00.000Z";"2021-12-21T23:59:59.999Z";"2021-12-21T21:51:13.000Z";"2021-12-21T06:42:24.000Z";"2781";5.2164258599;5.485171577;5.1254036349;5.299810687;8068762.8;0;0;"2021-12-21T23:59:59.999Z"
"2021-12-20T00:00:00.000Z";"2021-12-20T23:59:59.999Z";"2021-12-20T07:34:09.000Z";"2021-12-20T16:48:19.000Z";"2781";5.4229408232;5.5245603436;5.0625710666;5.2166218401;8404802.98;0;0;"2021-12-20T23:59:59.999Z"
"2021-12-19T00:00:00.000Z";"2021-12-19T23:59:59.999Z";"2021-12-19T21:39:16.000Z";"2021-12-19T00:02:09.000Z";"2781";5.1204801427;5.484279895;5.1195752667;5.4234805583;6942577.75;0;0;"2021-12-19T23:59:59.999Z"
"2021-12-18T00:00:00.000Z";"2021-12-18T23:59:59.999Z";"2021-12-18T22:48:19.000Z";"2021-12-18T03:46:09.000Z";"2781";5.0871627805;5.1782040719;4.7540171323;5.1199635551;13203717.06;0;0;"2021-12-18T23:59:59.999Z"
"2021-12-17T00:00:00.000Z";"2021-12-17T23:59:59.999Z";"2021-12-17T06:15:20.000Z";"2021-12-17T14:57:18.000Z";"2781";5.4830705928;5.5180839911;5.0168117533;5.087198171;13163147.01;0;0;"2021-12-17T23:59:59.999Z"
"2021-12-16T00:00:00.000Z";"2021-12-16T23:59:59.999Z";"2021-12-16T15:14:09.000Z";"2021-12-16T00:02:10.000Z";"2781";5.3743204732;5.8087403704;5.3729425816;5.4844236621;8401964.29;0;0;"2021-12-16T23:59:59.999Z"
"2021-12-15T00:00:00.000Z";"2021-12-15T23:59:59.999Z";"2021-12-15T01:46:08.000Z";"2021-12-15T23:05:09.000Z";"2781";5.6080637281;5.6450741632;5.3151359856;5.3748110988;8022402.76;0;0;"2021-12-15T23:59:59.999Z"
"2021-12-14T00:00:00.000Z";"2021-12-14T23:59:59.999Z";"2021-12-14T01:31:10.000Z";"2021-12-14T16:14:09.000Z";"2781";5.6290673054;5.6540567111;5.4255611842;5.6082776193;9051764.98;0;0;"2021-12-14T23:59:59.999Z"
"2021-12-13T00:00:00.000Z";"2021-12-13T23:59:59.999Z";"2021-12-13T00:40:09.000Z";"2021-12-13T21:57:14.000Z";"2781";6.2863563786;6.3128923486;5.5850926189;5.6318398771;17422332.36;0;0;"2021-12-13T23:59:59.999Z"
"2021-12-12T00:00:00.000Z";"2021-12-12T23:59:59.999Z";"2021-12-12T21:06:10.000Z";"2021-12-12T04:42:13.000Z";"2781";5.5371945498;6.3562501348;5.4482001755;6.2850367032;12564210.89;0;0;"2021-12-12T23:59:59.999Z"
"2021-12-11T00:00:00.000Z";"2021-12-11T23:59:59.999Z";"2021-12-11T17:42:16.000Z";"2021-12-11T08:50:08.000Z";"2781";5.2049977838;5.7451346792;5.1338139131;5.5371824453;14409385.6;0;0;"2021-12-11T23:59:59.999Z"
"2021-12-10T00:00:00.000Z";"2021-12-10T23:59:59.999Z";"2021-12-10T00:07:09.000Z";"2021-12-10T09:45:11.000Z";"2781";5.485371649;5.5032129419;4.863803703;5.2040271148;22610362.52;0;0;"2021-12-10T23:59:59.999Z"
"2021-12-09T00:00:00.000Z";"2021-12-09T23:59:59.999Z";"2021-12-09T00:00:18.000Z";"2021-12-09T19:52:09.000Z";"2781";6.2791709284;6.2791709284;5.2042795509;5.4853644272;31034528.46;0;0;"2021-12-09T23:59:59.999Z"
"2021-12-08T00:00:00.000Z";"2021-12-08T23:59:59.999Z";"2021-12-08T11:31:08.000Z";"2021-12-08T18:40:08.000Z";"2781";6.3150220124;6.3576768515;6.0415946456;6.2830364586;11196692.72;0;0;"2021-12-08T23:59:59.999Z"
"2021-12-07T00:00:00.000Z";"2021-12-07T23:59:59.999Z";"2021-12-07T05:01:08.000Z";"2021-12-07T22:18:08.000Z";"2781";6.4524673263;6.6808828756;6.2021296865;6.3151457134;13341240.21;0;0;"2021-12-07T23:59:59.999Z"
"2021-12-06T00:00:00.000Z";"2021-12-06T23:59:59.999Z";"2021-12-06T00:32:08.000Z";"2021-12-06T11:54:07.000Z";"2781";6.8339546343;7.1472602649;5.9531379801;6.4536820578;31881165.72;0;0;"2021-12-06T23:59:59.999Z"
"2021-12-05T00:00:00.000Z";"2021-12-05T23:59:59.999Z";"2021-12-05T19:30:10.000Z";"2021-12-05T03:48:08.000Z";"2781";6.635499431;6.8953438909;6.2725449484;6.8343604385;17168560.05;0;0;"2021-12-05T23:59:59.999Z"
"2021-12-04T00:00:00.000Z";"2021-12-04T23:59:59.999Z";"2021-12-04T23:58:08.000Z";"2021-12-04T06:09:09.000Z";"2781";6.1759330908;6.6317623553;5.7617969509;6.6294427533;26890708.81;0;0;"2021-12-04T23:59:59.999Z"
"2021-12-03T00:00:00.000Z";"2021-12-03T23:59:59.999Z";"2021-12-03T00:00:09.000Z";"2021-12-03T17:39:12.000Z";"2781";6.5594150796;6.5594150796;5.6012429149;6.1811419604;41217942.62;0;0;"2021-12-03T23:59:59.999Z"
"2021-12-02T00:00:00.000Z";"2021-12-02T23:59:59.999Z";"2021-12-02T00:01:07.000Z";"2021-12-02T10:00:07.000Z";"2781";7.1082120413;7.1082120413;5.5315687119;6.5726637647;64321214.93;0;0;"2021-12-02T23:59:59.999Z"
"2021-12-01T00:00:00.000Z";"2021-12-01T23:59:59.999Z";"2021-12-01T01:01:39.000Z";"2021-12-01T11:41:37.000Z";"2781";7.3353841367;7.4986693134;6.6132412092;7.1090903191;51637915.33;0;0;"2021-12-01T23:59:59.999Z"
"2021-11-30T00:00:00.000Z";"2021-11-30T23:59:59.999Z";"2021-11-30T05:41:40.000Z";"2021-11-30T19:29:48.000Z";"2781";8.1816998327;8.3354291436;6.6406919297;7.3358734622;68634947.19;0;0;"2021-11-30T23:59:59.999Z"
"2021-11-29T00:00:00.000Z";"2021-11-29T23:59:59.999Z";"2021-11-29T21:51:39.000Z";"2021-11-29T00:28:15.000Z";"2781";7.7864182658;8.6906027897;7.6208601503;8.1704068877;29962114.8;0;0;"2021-11-29T23:59:59.999Z"
"2021-11-28T00:00:00.000Z";"2021-11-28T23:59:59.999Z";"2021-11-28T16:43:09.000Z";"2021-11-28T23:15:22.000Z";"2781";8.034919448;8.2682286657;7.6188376537;7.7884343593;27719616.15;0;0;"2021-11-28T23:59:59.999Z"
"2021-11-27T00:00:00.000Z";"2021-11-27T23:59:59.999Z";"2021-11-27T02:42:17.000Z";"2021-11-27T00:18:20.000Z";"2781";7.71396979;8.2066786911;7.6902486983;8.0327312594;26480501.76;0;0;"2021-11-27T23:59:59.999Z"
"2021-11-26T00:00:00.000Z";"2021-11-26T23:59:59.999Z";"2021-11-26T00:06:22.000Z";"2021-11-26T15:42:15.000Z";"2781";8.2243509896;8.2475770832;7.5331299783;7.7128289292;28753724.92;0;0;"2021-11-26T23:59:59.999Z"
"2021-11-25T00:00:00.000Z";"2021-11-25T23:59:59.999Z";"2021-11-25T23:59:08.000Z";"2021-11-25T01:55:08.000Z";"2781";7.6984748577;8.2179458816;7.6162945036;7.7618666035;31315847.24;0;0;"2021-11-25T23:59:59.999Z"
"2021-11-24T00:00:00.000Z";"2021-11-24T23:59:59.999Z";"2021-11-24T23:06:07.000Z";"2021-11-24T11:27:07.000Z";"2781";7.5444406288;7.8037311314;7.1270162085;7.5180421348;30845825.12;0;0;"2021-11-24T23:59:59.999Z"
"2021-11-23T00:00:00.000Z";"2021-11-23T23:59:59.999Z";"2021-11-23T22:12:21.000Z";"2021-11-23T07:59:13.000Z";"2781";7.3936621541;7.6874909405;6.9554174128;7.548594069;28510357.21;0;0;"2021-11-23T23:59:59.999Z"
"2021-11-22T00:00:00.000Z";"2021-11-22T23:59:59.999Z";"2021-11-22T20:07:11.000Z";"2021-11-22T12:45:22.000Z";"2781";7.1964265911;7.5956649491;6.8064077933;7.3947397109;35480758.94;0;0;"2021-11-22T23:59:59.999Z"
"2021-11-21T00:00:00.000Z";"2021-11-21T23:59:59.999Z";"2021-11-21T17:27:16.000Z";"2021-11-21T21:27:07.000Z";"2781";7.348661804;7.7342261292;7.1160605692;7.1923004683;28077558.12;0;0;"2021-11-21T23:59:59.999Z"
"2021-11-20T00:00:00.000Z";"2021-11-20T23:59:59.999Z";"2021-11-20T13:34:08.000Z";"2021-11-20T16:09:08.000Z";"2781";6.9156629974;8.1043599197;6.5016797722;7.3546192086;40791685.47;0;0;"2021-11-20T23:59:59.999Z"
"2021-11-19T00:00:00.000Z";"2021-11-19T23:59:59.999Z";"2021-11-19T23:44:08.000Z";"2021-11-19T04:09:20.000Z";"2781";6.2337850336;6.9954396861;6.1690413476;6.9173929227;40750688.44;0;0;"2021-11-19T23:59:59.999Z"
"2021-11-18T00:00:00.000Z";"2021-11-18T23:59:59.999Z";"2021-11-18T04:52:08.000Z";"2021-11-18T17:39:07.000Z";"2781";6.1215086406;6.3966081768;5.9959914927;6.2297520651;26968060.42;0;0;"2021-11-18T23:59:59.999Z"
"2021-11-17T00:00:00.000Z";"2021-11-17T23:59:59.999Z";"2021-11-17T05:03:07.000Z";"2021-11-17T06:07:07.000Z";"2781";6.0522757076;6.6310124692;5.7117781909;6.1222768517;34558255.73;0;0;"2021-11-17T23:59:59.999Z"
"2021-11-16T00:00:00.000Z";"2021-11-16T23:59:59.999Z";"2021-11-16T09:32:07.000Z";"2021-11-16T21:06:19.000Z";"2781";6.3099099531;6.452206868;5.4342700999;6.0523338455;63896296.83;0;0;"2021-11-16T23:59:59.999Z"
"2021-11-15T00:00:00.000Z";"2021-11-15T23:59:59.999Z";"2021-11-15T06:01:08.000Z";"2021-11-15T22:42:08.000Z";"2781";6.4588576404;6.7308438414;5.8291099398;6.3105344376;45478027.43;0;0;"2021-11-15T23:59:59.999Z"
"2021-11-14T00:00:00.000Z";"2021-11-14T23:59:59.999Z";"2021-11-14T05:54:07.000Z";"2021-11-14T16:23:08.000Z";"2781";6.4062005913;6.803597904;6.2275251626;6.4579613342;34152541.76;0;0;"2021-11-14T23:59:59.999Z"
"2021-11-13T00:00:00.000Z";"2021-11-13T23:59:59.999Z";"2021-11-13T04:06:18.000Z";"2021-11-13T16:57:08.000Z";"2781";6.2438667534;6.489192876;5.9840707528;6.4067007056;32401226.83;0;0;"2021-11-13T23:59:59.999Z"
"2021-11-12T00:00:00.000Z";"2021-11-12T23:59:59.999Z";"2021-11-12T07:17:07.000Z";"2021-11-12T13:00:07.000Z";"2781";6.2816032806;6.4705473817;5.3594086246;6.2433850926;57429418.7;0;0;"2021-11-12T23:59:59.999Z"
"2021-11-11T00:00:00.000Z";"2021-11-11T23:59:59.999Z";"2021-11-11T20:23:08.000Z";"2021-11-11T16:15:07.000Z";"2781";6.4225002655;6.6409924849;5.938552352;6.2760973823;36795741.97;0;0;"2021-11-11T23:59:59.999Z"
"2021-11-10T00:00:00.000Z";"2021-11-10T23:59:59.999Z";"2021-11-10T10:10:08.000Z";"2021-11-10T21:51:08.000Z";"2781";6.4586432648;6.7983793477;6.1826854043;6.4344724624;37996498.74;0;0;"2021-11-10T23:59:59.999Z"
"2021-11-09T00:00:00.000Z";"2021-11-09T23:59:59.999Z";"2021-11-09T02:31:07.000Z";"2021-11-09T15:24:13.000Z";"2781";6.4560029378;6.6253471225;5.9451255748;6.4585656018;36056465.27;0;0;"2021-11-09T23:59:59.999Z"
"2021-11-08T00:00:00.000Z";"2021-11-08T23:59:59.999Z";"2021-11-08T01:57:08.000Z";"2021-11-08T13:47:07.000Z";"2781";6.4217405648;6.8854459326;6.0097953753;6.4564654995;39808120.05;0;0;"2021-11-08T23:59:59.999Z"
"2021-11-07T00:00:00.000Z";"2021-11-07T23:59:59.999Z";"2021-11-07T12:26:09.000Z";"2021-11-07T00:30:15.000Z";"2781";5.9954270901;6.9719813678;5.9418584829;6.4210551112;34872426.03;0;0;"2021-11-07T23:59:59.999Z"
"2021-11-06T00:00:00.000Z";"2021-11-06T23:59:59.999Z";"2021-11-06T05:25:07.000Z";"2021-11-06T16:42:07.000Z";"2781";6.1988964643;6.3394215225;5.5036724319;6.0153259577;33292879.98;0;0;"2021-11-06T23:59:59.999Z"
"2021-11-05T00:00:00.000Z";"2021-11-05T23:59:59.999Z";"2021-11-05T05:40:08.000Z";"2021-11-05T08:16:08.000Z";"2781";6.3325256278;6.90480383;5.6902491959;6.1990775351;35510676.98;0;0;"2021-11-05T23:59:59.999Z"
"2021-11-04T00:00:00.000Z";"2021-11-04T23:59:59.999Z";"2021-11-04T13:35:07.000Z";"2021-11-04T05:14:08.000Z";"2781";6.3114037305;6.9218116725;6.0242828139;6.3305635782;46316678.76;0;0;"2021-11-04T23:59:59.999Z"
"2021-11-03T00:00:00.000Z";"2021-11-03T23:59:59.999Z";"2021-11-03T23:39:07.000Z";"2021-11-03T01:54:07.000Z";"2781";5.4099628723;6.5124558734;5.3009323629;6.3790631687;51339378.97;0;0;"2021-11-03T23:59:59.999Z"
"2021-11-02T00:00:00.000Z";"2021-11-02T23:59:59.999Z";"2021-11-02T06:16:07.000Z";"2021-11-02T12:12:07.000Z";"2781";5.291107367;5.7386369543;4.919277215;5.4081210505;35392725.22;0;0;"2021-11-02T23:59:59.999Z"
"2021-11-01T00:00:00.000Z";"2021-11-01T23:59:59.999Z";"2021-11-01T21:06:07.000Z";"2021-11-01T02:45:06.000Z";"2781";4.8363241983;5.5003526594;4.134067636;5.2924634808;81466291.2;0;0;"2021-11-01T23:59:59.999Z"
"2021-10-31T00:00:00.000Z";"2021-10-31T23:59:59.999Z";"2021-10-31T05:03:07.000Z";"2021-10-31T23:31:07.000Z";"2781";5.2267940092;5.5370819642;4.7768601399;4.8353155568;33113721.67;0;0;"2021-10-31T23:59:59.999Z"
"2021-10-30T00:00:00.000Z";"2021-10-30T23:59:59.999Z";"2021-10-30T09:17:08.000Z";"2021-10-30T00:53:07.000Z";"2781";4.8141761175;5.3855712796;4.335746596;5.22572016;52028376.18;0;0;"2021-10-30T23:59:59.999Z"
"2021-10-29T00:00:00.000Z";"2021-10-29T23:59:59.999Z";"2021-10-29T09:36:07.000Z";"2021-10-29T18:01:06.000Z";"2781";5.6666099869;5.779092428;4.0945099874;4.8135306552;146951571;0;0;"2021-10-29T23:59:59.999Z"
"2021-10-28T00:00:00.000Z";"2021-10-28T23:59:59.999Z";"2021-10-28T10:52:08.000Z";"2021-10-28T16:20:06.000Z";"2781";6.2499841549;6.4244891559;4.8423898406;5.6666030041;106857204.39;0;0;"2021-10-28T23:59:59.999Z"
"2021-10-27T00:00:00.000Z";"2021-10-27T23:59:59.999Z";"2021-10-27T04:35:07.000Z";"2021-10-27T09:52:07.000Z";"2781";6.0690705201;6.5427822645;6.0239782083;6.2499434082;106453428.01;0;0;"2021-10-27T23:59:59.999Z"
"2021-10-26T00:00:00.000Z";"2021-10-26T23:59:59.999Z";"2021-10-26T00:35:07.000Z";"2021-10-26T19:42:07.000Z";"2781";6.5940384985;6.8199694351;5.857043288;6.0667080932;92389741.36;0;0;"2021-10-26T23:59:59.999Z"
"2021-10-25T00:00:00.000Z";"2021-10-25T23:59:59.999Z";"2021-10-25T23:30:07.000Z";"2021-10-25T03:51:07.000Z";"2781";5.709741311;6.7675489594;5.6328795125;6.5949470261;94117799.75;0;0;"2021-10-25T23:59:59.999Z"
"2021-10-24T00:00:00.000Z";"2021-10-24T23:59:59.999Z";"2021-10-24T10:55:08.000Z";"2021-10-24T16:21:28.000Z";"2781";5.569274192;6.2696187202;5.2427586723;5.7099910526;105920170.37;0;0;"2021-10-24T23:59:59.999Z"
"2021-10-23T00:00:00.000Z";"2021-10-23T23:59:59.999Z";"2021-10-23T07:06:07.000Z";"2021-10-23T16:12:17.000Z";"2781";5.6701979619;6.0390312235;5.2683816328;5.5703188557;119724206.4;0;0;"2021-10-23T23:59:59.999Z"
"2021-10-22T00:00:00.000Z";"2021-10-22T23:59:59.999Z";"2021-10-22T06:12:07.000Z";"2021-10-22T14:57:07.000Z";"2781";5.1067482618;5.8358465144;4.6840199122;5.6715751075;144937744.56;0;0;"2021-10-22T23:59:59.999Z"
"2021-10-21T00:00:00.000Z";"2021-10-21T23:59:59.999Z";"2021-10-21T07:27:07.000Z";"2021-10-21T12:43:07.000Z";"2781";5.4240023075;5.9550729268;4.7579593536;5.1153214418;73987456.25;0;0;"2021-10-21T23:59:59.999Z"