date,open,high,low,price_usd,volume,log_return,pct_return,volatility_30d,volatility_90d
2021-10-21,5.4240023075,5.9550729268,4.7579593536,5.1153214418,73987456.25,,,,
2021-10-22,5.1067482618,5.8358465144,4.6840199122,5.6715751075,144937744.56,0.1032266354977999,0.1087426610485426,,
2021-10-23,5.6701979619,6.0390312235,5.2683816328,5.5703188557,119724206.4,-0.0180145784092456,-0.0178532858828053,,
2021-10-24,5.569274192,6.2696187202,5.2427586723,5.7099910526,105920170.37,0.0247651592072041,0.0250743629796121,,
2021-10-25,5.709741311,6.7675489594,5.6328795125,6.5949470261,94117799.75,0.1440862970068923,0.1549837758672216,,
2021-10-26,6.5940384985,6.8199694351,5.857043288,6.0667080932,92389741.36,-0.0834876197625797,-0.0800975247882135,,
2021-10-27,6.0690705201,6.5427822645,6.0239782083,6.2499434082,106453428.01,0.0297562750785402,0.0302034171061211,,
2021-10-28,6.2499841549,6.4244891559,4.8423898406,5.6666030041,106857204.39,-0.0979825882649063,-0.0933353097781094,,
2021-10-29,5.6666099869,5.779092428,4.0945099874,4.8135306552,146951571.0,-0.1631589819504597,-0.1505438705133869,,
2021-10-30,4.8141761175,5.3855712796,4.335746596,5.22572016,52028376.18,0.0821617792143607,0.0856314282230064,,
2021-10-31,5.2267940092,5.5370819642,4.7768601399,4.8353155568,33113721.67,-0.0776462261341443,-0.0747082873262772,,
2021-11-01,4.8363241983,5.5003526594,4.134067636,5.2924634808,81466291.2,0.0903374319394112,0.0945435553543354,,
2021-11-02,5.291107367,5.7386369543,4.919277215,5.4081210505,35392725.22,0.0216178982649491,0.0218532579619268,,
2021-11-03,5.4099628723,6.5124558734,5.3009323629,6.3790631687,51339378.97,0.1651195257245497,0.1795340949534094,,
2021-11-04,6.3114037305,6.9218116725,6.0242828139,6.3305635782,46316678.76,-0.0076319827291892,-0.0076029330980719,,
2021-11-05,6.3325256278,6.90480383,5.6902491959,6.1990775351,35510676.98,-0.0209887687636676,-0.0207700375291682,,
2021-11-06,6.1988964643,6.3394215225,5.5036724319,6.0153259577,33292879.98,-0.0300899575555288,-0.0296417614329832,,
2021-11-07,5.9954270901,6.9719813678,5.9418584829,6.4210551112,34872426.03,0.0652719129725424,0.0674492382213538,,
2021-11-08,6.4217405648,6.8854459326,6.0097953753,6.4564654995,39808120.05,0.005499580023283,0.0055147304744722,,
2021-11-09,6.4560029378,6.6253471225,5.9451255748,6.4585656018,36056465.27,0.0003252183137674,0.0003252712029766,,
2021-11-10,6.4586432648,6.7983793477,6.1826854043,6.4344724624,37996498.74,-0.0037373918117101,-0.0037304164555185,,
2021-11-11,6.4225002655,6.6409924849,5.938552352,6.2760973823,36795741.97,-0.0249215068933036,-0.0246135298620778,,
2021-11-12,6.2816032806,6.4705473817,5.3594086246,6.2433850926,57429418.7,-0.0052258332900665,-0.0052122023779069,,
2021-11-13,6.2438667534,6.489192876,5.9840707528,6.4067007056,32401226.83,0.0258219098296262,0.0261581835138713,,
2021-11-14,6.4062005913,6.803597904,6.2275251626,6.4579613342,34152541.76,0.0079692571377288,0.0080010961890564,,
2021-11-15,6.4588576404,6.7308438414,5.8291099398,6.3105344376,45478027.43,-0.0230933151545038,-0.0228287053716562,,
2021-11-16,6.3099099531,6.452206868,5.4342700999,6.0523338455,63896296.83,-0.0417764126486278,-0.0409158043036048,,
2021-11-17,6.0522757076,6.6310124692,5.7117781909,6.1222768517,34558255.73,0.0114901046846019,0.011556369490755,,
2021-11-18,6.1215086406,6.3966081768,5.9959914927,6.2297520651,26968060.42,0.0174024731452242,0.0175547783942759,,
2021-11-19,6.2337850336,6.9954396861,6.1690413476,6.9173929227,40750688.44,0.1047024182954277,0.1103801323735285,,
2021-11-20,6.9156629974,8.1043599197,6.5016797722,7.3546192086,40791685.47,0.0612896262105223,0.0632068021559402,1.1233841927871187,
2021-11-21,7.348661804,7.7342261292,7.1160605692,7.1923004683,28077558.12,-0.0223175051540898,-0.0220703119626092,1.093419922390446,
2021-11-22,7.1964265911,7.5956649491,6.8064077933,7.3947397109,35480758.94,0.0277578231330607,0.0281466609316793,1.0920333253691763,
2021-11-23,7.3936621541,7.6874909405,6.9554174128,7.548594069,28510357.21,0.0205924323359119,0.0208059193582184,1.0915914787334933,
2021-11-24,7.5444406288,7.8037311314,7.1270162085,7.5180421348,30845825.12,-0.0040555802453259,-0.0040473674860155,1.0143517845277643,
2021-11-25,7.6984748577,8.2179458816,7.6162945036,7.7618666035,31315847.24,0.0319170973089979,0.032431910373496,0.9821289951229526,
2021-11-26,8.2243509896,8.2475770832,7.5331299783,7.7128289292,28753724.92,-0.0063378097929004,-0.0063177682386202,0.980819658178236,
2021-11-27,7.71396979,8.2066786911,7.6902486983,8.0327312594,26480501.76,0.0406395648923223,0.0414766531368124,0.9329939795970599,
2021-11-28,8.034919448,8.2682286657,7.6188376537,7.7884343593,27719616.15,-0.0308847432082806,-0.0304126818402048,0.7846237614337431,
2021-11-29,7.7864182658,8.6906027897,7.6208601503,8.1704068877,29962114.8,0.0478788514389598,0.0490435575083065,0.7655788978627496,
2021-11-30,8.1816998327,8.3354291436,6.6406919297,7.3358734622,68634947.19,-0.1077422243646837,-0.102140987220151,0.8013265944094948,
2021-12-01,7.3353841367,7.4986693134,6.6132412092,7.1090903191,51637915.33,-0.0314021941613326,-0.030914265938277,0.7777417836126251,
2021-12-02,7.1082120413,7.1082120413,5.5315687119,6.5726637647,64321214.93,-0.0784550977976385,-0.0754564269578601,0.817627356181304,
2021-12-03,6.5594150796,6.5594150796,5.6012429149,6.1811419604,41217942.62,-0.0614161563286782,-0.0595682083119416,0.6892757220235073,
2021-12-04,6.1759330908,6.6317623553,5.7617969509,6.6294427533,26890708.81,0.0700177137538887,0.0725271795684481,0.7189346698491795,
2021-12-05,6.635499431,6.8953438909,6.2725449484,6.8343604385,17168560.05,0.0304421428648822,0.0309102428100758,0.7203827394215215,
2021-12-06,6.8339546343,7.1472602649,5.9531379801,6.4536820578,31881165.72,-0.057312064651738,-0.055700659063213,0.7354931812170641,
2021-12-07,6.4524673263,6.6808828756,6.2021296865,6.3151457134,13341240.21,-0.0216999998937041,-0.0214662487490475,0.7137040768554119,
2021-12-08,6.3150220124,6.3576768515,6.0415946456,6.2830364586,11196692.72,-0.0050974535673348,-0.005084483598196,0.7135838081044639,
2021-12-09,6.2791709284,6.2791709284,5.2042795509,5.4853644272,31034528.46,-0.1357698439286128,-0.1269564543602439,0.8135536641787299,
2021-12-10,5.485371649,5.5032129419,4.863803703,5.2040271148,22610362.52,-0.0526507611995889,-0.0512887185771919,0.824933847840009,
2021-12-11,5.2049977838,5.7451346792,5.1338139131,5.5371824453,14409385.6,0.0620530164923594,0.0640187537748453,0.8468066809704563,
2021-12-12,5.5371945498,6.3562501348,5.4482001755,6.2850367032,12564210.89,0.1266858943285506,0.1350604328623457,0.9278142894554833,
2021-12-13,6.2863563786,6.3128923486,5.5850926189,5.6318398771,17422332.36,-0.1097354942952952,-0.1039288801237116,0.9771819831526796,
2021-12-14,5.6290673054,5.6540567111,5.4255611842,5.6082776193,9051764.98,-0.0041925348771555,-0.0041837584722194,0.9764908796299534,
2021-12-15,5.6080637281,5.6450741632,5.3151359856,5.3748110988,8022402.76,-0.0425202236749326,-0.0416289164602982,0.9812817721622381,
2021-12-16,5.3743204732,5.8087403704,5.3729425816,5.4844236621,8401964.29,0.0201885839415239,0.0203937517589172,0.9777213453237464,
2021-12-17,5.4830705928,5.5180839911,5.0168117533,5.087198171,13163147.01,-0.0751847914871728,-0.0724279369307333,0.9983930959369066,
2021-12-18,5.0871627805,5.1782040719,4.7540171323,5.1199635551,13203717.06,0.0064200994403551,0.0064407524532428,0.996645400318882,
2021-12-19,5.1204801427,5.484279895,5.1195752667,5.4234805583,6942577.75,0.0575904578954912,0.0592810866588426,0.959616656100191,
2021-12-20,5.4229408232,5.5245603436,5.0625710666,5.2166218401,8404802.98,-0.0388877434479861,-0.0381413219751339,0.9403917327061984,
2021-12-21,5.2164258599,5.485171577,5.1254036349,5.299810687,8068762.8,0.0158210651571033,0.0159468808454792,0.9430541550933764,
2021-12-22,5.3002277561,5.9798791807,5.3002277561,5.9684721853,9698477.1,0.1188198788062932,0.1261670534647909,1.0094768509899328,
2021-12-23,5.9632222516,6.394299579,5.9321895229,6.3756866476,6379282.39,0.066000815379244,0.0682275881762415,1.0287133731704314,
2021-12-24,6.3745055669,6.7237730817,6.3157453898,6.6305552712,7724701.9,0.039196757331346,0.0399750862436032,1.0368936054586224,
2021-12-25,6.6271889603,6.8867199665,6.6116061379,6.8867199665,4952337.7,0.0379063625596052,0.038633973298233,1.0388492398411115,
2021-12-26,6.8864326462,7.351524378,6.8669034175,7.3137338004,10020721.19,0.0601590086039168,0.0620054011165227,1.0552890702920787,
2021-12-27,7.3146274695,7.4751900154,6.7265889511,6.7474534253,11002929.38,-0.0805887597924066,-0.0774269874395796,1.071321893203581,
2021-12-28,6.7468986402,7.2511032532,6.6063533945,7.0551317307,9376858.05,0.0445900937194464,0.0455991743857528,1.0782823517644633,
2021-12-29,7.0522572728,7.2925482429,7.0001719096,7.0348221345,7449516.92,-0.0028828497893024,-0.0028786983681147,1.067328801996491,
2021-12-30,7.0331585637,7.425826051,6.8805206344,7.3752712924,9289274.66,0.0472602796551838,0.0483948494206241,1.031603007677347,
2021-12-31,7.3754199415,7.4053735572,6.6793306093,7.0622629009,12173649.03,-0.0433671626044465,-0.0424402546144364,1.0353619187720677,
2022-01-01,7.0624239996,7.0846000652,6.756793182,6.8387851529,8592519.12,-0.0321554177201132,-0.0316439293093324,1.0134243457131777,
2022-01-02,6.838770069,6.9329274244,6.0603732179,6.0603732179,8460798.19,-0.1208387213379007,-0.1138231305116981,1.0590004081518292,
2022-01-03,6.0604109445,6.6538853939,5.9657487998,6.6538853939,11769240.87,0.0934295685110146,0.0979332715429133,1.0746360243032629,
2022-01-04,6.6542709219,6.6962821627,6.4595083725,6.478489461,6820601.35,-0.0267135784880902,-0.0263599269474636,1.0733901243126647,
2022-01-05,6.4785569818,6.6130204379,5.5958712736,5.7671850298,8425143.92,-0.1163032769634574,-0.10979479637684,1.1128020567652943,
2022-01-06,5.7671657995,5.8405028526,5.419219088,5.4627139324,6513129.98,-0.0542383748755799,-0.0527937105930792,1.1213265074366134,
2022-01-07,5.4626184248,5.6292382609,4.7218163937,5.6234742569,17411954.99,0.0290039445986981,0.0294286551500548,1.1256043305605372,
2022-01-08,5.6234644687,5.8820136112,5.6234644687,5.7005688897,5227358.01,0.0136163069912112,0.0137094310879801,1.05430051589837,
2022-01-09,5.7005524069,5.7179475741,5.2888895738,5.5648264867,6595908.66,-0.0241001702184398,-0.0238120800969995,1.0448136086860669,
2022-01-10,5.5648109788,5.5765354834,5.0529766201,5.3139532792,10907026.44,-0.0461297495744871,-0.0450819460588017,1.0380161597145003,
2022-01-11,5.3138776353,5.4445340857,5.2189257644,5.3069434444,3882421.76,-0.0013200082818363,-0.001319137454113,0.9644853841730554,
2022-01-12,5.3069692238,6.1704265114,5.3004929852,6.1703243262,9987021.96,0.1507353545640564,0.1626889170471674,1.014349062868855,
2022-01-13,6.1702722174,6.2294037955,5.7299113431,5.8921608311,7675609.64,-0.0461286068115685,-0.0450808548132359,1.0241828758435483,
2022-01-14,5.892405928,6.0251720413,5.6544182083,5.8451742335,5512106.06,-0.0080063912867578,-0.0079744255031185,1.0161026637174966,
2022-01-15,5.8452384534,5.9201299759,5.7431540468,5.9117580554,3243624.68,0.0113268550232789,0.0113912467345103,1.015108712975919,
2022-01-16,5.9117913661,5.9603311693,5.6353516192,5.6579848354,4384440.95,-0.0438754658143034,-0.0429268616242159,0.9982026140864598,
2022-01-17,5.6581592261,5.6619509014,5.1684454047,5.2401994899,7269701.84,-0.0767082244708769,-0.0738399549758538,1.0248419314837098,
2022-01-18,5.2401725441,5.3447086148,4.8278071351,5.0787711964,12857429.16,-0.0312902263421566,-0.0308057534471994,1.014344701775717,
2022-01-19,5.0787534766,5.2664977912,5.0632920516,5.257445952,5168081.33,0.0345760065129617,0.0351807058618136,1.0135946732424614,1.0284394128662624
2022-01-20,5.2574596111,5.5300909676,5.2245699246,5.3394417301,5987545.89,0.0154757542111156,0.0155961238305848,1.0135490990614198,1.013954394737367
2022-01-21,5.3396527554,5.3699418862,5.0028235939,5.030795187,5888051.72,-0.0595430420980892,-0.0578050213302392,0.9627890595173386,1.0183375072983865
2022-01-22,5.0307887216,5.0439119716,4.5831920436,4.6280932023,7095188.79,-0.0834331125694189,-0.0800473821197523,0.9635015733334087,1.026607461206032
2022-01-23,4.6282469612,5.0100227449,4.6107608526,5.0020637495,4254421.45,0.0777056292619922,0.08080445463245,0.9870010819581536,1.0055943980599533
2022-01-24,5.0021262383,5.2549801649,4.9943491153,5.2336355457,3986455.58,0.0452555924285201,0.0462952508798288,0.9902859807093037,0.9995005400689801
2022-01-25,5.2336689995,5.326847197,5.2237735616,5.2451423172,2901889.39,0.0021962057552168,0.0021986191815466,0.9690559287891719,0.9981121516051152
2022-01-26,5.2451157722,5.3059365942,5.1617155547,5.2254460246,2862148.39,-0.0037622175926071,-0.0037551493189063,0.9464901440767375,0.984806605580689
2022-01-27,5.2252193999,5.2395145707,4.977728021,4.9845584914,2941406.37,-0.0471953256982129,-0.0460989419976718,0.9390895111924225,0.9491803092387671
2022-01-28,4.9844852701,5.3554380988,4.9540121412,5.3472372124,3642991.98,0.0702351865565124,0.0727604504241929,0.9684264836189631,0.9464769350880139
2022-01-29,5.3472791112,6.0058993605,5.208684644,5.9389160946,6440361.03,0.1049466224415581,0.1106513249174589,1.0111131371845696,0.9532156157250963
2022-01-30,5.9389568117,6.3298766664,5.447329822,5.447329822,9445634.41,-0.0864010933698258,-0.0827737359426541,1.0319594037601765,0.9528660004853247
2022-01-31,5.4474202128,5.4490641819,5.0833773998,5.0984902877,2971964.09,-0.0661810738099481,-0.0640386291447142,1.0433418726156427,0.9586181748810888
2022-02-01,5.0984295358,5.1967486539,5.0971162102,5.1493443988,2100185.13,0.0099249314807698,0.0099743469596647,0.9898611212107863,0.9168947670164269
2022-02-02,5.1494085418,5.2561342076,4.9011811189,4.9578258168,3022661.75,-0.0379021041190829,-0.0371928088641015,0.9481907774549627,0.9187828747796171
2022-02-03,4.9576357118,5.0884299144,4.8277944785,5.0789834768,2887451.3,0.0241438373257972,0.0244376596671564,0.9517613610081619,0.9193449775092725
2022-02-04,5.078855837,5.1899033404,4.930809717,4.9584688628,2452061.77,-0.0240141425110143,-0.0237280972758607,0.8965854273911241,0.9188794470058123
2022-02-05,4.9586169434,5.1613598823,4.9465603431,5.1177629639,3221855.44,0.0316204263963182,0.0321256632859134,0.8901517833799858,0.9135986658833024
2022-02-06,5.1176902539,5.1358331436,4.9120163096,4.9137370175,1540767.5,-0.0406826667856585,-0.03986623605649,0.891853334380888,0.9157165724015383
2022-02-07,4.9135933364,4.9701862913,4.8683996112,4.961811801,2838537.92,0.009736200822483,0.0097837518224488,0.8912392372102121,0.9159496956225409
2022-02-08,4.9619524966,4.9933068082,4.8222391618,4.8454181409,2154541.82,-0.0237374112869979,-0.0234578949722643,0.8911709777489593,0.9166108068737797
2022-02-09,4.8452745675,4.9202653372,4.8452745675,4.8916540271,1463734.7,0.0094969479348068,0.0095421870425846,0.8832004145439456,0.9161054349159182
2022-02-10,4.8916643689,4.8916643689,4.4378819228,4.4767629199,4576941.7,-0.0886302704144712,-0.0848161184134208,0.9175464819510027,0.9273010087040067
2022-02-11,4.4768713582,4.4827427751,4.3514541574,4.3514541574,1101450.59,-0.0283901444345295,-0.0279909311129655,0.7902593407460174,0.9268518302712065
2022-02-12,4.3514867381,4.3732758963,4.3270188914,4.350254902,650767.91,-0.000275636751219,-0.0002755987668997,0.7840205041458781,0.9266455020614297
2022-02-13,4.3502313729,4.3681598659,3.9934121857,4.0557894362,2085776.92,-0.0700890907552848,-0.0676892440635192,0.8029888370400405,0.9326487080102505
2022-02-14,4.0557951936,4.1344947356,3.9664682995,4.1272175242,1719487.75,0.0174581061762282,0.0176113896255232,0.8047433861763514,0.9312852510908952
2022-02-15,4.1270117966,4.2060296541,4.1051511898,4.2028058646,1340064.83,0.0181489082689238,0.0183146005648568,0.8034571066391355,0.9316705667321509
2022-02-16,4.2033269515,4.3950746617,4.1797719868,4.3825944366,1840317.25,0.0418885209146799,0.0427782243082766,0.7912093028116108,0.9341742257463825
2022-02-17,4.382677453,4.5859221335,4.38054074,4.5332637584,2714689.74,0.0338012703951049,0.0343790245662998,0.7955780157802417,0.9182315641772122
2022-02-18,4.5332672461,4.5638907459,4.3071133543,4.3181238041,926780.56,-0.0486211532323826,-0.0474580712188548,0.79725590036392,0.914277884771233
2022-02-19,4.3190854785,4.3351561514,4.2464805739,4.2674896805,832252.31,-0.0117952457889573,-0.0117259545805341,0.7946193157819698,0.9139129026046017
2022-02-20,4.2672177279,4.298855884,4.167715741,4.1802285032,710001.57,-0.020659846643156,-0.0204478941563076,0.7803401149347268,0.9124690292486034
2022-02-21,4.1799200091,4.190557785,4.0060436073,4.0060436073,989331.95,-0.0425617881987284,-0.0416687498701711,0.7537135242315814,0.9133105403868537
2022-02-22,4.0071327339,4.0985225294,3.8864574688,4.07899572,3608177.82,0.0180466883769527,0.0182105138763502,0.7158387194410436,0.9142633387589013
2022-02-23,4.0794306077,4.156048563,3.9623489078,3.9641589939,1223801.88,-0.0285570859345674,-0.0281531862210436,0.7010087623610769,0.9126118581249777
2022-02-24,3.9641769507,3.9755142566,3.7639874967,3.7746497334,1715318.26,-0.0489861325817102,-0.0478056659159268,0.7093852058188325,0.9152490488193641
2022-02-25,3.774612237,3.8945336231,3.6943682096,3.8852481751,670358.39,0.0288792695721597,0.0293003191054708,0.718515259882632,0.9136918556168285
2022-02-26,3.8857968098,3.887598559,3.8587288433,3.8645160436,159140.46,-0.0053504030246116,-0.005336115111737,0.7098129201347514,0.9128852537925632
2022-02-27,3.864327459,3.8892360698,3.8356431175,3.8358917762,312551.76,-0.0074345151355981,-0.0074069474876173,0.6695146234115767,0.9080142424272787
2022-02-28,3.835831205,3.8894971661,3.8040538631,3.8493938626,1082751.27,0.0035137536655109,0.0035199341346838,0.5745883246758491,0.8925019982489907
2022-03-01,3.8493658926,3.9310354385,3.8255768577,3.8334291019,1201238.93,-0.0041559681259006,-0.0041473440416451,0.5330408496462817,0.8915709727274225
2022-03-02,3.8334005442,3.852338475,3.6197238396,3.6203513576,1856863.66,-0.0571886482552208,-0.055584109849427,0.5256417874559618,0.887436310727387
2022-03-03,3.6206848072,3.621429162,3.4794228882,3.4842636127,1849721.36,-0.038314361304284,-0.0375896512404296,0.5272170434751692,0.8842339676044673
2022-03-04,3.4825414346,3.4825627986,3.321769903,3.3328153589,1133869.04,-0.0444393200125681,-0.0434663592180503,0.5302298102447693,0.8769490866701388
2022-03-05,3.3328030847,3.3453561269,2.9696249449,3.0633278148,2491009.27,-0.084315553703303,-0.080858828071695,0.5563209944991078,0.8838353177343389
2022-03-06,3.0633463081,3.0820331221,3.012831159,3.0243577252,757971.53,-0.0128030995266826,-0.0127214885105414,0.55601589067652,0.8800645412995982
2022-03-07,3.0243953031,3.0256915572,2.8626767419,2.8709624642,1254020.22,-0.052051419758367,-0.050719946163067,0.545908694135346,0.8828223075015068
2022-03-08,2.8709038119,2.9072780813,2.8019837422,2.8227397968,841872.15,-0.0169393544921046,-0.0167966903090239,0.5421398103098226,0.8829056205456294
2022-03-09,2.8227587695,2.827007744,2.7242987321,2.7249655581,537305.89,-0.0352521836348657,-0.0346380629241285,0.5374545403272117,0.8576655874879578
2022-03-10,2.7249457663,2.7304715288,2.7054103077,2.7108437138,320339.42,-0.0051958688630484,-0.0051823936849486,0.5390116068395298,0.8543042722274318
2022-03-11,2.7108612964,2.7338980802,2.6993272169,2.7104831209,264616.02,-0.0001330275452952,-0.0001330186975236,0.535241141284962,0.8463212036135213
2022-03-12,2.7105101502,2.7328377635,2.7008722647,2.7088824688,278636.0,-0.000590715691736,-0.0005905412535712,0.49607745166815237,0.8152220776922662
2022-03-13,2.7089262642,2.8091367657,2.7089262642,2.8049240559,849999.5,0.0348402873567887,0.0354543204462263,0.5166047069773874,0.8005788948049319
2022-03-14,2.8048998628,2.8082686426,2.7640145176,2.7937364558,488266.32,-0.003996532730487,-0.0039885572218854,0.5158177685120031,0.8005814246746792
2022-03-15,2.7937123701,2.9283940396,2.7807428121,2.9226966004,1258102.7,0.0451267520780884,0.0461604545168423,0.5165167880575249,0.803230294684315
2022-03-16,2.9226887971,3.1798840996,2.921391002,3.1581526814,1821494.31,0.0774805787528799,0.080561246407778,0.5715384428190563,0.8143191599460623
2022-03-17,3.1581682615,3.1787100155,3.1070639078,3.1161491299,644137.08,-0.0133892758968062,-0.0133000382620448,0.5658393982059947,0.8060047378039005
2022-03-18,3.1161005546,3.1168830091,2.8661036134,2.8963272397,1280956.11,-0.0731545209926054,-0.0705428017198439,0.5724154679556421,0.8136500900154139
2022-03-19,2.8962373032,2.925864819,2.8896501714,2.9160619647,337577.51,0.0067905985440025,0.0068137069352853,0.5580676537402229,0.8067613352515477
2022-03-20,2.9160630242,2.9508955837,2.8976029125,2.944157035,369384.28,0.0095884763192452,0.0096345930368082,0.5528043513987531,0.8053949349009901
2022-03-21,2.9441428894,3.0495196756,2.9404129154,3.0464024259,861681.69,0.0341388217945559,0.0347282395892989,0.5692904193888769,0.807403846282973
2022-03-22,3.0463923029,3.1355383119,2.8559260434,2.9187914948,2123376.15,-0.0427917029637083,-0.0418890590471807,0.5760477551878166,0.7814463799723331
2022-03-23,2.9187655326,2.9734472888,2.9145401002,2.947047672,607561.61,0.0096342211074999,0.0096807796138709,0.5718114502195957,0.7719780753337797
2022-03-24,2.9470946635,3.0521649309,2.942320648,3.0471591969,963651.05,0.0334058656588957,0.0339701070502398,0.5800851431271726,0.7710236515056885
2022-03-25,3.0471572477,3.1545267204,3.0425966395,3.1489943195,949160.14,0.0328733924770147,0.0334196922509335,0.5899902610670803,0.770208934825359
2022-03-26,3.1490706879,3.23259028,3.1447489166,3.2311606733,836015.71,0.0257582760545314,0.0260928872723551,0.5842532710801721,0.7636243049937125
2022-03-27,3.2311610036,3.3438685312,3.2217060092,3.3421047184,1210610.58,0.0337593494679769,0.0343356633474658,0.5868907637269881,0.7572491595506275
2022-03-28,3.3421121891,3.3617611469,3.2483932095,3.3617611469,1484965.19,0.0058642237853593,0.0058814520059116,0.5877352565922779,0.7524193150982107
2022-03-29,3.3616534546,3.3616534546,3.2156479289,3.2343788694,1245984.22,-0.0386280812779128,-0.0378915312342947,0.5959178862856954,0.7540747545034585
2022-03-30,3.2343789884,3.2760807025,3.2077498164,3.2594864162,890002.92,0.0077327356835643,0.007762710496763,0.596608885738223,0.74866022926526
2022-03-31,3.2595137418,3.2621420105,3.1642155399,3.1941749914,1006708.22,-0.0202408060936037,-0.0200373360893284,0.598102975682039,0.7466581485221132
2022-04-01,3.1942756128,3.2537240897,3.1699922104,3.2530300496,903735.15,0.0182580491212172,0.018425746353428,0.5818322643009236,0.7469615235596151
2022-04-02,3.2530558924,3.3148574663,3.2114825906,3.3122027414,1441674.12,0.0180265638879309,0.0181900231162255,0.5754725109135176,0.7234723219058182
2022-04-03,3.3121456681,3.3543952196,3.2925761392,3.3196186986,910588.72,0.0022364776730521,0.0022389804547005,0.5610611491307752,0.7035495846402291
2022-04-04,3.3196121987,3.3380335622,3.2439372199,3.2474002167,1217738.66,-0.0219951836121924,-0.0217550533531025,0.5061976825515059,0.7032332559265442
2022-04-05,3.2474199842,3.2649951346,3.2205873293,3.2383562787,727825.04,-0.0027888632168692,-0.0027849779505128,0.5044915296587814,0.6788128310720183
2022-04-06,3.2383093479,3.2393835467,3.15717965,3.202690495,632638.98,-0.0110746434483795,-0.0110135453392168,0.4795048213834873,0.6740276919524523
2022-04-07,3.2026905113,3.2484948296,3.1595607379,3.2243103534,1477732.64,0.0067278472369573,0.0067505300414612,0.4755663507393791,0.6717853538474655
2022-04-08,3.2244349659,3.2245861296,3.1624313877,3.1683152149,644342.23,-0.0175191148176955,-0.0173665473737519,0.4653752229588564,0.6712074403904033
2022-04-09,3.16832025,3.1818804491,3.1595053556,3.1707961699,282732.93,0.0007827453963407,0.0007830518214642,0.4645561056897988,0.670653963756717
2022-04-10,3.1707626709,3.2223084132,3.1531878613,3.1979694679,676490.35,0.0085333530663713,0.0085698659087434,0.46436666594293197,0.6676813193300818
2022-04-11,3.198061435,3.3034820822,3.1803683366,3.1803688243,1055095.13,-0.0055188945669932,-0.0055036934456906,0.46514855865236665,0.6676413193236161
2022-04-12,3.1803694539,3.4726762103,3.1415129262,3.4726762103,1773090.65,0.0879283663148284,0.0919099016964917,0.5169595917643918,0.63336758200921
2022-04-13,3.4726073021,3.4998434312,3.4299276694,3.4520496545,641093.08,-0.0059573814780249,-0.0059396714668707,0.5173570241879111,0.6297874573427481
2022-04-14,3.452020818,3.4703755034,3.2962104284,3.4399342603,1466093.69,-0.0035157965629229,-0.0035096233868499,0.5053186140152602,0.6297905778961483
2022-04-15,3.4399165695,3.5295144676,3.4265299329,3.5281442776,727869.44,0.0253196714949102,0.0256429369357504,0.46139715480094307,0.6313071619373369
2022-04-16,3.5281095343,3.5356447502,3.520500667,3.5351381893,252428.91,0.0019803580045147,0.0019823202085027,0.45859433882415546,0.6281180425736101
2022-04-17,3.535094077,3.5355062064,3.5244566433,3.526733366,253415.99,-0.002380339886579,-0.0023775091240956,0.3965240827642686,0.6163711071747772
2022-04-18,3.5267637188,3.5518243487,3.51128437,3.5345615837,252756.6,0.0022172196354247,0.0022196794845532,0.3967228920648601,0.6147801161208869
2022-04-19,3.5345454388,3.5499207474,3.504183445,3.5318809959,261047.78,-0.0007586810190227,-0.000758393293347,0.3971361789766936,0.6113313544892226
2022-04-20,3.5319082962,3.5474337077,3.4934522044,3.4972176941,262557.81,-0.0098628812374959,-0.0098144025351473,0.39053001323712355,0.610466113563196
2022-04-21,3.4972195784,3.5387742238,3.401825455,3.421156264,265945.43,-0.0219891249923137,-0.0217491265208683,0.37284709734123994,0.6041149560292383
2022-04-22,3.4211063628,3.4385679076,3.3704880999,3.433874494,251124.27,0.0037106309342324,0.0037175238482471,0.37264306007080605,0.5892022028911018
2022-04-23,3.4338302747,3.4424163399,3.4204890825,3.4357926603,231463.57,0.000558445207538,0.0005586011670932,0.3629945332305941,0.5730857556236845
2022-04-24,3.4357582732,3.4399034625,3.4206641084,3.4348007317,238725.98,-0.0002887461243294,-0.0002887044411793,0.35265098962649516,0.566998117805202
2022-04-25,3.4348087008,3.4470625412,3.2980815757,3.3673593023,263864.15,-0.0198300654663386,-0.019634742935035,0.35171957585560326,0.5674395890151537
2022-04-26,3.3673098693,3.3726546769,3.2944803317,3.3001601087,261324.33,-0.0201578622919714,-0.0199560508895207,0.3431932726550436,0.5680074761749211
2022-04-27,3.3001147936,3.3120674717,3.2363347888,3.2546766811,218991.38,-0.0138780442795696,-0.0137821881672028,0.34481745993109325,0.5637371233164876
2022-04-28,3.2546835383,3.2657436148,3.1357244257,3.251280744,240455.95,-0.0010439470124146,-0.0010434022893027,0.3259419312691727,0.5493300587969423
2022-04-29,3.2513095448,3.2831326212,3.1110209965,3.132922969,257698.09,-0.0370825691009272,-0.0364034312381114,0.34237611496842046,0.5190289742209728
2022-04-30,3.1328616417,3.1423607244,2.8937880412,2.9190115817,226590.2,-0.0707213651319297,-0.0682785339494889,0.39398790594536853,0.5128729202090109
2022-05-01,2.9190038811,2.9489412616,2.8906998836,2.9142392374,218529.02,-0.0016362558418152,-0.0016349179050604,0.38884460805735926,0.5030380375173208
2022-05-02,2.914201934,2.9813865808,2.9022192543,2.9813865808,226777.41,0.022779684154659,0.0230411225469282,0.39138450775045325,0.5046631097014216
2022-05-03,2.981375461,3.0160751727,2.9333122992,3.0118768926,220223.71,0.0101749489202284,0.0102268897285431,0.39306954071318,0.5024846570584984
2022-05-04,3.0118038806,3.0681498975,2.9858991252,3.0503357038,202273.15,0.0126882145904898,0.0127690515155154,0.39154176446080696,0.5009318926292472
2022-05-05,3.0503384315,3.0723967184,2.9637375992,2.9802252351,224407.85,-0.0232527714726435,-0.022984509086216,0.39632352042397845,0.5008545405136302
2022-05-06,2.9802310593,2.9957127464,2.9452372969,2.9553774785,216312.55,-0.008372494908548,-0.0083375431854452,0.3959085959519284,0.49688156984829496
2022-05-07,2.9553449351,2.9830361606,2.9409102094,2.9614258894,209247.06,0.0020444867374297,0.0020465781254683,0.3951736553176135,0.49359457708979787
2022-05-08,2.9614197821,2.9668158482,2.9001119925,2.9186538226,223940.56,-0.0145483814179018,-0.0144430650630483,0.39430726141205197,0.49312697046585435
2022-05-09,2.9187012343,2.9360851785,2.8549553909,2.872807847,218612.62,-0.0158325949129339,-0.0157079182344275,0.39595598332613346,0.49249417774538506
2022-05-10,2.8729120665,2.8729120665,2.7811867054,2.7914474781,210975.5,-0.0287296247544173,-0.0283208530584329,0.40098389348007096,0.4932837846468165
2022-05-11,2.7914449462,2.795881221,2.6776752085,2.6795035361,188504.24,-0.0409287410146637,-0.0401024711653161,0.41464189778245464,0.47690894098265185
2022-05-12,2.6795229134,2.6925325817,2.4624216939,2.5441532934,184264.75,-0.0518336291362778,-0.0505131793544864,0.3294825750402763,0.48165643897576615
2022-05-13,2.543942128,2.626082642,2.5231291381,2.5880739359,184670.79,0.0171160444687875,0.0172633632627161,0.3388223941902887,0.4831149184507035
2022-05-14,2.5880828903,2.592655414,2.5476330869,2.5487463693,197490.0,-0.0153123265676091,-0.0151956889849531,0.3387060911533187,0.4710094698344091
2022-05-15,2.548746863,2.5884928946,2.5255647566,2.5690553456,206250.9,0.0079366431280352,0.0079682217676204,0.32648322096011106,0.469983111736031
2022-05-16,2.5690949171,2.6685073818,2.5575757548,2.6307930761,216387.15,0.0237470890492229,0.0240312964085174,0.3395887305195168,0.47086539599155264
2022-05-17,2.6307764613,2.6754817448,2.6187565727,2.6239144337,204476.85,-0.0026180891386422,-0.0026146649322177,0.3395439901098033,0.4641025649106457
2022-05-18,2.6238964982,2.6673042111,2.6162388639,2.6194686897,208787.4,-0.0016957544244675,-0.0016943174453029,0.3385227373885137,0.45932443533760786
2022-05-19,2.6194265669,2.6617675423,2.5872494206,2.590283015,165950.29,-0.0112043650750084,-0.0111418299500052,0.3374001220904918,0.45374882860410043
2022-05-20,2.5902421106,2.631131401,2.5152870902,2.5326531068,179667.24,-0.0224997298473464,-0.0222484986645367,0.33922920404487555,0.45451032615667086
2022-05-21,2.5328449986,2.5674445961,2.4801114672,2.4924189788,172291.02,-0.016013695767569,-0.0158861582314507,0.3379495590796948,0.454146490119578
2022-05-22,2.4924037639,2.5295696904,2.4800309336,2.5274375642,182124.55,0.0139522526883509,0.0140500396192859,0.34297318308314634,0.45100926133237307
2022-05-23,2.5274343887,2.5370604214,2.4808387967,2.4977896952,162246.85,-0.0117997501280286,-0.0117304060919045,0.3414664975456834,0.44943120991748925
2022-05-24,2.4976901383,2.536548044,2.4898414674,2.4941005906,170910.61,-0.0014780394040692,-0.0014769476417847,0.3411708458062175,0.44777013787410347
2022-05-25,2.4940662479,2.5080013422,2.1368742773,2.1678774681,141994.46,-0.1401796159076683,-0.1307979011470108,0.5071757256513901,0.496409401775269
2022-05-26,2.1678589042,2.1826863444,2.137829605,2.1529439128,145605.79,-0.0069123962531411,-0.0068885605942886,0.5073852515535578,0.4928558708400406
2022-05-27,2.1529325307,2.1886433619,2.1195056413,2.130665029,151859.37,-0.0104020161444271,-0.0103481022740742,0.5075066734682958,0.49289326929341293
2022-05-28,2.1490532492,2.170743503,2.1192317252,2.14694558,159655.37,0.0076120204010481,0.0076410654788101,0.510058611908935,0.49346520725885695
2022-05-29,2.1469578696,2.1716003254,2.1203029874,2.161093148,154278.29,0.0065680091346613,0.0065896258069102,0.5084562200924413,0.4936662191804012
2022-05-30,2.1611124618,2.1615224334,2.1136172129,2.1445105409,149519.78,-0.0077028404332829,-0.00767324958452,0.4774815718205924,0.4936559505214244
2022-05-31,2.1445152034,2.1589874176,2.1080113372,2.1185223811,142830.26,-0.0121924846547092,-0.0121184574775244,0.476801133573043,0.48624840933542024
2022-06-01,2.1185075893,2.1462676594,2.1033425168,2.1109957327,151086.38,-0.0035591082211481,-0.0035527821028219,0.466769256196665,0.4831673110553093
2022-06-02,2.1109369158,2.1383991323,2.0601171029,2.0984249005,139843.45,-0.005972731482959,-0.0059549301807075,0.4625785525446188,0.47867131497731324
2022-06-03,2.0983786114,2.0983786114,2.042119233,2.0520044803,133153.4,-0.0223699052339515,-0.0221215542138006,0.45741992031052575,0.46053927854617804
2022-06-04,2.0520141414,2.0739657446,2.0290395613,2.031203258,141162.39,-0.0101887553032163,-0.010137025771483,0.45649476488763335,0.4604258123930628
2022-06-05,2.0311964448,2.0706879078,2.0267581041,2.0367660399,138235.93,0.0027349200350356,0.0027386633406039,0.45855692036376006,0.4534528623718807
2022-06-06,2.0367438854,2.0508575951,2.0269954733,2.0340383154,120989.81,-0.0013401405079526,-0.0013392429206712,0.4577340937457031,0.45292538601426924
2022-06-07,2.0340110517,2.0511242686,2.0277200596,2.0355455368,149275.13,0.0007407251078508,0.0007409995124421,0.45928804766608866,0.44980619636254093
2022-06-08,2.0355490358,2.0510758059,2.0278969657,2.0370355981,145690.82,0.0007317528206966,0.0007320206171081,0.46059788143919356,0.44984261403065423
2022-06-09,2.0370585335,2.1656642622,2.0354212499,2.1320561152,140320.63,0.045591213566883,0.0466464686177445,0.4860473949230272,0.4571652462496696
2022-06-10,2.1321369339,2.2814924607,2.1084330829,2.2590051778,158806.1,0.0578377031518767,0.0595430212624077,0.5131733627451431,0.4682370718317959
2022-06-11,2.2590109953,2.2781720331,2.1396656153,2.1511699582,134030.63,-0.048912668820113,-0.0477357115688502,0.5109560969746754,0.4705373272940403
2022-06-12,2.151147541,2.2020614658,2.1278085872,2.1499693046,145000.86,-0.0005582956318438,-0.0005581398138364,0.5066800733299655,0.47055081631365536
2022-06-13,2.1499456824,2.1802527464,2.0479581336,2.0618240659,187526.01,-0.0418625052187443,-0.0409983707727397,0.5165838765221239,0.4679127577515942
2022-06-14,2.0618396035,2.1065182114,2.0244293932,2.0472031827,143539.82,-0.0071164993664211,-0.0070912370467542,0.5146233191633756,0.4472196222595366
2022-06-15,2.0471612214,2.0609657522,2.0066860532,2.0373719347,130055.29,-0.0048138504997495,-0.0048022824910979,0.5061077203118547,0.44698434073562954
2022-06-16,2.0373303644,2.0501855905,2.0070316774,2.0110566717,136964.31,-0.0130004187737693,-0.0129162783445697,0.5059500056541929,0.4319899142663515
2022-06-17,2.0110966045,2.0505970474,1.9992722766,2.0106405753,127349.79,-0.000206925770852,-0.0002069043631913,0.5061517359377968,0.43165112081509444
2022-06-18,2.0106045531,2.0425710232,1.9868445496,2.0110447867,127927.39,0.0002010159249056,0.0002010361299604,0.5067633673512923,0.43109176565718393
2022-06-19,2.0110238794,2.0240669179,1.9797426325,1.990386746,130822.23,-0.0103254168252617,-0.0102722927090541,0.5050531832831257,0.42627857041866957
2022-06-20,1.9903426597,2.0190537427,1.9785418896,2.0109209086,140852.8,0.0102638160512007,0.0103166696830487,0.5071819524881294,0.42208917446003175
2022-06-21,2.0109477821,2.0273386046,1.9799224803,1.9969088079,139985.39,-0.0069923917845296,-0.006968001894095,0.5032247839650154,0.42146936394561607
2022-06-22,1.9969075587,2.0157858235,1.9775390356,1.9822749586,142798.21,-0.0073552347075669,-0.0073282511660556,0.5030867691017109,0.4166285558102978
2022-06-23,1.9822766736,2.0197455319,1.9758519553,2.0132786213,127720.47,0.0155193939217437,0.0156404451186209,0.5073093141431427,0.4131857938454927
2022-06-24,2.0132363424,2.030072809,1.9841191569,1.9910054279,144352.32,-0.0111247967620534,-0.0110631450432915,0.3144373664408364,0.410016314048221
2022-06-25,1.9910278151,2.0258110177,1.9803789166,1.9928695182,141330.45,0.0009358177459186,0.0009362557599685,0.31437616882911645,0.4047899977447822
2022-06-26,1.992875232,2.0125700692,1.9866836368,2.005181377,142878.7,0.0061589499689584,0.00617795529891,0.3144575500355892,0.4048142301804231
2022-06-27,2.0053029144,2.0135545948,1.9960877888,2.0111327588,128540.57,0.0029636059106266,0.0029680017320448,0.3135070221631898,0.401213645509393
2022-06-28,2.0111556534,2.0218348344,1.9955506295,2.0115071525,132306.66,0.0001861432836826,0.0001861606094186,0.3125039184932475,0.40071906896539006
2022-06-29,2.0115323985,2.0131030717,1.9700163429,1.9719877778,133612.25,-0.0198422099144561,-0.0196466488577401,0.31625499089754255,0.4006777196391445
2022-06-30,1.9719944368,1.995196308,1.9620909569,1.9685227737,129160.57,-0.001758657893582,-0.0017571123609425,0.31500433052304766,0.39873233124049196
2022-07-01,1.9686038032,1.9872078417,1.9587610961,1.9587785463,134691.54,-0.0049623120823261,-0.004950020152261,0.3150735908699101,0.39672898596703726
2022-07-02,1.9587544614,1.9750813903,1.9161941064,1.9196310897,132402.73,-0.0201880615181106,-0.019985647011474,0.3191051219923268,0.3972111671030014
2022-07-03,1.9196174599,1.9295951249,1.8992938501,1.902114953,144717.7,-0.0091666265400946,-0.0091247410994668,0.31438907843590325,0.39633538533930585
2022-07-04,1.9021014021,1.9234868372,1.8682464108,1.922294867,7163107.17,0.0105533152773952,0.0106091979184392,0.31574200151598975,0.3972637719983395
2022-07-05,1.9223132568,1.9432120402,1.904940983,1.9222224681,11535456.29,-3.766345353548487e-05,-3.766274427652316e-05,0.3154953021646309,0.39727773380621156
2022-07-06,1.9222293558,1.9324696587,1.9158572757,1.9204360551,3377425.99,-0.0009297797958935,-0.0009293476845922,0.31550420361968495,0.39680733354469994
2022-07-07,1.9204194261,1.9331041581,1.9159266022,1.9217452277,32498.69,0.0006814736496303,0.0006817059055537,0.3154999152839948,0.39644839581733177
2022-07-08,1.9216771323,1.9331776251,1.9164134274,1.9274279494,34211.82,0.0029526994849235,0.0029570629957027,0.3157275633199015,0.39656323216984063
2022-07-09,1.927435927,1.9331707217,1.9165006977,1.9305786054,34524.03,0.0016333081116703,0.0016346426858555,0.28227106469183094,0.39603806357462507
2022-07-10,1.930578924,1.933297334,1.9167184789,1.9167532589,34209.05,-0.0071870098539802,-0.0071612450595532,0.21469304661149113,0.39604684049252115
2022-07-11,1.9167376548,1.933150646,1.9161960749,1.9270762215,33914.19,0.005371199461663,0.0053856502145321,0.1728213537829055,0.3635915946675169
2022-07-12,1.9270758203,2.0007196523,1.8684051485,1.9353174871,32492.7,0.0042674459046051,0.0042765644181865,0.17413659256235223,0.36404054923520285
2022-07-13,1.935316365,1.9679572837,1.889758689,1.9358566799,35429.54,0.0002785680934137,0.0002786068971081,0.13095522187889347,0.3641818926355964
2022-07-14,1.9358761039,1.9618979721,1.881813851,1.9218904145,34822.77,-0.0072406646034059,-0.0072145141450872,0.13099702980867434,0.3602089780751706
2022-07-15,1.9218471018,1.949737921,1.8676816075,1.8800667979,33748.2,-0.0220019855249002,-0.0217617072672068,0.1430065756962929,0.3607981720320726
2022-07-16,1.8800583173,1.9365156243,1.8623350633,1.8851943477,34175.77,0.0027236108048949,0.0027273232024134,0.14038171354084406,0.3610848227102443
2022-07-17,1.8852028956,1.9275065494,1.8620421521,1.9104412477,33472.25,0.0133033173023863,0.0133922001361832,0.14730069036223278,0.3623568346098814
2022-07-18,1.9104268038,1.923615989,1.8576755055,1.8681238454,32147.52,-0.0223995991127939,-0.0221505907867861,0.15887058954421876,0.3631377105860477
2022-07-19,1.8681383276,1.9241752454,1.8308598462,1.8810829247,35077.68,0.0069129987774255,0.0069369487102848,0.1593073053954843,0.36385753427921885
2022-07-20,1.8810897698,1.92242546,1.775404831,1.7826312023,33978.7,-0.0537571584044967,-0.052337789635564,0.21515821265261204,0.371395177771621
2022-07-21,1.7826045554,1.8001883999,1.7574814138,1.79730406,259945.02,0.0081973213413294,0.0082310113730024,0.21782018917572907,0.3718454728336582
2022-07-22,1.7973077709,1.8896328505,1.7698691791,1.8346857605,241312.84,0.020585421440779,0.0207987626200543,0.22833385182323618,0.3745279953029662
2022-07-23,1.8346855768,1.909418043,1.8197263544,1.8746068409,253246.11,0.0215257334240473,0.0217590833588421,0.2330849922684983,0.37739782933000415
2022-07-24,1.8746028075,1.937284852,1.8603014874,1.9120372236,274644.88,0.0197703302676459,0.0199670575628698,0.24010513571182385,0.37931776558180264
2022-07-25,1.9120417308,1.9523080092,1.858930755,1.9150092411,271007.93,0.0015531654109082,0.0015543721970037,0.240162844211692,0.3788094298194132
2022-07-26,1.9150179009,1.9658789115,1.8873483335,1.9493023076,279555.11,0.0177490693181816,0.0179075201121754,0.2455905995314183,0.3806505412034179
2022-07-27,1.9493038358,1.9794517897,1.9009823965,1.9555654318,277826.86,0.0032078574685723,0.003213008149419,0.24562537152302708,0.38086409378578434
2022-07-28,1.9555925473,2.0136143517,1.9425528978,2.0102117027,252552.9,0.0275606662036864,0.0279439746742202,0.259151256392626,0.3811179804231345
2022-07-29,2.0102227684,2.0104188635,1.9684691392,1.9849071462,265100.06,-0.0126679059390489,-0.0125880057637771,0.2551869695203319,0.3647718857651809
2022-07-30,1.9849043589,1.9956379183,1.9533609356,1.9871035869,266557.09,0.0011059592088092,0.0011065710072155,0.25512923880043975,0.3648571228471484
2022-07-31,1.9870857626,1.9956640709,1.9540328182,1.9709562436,262633.65,-0.0081592666981672,-0.0081260702292781,0.25587084721117254,0.36202812362476416
2022-08-01,1.9709453821,2.039038977,1.9568861737,1.9902551936,264882.72,0.0097440406818765,0.0097916684161134,0.24977274609579583,0.3619790490016747
2022-08-02,1.9902670227,2.0714478992,1.982755304,2.0454258106,268967.54,0.0273431196576539,0.0277203733357462,0.25884895942961217,0.3647810249018394
2022-08-03,2.0454030864,2.095360073,2.0110359416,2.0828441884,298640.97,0.0181283697825982,0.018293686139134,0.2618307829456841,0.3653101172686103
2022-08-04,2.0828502815,2.1119107591,2.0068977835,2.0282094243,285590.18,-0.0265810111273694,-0.0262308454968825,0.2751806584792405,0.3671956877406038
2022-08-05,2.0281676485,2.0577441765,1.9710919384,2.0134442047,280952.26,-0.0073065564954463,-0.0072799285039788,0.2763462993169781,0.3670800147338693
2022-08-06,2.0134374392,2.0387915624,1.9510308813,2.0008410345,295079.27,-0.0062791809046528,-0.0062595080462523,0.27727699823632596,0.3666860768929285
2022-08-07,2.000846882,2.0277296147,1.9492303165,1.9813361615,283159.8,-0.0097961632652291,-0.009748337156067,0.27909045797150295,0.3662825289385382
2022-08-08,1.9813654525,2.0533320288,1.9445212229,1.9850405315,303348.03,0.0018678866702616,0.0018696322572517,0.27909649947801385,0.3640350451203577
2022-08-09,1.985024721,2.0113175279,1.9379132117,1.9669511355,275471.84,-0.0091546358694268,-0.009112859769332,0.27965130881564937,0.35869971673180795
2022-08-10,1.9669426979,2.010009941,1.9470819194,1.9924982698,244848.64,0.0129045663725679,0.012988189609248,0.2815527817409023,0.35022432490783423
2022-08-11,1.9924879624,2.0390351119,1.964274548,2.0128430859,271932.23,0.0101589299212682,0.0102107070346626,0.2826420507916764,0.34930113186171086
2022-08-12,2.0128048194,2.0194289702,1.9579784354,1.9933463169,262987.19,-0.0097334004785868,-0.0096861842518054,0.2844430989814903,0.3488594333882721
2022-08-13,1.993353842,2.0211217433,1.9492973666,1.9730396311,294530.58,-0.0102394792087286,-0.0101872342140629,0.28532721759411706,0.348611428230148
2022-08-14,1.972990628,1.9974226343,1.9079363311,1.9174703328,263189.79,-0.0285685312321438,-0.0281643092333727,0.2904903685046586,0.34826586923521835
2022-08-15,1.9174781535,1.935506157,1.8842244861,1.9004385769,248239.22,-0.0089220928446989,-0.0088824090827674,0.29172854029028017,0.3483796756609145
2022-08-16,1.9004238429,1.9342103146,1.8827400295,1.917244073,276323.23,0.0088040867684601,0.0088429567281322,0.2902694292466644,0.34898335009721776
2022-08-17,1.9172613264,1.9703229878,1.8764142851,1.905864531,262224.84,-0.0059530485712619,-0.0059353642868191,0.28300549833251953,0.3487642722851763
2022-08-18,1.9058641562,1.9743448041,1.8777695978,1.9000363926,284647.25,-0.0030626876908688,-0.0030580024472893,0.28256876799742436,0.3472651074630519
2022-08-19,1.9000219451,1.9679002904,1.8706734344,1.9147724043,263480.34,0.0077257266510526,0.0077556470799149,0.2319484907235644,0.3470554943618699
2022-08-20,1.9147362612,1.9529728986,1.8660976107,1.8940744307,259305.33,-0.0108684744962183,-0.0108096260179636,0.23436545214366075,0.34612085401658926
2022-08-21,1.8940744982,1.9338254289,1.8560617378,1.861863404,251083.69,-0.0171524758080237,-0.0170062095648985,0.2335281245910668,0.34661273236829504
2022-08-22,1.8618677583,1.9176170702,1.8488711458,1.8755096335,257696.74,0.0073026106877776,0.0073293397736282,0.22590913501429744,0.3470520261500311
2022-08-23,1.8755011798,1.9168651564,1.5764455041,1.590114581,238207.53,-0.1650743498658455,-0.1521693343517556,0.5240060207984363,0.37615952928717417
2022-08-24,1.5901295064,1.5951016992,1.5569049674,1.5688839011,210347.76,-0.0134416016194312,-0.0133516666997973,0.5238938295763148,0.37648852030434604
2022-08-25,1.5689115629,1.5883086653,1.5407259966,1.564163773,189127.28,-0.0030131247029264,-0.0030085897985763,0.518925283713459,0.37630886128002766
2022-08-26,1.5641719741,1.5921554091,1.5220846767,1.5597839499,213555.01,-0.0028040328188763,-0.0028001051907753,0.5181556341992894,0.37584647806985666
2022-08-27,1.5598019393,1.6152556599,1.5367484116,1.5680169662,199681.96,0.0052644241338218,0.0052783055631058,0.5089800523942151,0.3757534313321466
2022-08-28,1.5679654013,1.6057686347,1.5332406078,1.5712701355,211771.74,0.0020725536461647,0.0020747028700103,0.5096685271708499,0.3758046242427974
2022-08-29,1.5712925396,1.6088435025,1.5298087436,1.5535611637,240906.65,-0.0113344751724112,-0.0112704820131802,0.5090567306135007,0.37575088426326775
2022-08-30,1.5535715922,1.6035811255,1.5249982442,1.5586692866,205766.86,0.0032826151973515,0.0032880088787972,0.5101444943228242,0.3759194367748506
2022-08-31,1.5586650612,1.6676059235,1.5272140373,1.6563618356,230717.44,0.0607910960325318,0.0626768935783044,0.5456380263527718,0.3909120689272666
2022-09-01,1.6563937959,1.7051812142,1.6390450208,1.6652202813,220284.17,0.0053338839085456,0.0053481343928643,0.5375774796148979,0.38969747843995606
2022-09-02,1.6651973168,1.7227477396,1.6398410843,1.6624644686,229888.92,-0.0016562947136668,-0.001654923814553,0.5326229645010151,0.389471176297663
2022-09-03,1.6625106488,1.6795371822,1.6317659907,1.6485240522,218859.74,-0.0084207472707267,-0.0083853920870499,0.5295657156287842,0.3895161916734126
2022-09-04,1.6485183029,1.6993841305,1.6270170053,1.655170183,241256.7,0.0040234593715967,0.0040315643506265,0.5305090823576196,0.3896589302050658
2022-09-05,1.6551720224,1.7041511955,1.6261193366,1.6414422309,233519.88,-0.0083285686818215,-0.008293982238804,0.5305338650564957,0.3897546954582595
2022-09-06,1.6414242662,1.7017421097,1.6173700662,1.6261488344,235216.41,-0.0093607234598818,-0.0093170482713941,0.5305125684866293,0.38989158975641797
2022-09-07,1.6260911268,1.6618957452,1.6109458368,1.6384441644,268477.06,0.0075325703023251,0.0075610114768718,0.5315499269522688,0.38171416007275566
2022-09-08,1.6384209556,1.6403837516,1.6040210074,1.6267958867,273474.35,-0.0071347447233432,-0.0071093528562602,0.5314910825095205,0.3676528938267906
2022-09-09,1.6267870006,1.6651502799,1.6096001635,1.6408723868,221721.03,0.0086156769882697,0.0086528987533613,0.5302863839415087,0.360123584020824
2022-09-10,1.6408717624,1.6672820411,1.6136354486,1.6342877458,254355.37,-0.0040209636202172,-0.0040128903703725,0.5280096108147361,0.3601034827036471
2022-09-11,1.6342841757,1.6535692777,1.6185492871,1.6295169098,242453.15,-0.0029234834197227,-0.0029192142034111,0.5280659541895981,0.35406340959166
2022-09-12,1.6295299309,1.650490514,1.6232218245,1.6396237165,228418.74,0.0061831778166373,0.0062023331204588,0.5292579691699317,0.3542839254486936
2022-09-13,1.6395589345,1.651035152,1.6083057677,1.6282652343,271319.89,-0.0069515997099531,-0.0069274932325609,0.5249995336012742,0.35434207976295984
2022-09-14,1.6104137667,1.6293648146,1.5940896222,1.6154482763,257360.59,-0.0079026860185061,-0.0078715418901086,0.5249492555349897,0.3540164854385956
2022-09-15,1.6154414735,1.6166854252,1.5888496213,1.599634642,231627.54,-0.0098372342032717,-0.0097890068855805,0.5233391509903023,0.35421166595834314
2022-09-16,1.5998688819,1.6291457839,1.5819745874,1.6202505675,219826.2,0.0128055541600271,0.0128878963725267,0.5261816319969629,0.35511471971026737
2022-09-17,1.6202612258,1.6283366326,1.5955744725,1.6182221038,225445.22,-0.0012527287836974,-0.0012519444465494,0.5262779893747754,0.35486588030446664
2022-09-18,1.6182253129,1.6346183562,1.6043361959,1.6174724205,241275.91,-0.000463383244484,-0.0004632758990497,0.5250434972588968,0.35424395342003934
2022-09-19,1.6174374523,1.6289545355,1.6010096037,1.6137552608,237117.83,-0.0023007733941264,-0.0022981286437334,0.52488707733427,0.3541594392031457
2022-09-20,1.6137462746,1.6282153681,1.5760407497,1.5859832942,210055.81,-0.0173593332920277,-0.0172095281574682,0.5249278748044556,0.3549531369904788
2022-09-21,1.5858723243,1.5952252992,1.5409094237,1.5792376036,234520.68,-0.0042623886488534,-0.0042533175630974,0.5235747764783499,0.35365418216779254
2022-09-22,1.579263725,1.5980050072,1.5661130937,1.5834017297,256139.3,0.002633324933681,0.0026367951792103,0.21438169160515505,0.35347523482115434
2022-09-23,1.5834185197,1.617350217,1.5649685345,1.6038256557,240618.83,0.0128162839321864,0.0128987644871838,0.21373224406652577,0.35436442056703277
2022-09-24,1.6038278435,1.6182766136,1.584662041,1.5950911446,262927.27,-0.0054609315288979,-0.0054460477477444,0.2142223622419614,0.3541018745918248
2022-09-25,1.5950966191,1.6233278713,1.5950825624,1.6164045879,222512.79,0.0132734140086248,0.0133618968246136,0.21701760182407945,0.35497494023819887
2022-09-26,1.6164069616,1.6228207351,1.6077453224,1.6112803397,243146.3,-0.0031751875539806,-0.0031701519770228,0.21701871271828163,0.35494941831930504
2022-09-27,1.611279351,1.6217310627,1.5988041382,1.6101878465,237531.8,-0.0006782579735301,-0.0006780280085856,0.2170368034203994,0.35373941261588915
2022-09-28,1.6101766268,1.6241826779,1.5806748147,1.6071312791,251126.41,-0.0019000715815011,-0.0018982675882467,0.21415060340712994,0.3537389331928938
2022-09-29,1.6071701217,1.6297574579,1.5910430474,1.6107136384,240532.3,0.0022265589994713,0.0022290396227033,0.21408022229771909,0.35378760391869163
2022-09-30,1.6113535872,1.6155752056,1.5748772583,1.5846439402,225863.96,-0.0163175957668876,-0.0161851849878766,0.12560224521273872,0.3532885157568513
2022-10-01,1.5847040291,1.5964759626,1.5654383487,1.5777855375,241686.1,-0.0043374332934897,-0.0043280402152261,0.1241655857063711,0.35310857212264457
2022-10-02,1.5777958756,1.6290688233,1.5446927622,1.5585054696,263092.9,-0.0122949756452155,-0.0122197012469447,0.12783445298865484,0.3528642169226357
2022-10-03,1.5585158436,1.5836748427,1.5455940235,1.5725906782,218012.13,0.0089970431744587,0.009037638221196,0.13035553808495143,0.35335399123585437
2022-10-04,1.5725828101,1.5834239094,1.5408978896,1.5683888345,225337.28,-0.0026755005497592,-0.0026719245880367,0.12929848762694218,0.35334786836951154
2022-10-05,1.5683881619,1.6219286657,1.547336416,1.6138840424,265881.8,0.0285948500371061,0.0290076076156864,0.15484714113292763,0.35707106043394177
2022-10-06,1.613895278,1.6575856166,1.5979208428,1.6278084819,253248.8,0.008590898140348,0.0086279058062268,0.15472648626608676,0.35741427793232106
2022-10-07,1.6277883925,1.6623955966,1.6277883925,1.6522667726,273649.62,0.0149135261366022,0.015025287662497,0.15924757677222057,0.3584728667089275
2022-10-08,1.6522661392,1.6548906956,1.6158548389,1.6317062137,229653.26,-0.0125219224643716,-0.0124438494079536,0.16216591743135786,0.35881382370391746
2022-10-09,1.6317016204,1.7111637691,1.5974931945,1.6861406319,230237.77,0.0328160434450752,0.0333604283313762,0.1865440625587932,0.3632756424414037
2022-10-10,1.6861426638,1.7051173478,1.6038908094,1.6377022856,256073.17,-0.0291480535784354,-0.0287273465709785,0.20555841510232697,0.36607009468250656
2022-10-11,1.6376867992,1.6439517482,1.5593709526,1.576506919,234754.67,-0.0380826252591366,-0.0373666002289176,0.23338151408864177,0.37103124823488487
2022-10-12,1.5765384648,1.613613409,1.5625780999,1.5861876423,276798.87,0.0061218390495715,0.0061406158027779,0.23336494190656965,0.37119925137454574
2022-10-13,1.5861727761,1.6623019864,1.5782752241,1.6604137227,263943.91,0.0457333739789001,0.0467952708876049,0.269112074535202,0.37817216248528995
2022-10-14,1.6604219178,1.6767938743,1.5960333806,1.5961705851,259300.28,-0.0394594256470641,-0.0386910423117523,0.2923658548814395,0.3834268556203197
2022-10-15,1.596169395,1.6317682594,1.5913666549,1.6030403846,241210.15,0.0042946902371563,0.0043039256355983,0.291268940664085,0.3827144931409216
2022-10-16,1.6030354324,1.6421847418,1.5990298809,1.6134414766,246524.65,0.0064673943164293,0.0064883530695298,0.28943442049039175,0.3813929501278858
2022-10-17,1.6134474935,1.6411989249,1.5972957929,1.6374326933,233849.49,0.0147601235898906,0.0148695921407429,0.2926031121678186,0.3821159029170999
2022-10-18,1.6374317145,1.6480907718,1.4700110376,1.4907184677,241052.57,-0.0938713875273731,-0.0896001565134988,0.40037219189572676,0.4029636873729404
2022-10-19,1.4907171308,1.533296174,1.4697000614,1.514489258,260982.18,0.0158200618632224,0.0159458615527017,0.4039656539156046,0.4037103641413302
2022-10-20,1.5145013823,1.5322490663,1.4797004308,1.5058632546,248633.18,-0.0057119338334203,-0.0056956517548307,0.4015497912491526,0.4019571223542542
2022-10-21,1.5058719152,1.5333657142,1.4959561629,1.5182385891,274001.8,0.0081845150864745,0.0082180997923928,0.40248647231440493,0.4003446306335432
2022-10-22,1.5182383765,1.5246397323,1.4959240104,1.5048584123,223186.65,-0.0088520243739371,-0.0088129605557791,0.40288423494963627,0.39872981829668697
2022-10-23,1.5048225597,1.5446120616,1.4904792203,1.5245994358,229053.25,0.0130328949384618,0.0131181932723014,0.40295251917067565,0.3995352393485313
2022-10-24,1.5245897997,1.5384901036,1.4940592725,1.4965869776,225259.83,-0.0185445432044231,-0.0183736511651672,0.4057910850371318,0.39893365766905836
2022-10-25,1.4965865708,1.5138815635,1.1813362977,1.3298730256,238572.97,-0.1181036991007877,-0.1113960995887795,0.52391993462176,0.44286929618496035
2022-10-26,1.3294078563,1.3696495784,1.3167950774,1.3684141674,206425.67,0.0285690591245209,0.028981068912659,0.5336602406182982,0.44307777008888805
2022-10-27,1.368414252,1.3975039862,1.323858335,1.3882651971,216422.49,0.014402380700259,0.0145065946940003,0.5366126916469554,0.443940162927455
2022-10-28,1.3882652202,1.4173050513,1.3828894609,1.4110601058,198783.02,0.0162863619517409,0.0164197076665302,0.5400863673277713,0.4451569135774702
2022-10-29,1.4110598057,1.422946271,1.3854401427,1.3947418191,200495.84,-0.0116319477483089,-0.0115645581877947,0.5401164091670718,0.4452910261738249
2022-10-30,1.3947418146,1.3951004108,1.346727736,1.3728431374,207850.12,-0.0158254500415838,-0.0157008855690086,0.5400270818317865,0.44513756929280696
2022-10-31,1.3728434064,1.3863933061,1.3321464773,1.3781424625,207562.82,0.0038526785855024,0.0038601096918007,0.5406071198036347,0.44216091608582164
2022-11-01,1.3781430708,1.3790117808,1.3480885139,1.3597351123,210818.97,-0.0134466403645065,-0.0133566381567028,0.5407615241845964,0.44076279755240166
2022-11-02,1.3597340387,1.398522258,1.294560264,1.3742662543,228701.74,0.0106300450391796,0.0106867446964875,0.5411375409311006,0.43993877467754167
2022-11-03,1.3742069349,1.420102675,1.3430274805,1.3747972505,201398.47,0.0003863106149978,0.0003863852425529,0.5412996621437807,0.4399794690303595
2022-11-04,1.3747538234,1.480333184,1.3577303411,1.3809653433,202729.06,0.0044765126823043,0.0044865472328787,0.5329775118590332,0.4402063232308571
2022-11-05,1.3813880259,1.4825842911,1.3482526063,1.4053532818,213481.74,0.0175059385528437,0.0176600655608936,0.5356012029599818,0.44157799384260804
2022-11-06,1.4043388675,1.4305701434,1.3570759765,1.3691805605,204115.09,-0.0260762874330131,-0.0257392370789993,0.5356012164690711,0.44303279149993124
2022-11-07,1.3689296818,1.4430090989,1.3556779165,1.3987761867,221887.09,0.0213852721036783,0.0216155758077605,0.5411457680269515,0.4449944540798498
2022-11-08,1.3987762006,1.4091001349,1.1561141538,1.2729698666,219977.24,-0.0942450538454538,-0.0899402787209316,0.5870685803568116,0.4690826030819385
2022-11-09,1.2699807229,1.3581522947,1.2255651115,1.3137105152,197985.45,0.0315029395994212,0.0320044092707512,0.5955681432342536,0.4723808739680496
2022-11-10,1.314459243,1.4022216463,1.2530775319,1.3011483296,183443.58,-0.0096083827017891,-0.0095623696808786,0.5884747606322029,0.47237717919558164
2022-11-11,1.2998592498,1.436498325,1.248452901,1.3635783536,192877.28,0.0468651816833538,0.0479807125596452,0.60754627394158,0.48009614056674077
2022-11-12,1.3646386933,1.3694756266,1.2962710737,1.3170202899,212976.53,-0.0347405579128129,-0.0341440325574847,0.5937168069971307,0.4810966682167594
2022-11-13,1.3157744708,1.3426292279,1.2788504473,1.3157329397,188735.52,-0.0009779498421096,-0.0009774718050076,0.5862712209580515,0.48105830755606066
2022-11-14,1.3147751249,1.3996300885,1.2562500859,1.3008969065,211179.45,-0.011339924297252,-0.0112758697090784,0.585534209737306,0.4807108505197416
2022-11-15,1.2999821118,1.3229915375,1.2367838596,1.2732396051,185828.24,-0.021489431972529,-0.0212601792361938,0.5855688391626973,0.4815635003685377
2022-11-16,1.2739274351,1.2995778302,1.2454522034,1.273926649,451929.53,0.0005394574583075,0.0005396029916506,0.5822291966434817,0.4816312762152563
2022-11-17,1.2738704375,1.2958617819,1.202453472,1.2603688958,547428.55,-0.0106995275814722,-0.0106424912381277,0.5229771399922292,0.4812999906298907
2022-11-18,1.2602865239,1.2911020519,1.2441912959,1.2494117283,591129.09,-0.0087316293786534,-0.0086936194129459,0.519067250183488,0.4812350533279488
2022-11-19,1.2492752962,1.263993485,1.2362463797,1.2508807817,576514.87,0.0011751053632105,0.0011757960700424,0.519531718759338,0.48086097563737
2022-11-20,1.2508799465,1.2586970256,1.2124998514,1.2269762805,512139.3,-0.0192950942962351,-0.0191101354739121,0.5190320297584234,0.4810847673917856
2022-11-21,1.2275980719,1.2601775971,1.1565276696,1.2318719441,471783.04,0.0039820839856866,0.0039900230165859,0.519987546074819,0.39742418405437463
2022-11-22,1.2323775117,1.257814265,1.1919952927,1.2033726566,512724.76,-0.0234067564740615,-0.0231349432353712,0.5187117304267439,0.39852541792221513
2022-11-23,1.203420366,1.235904521,1.15152675,1.2287947353,498739.8,0.0209056372205603,0.0211256908328192,0.524240193408361,0.4005189904590184
2022-11-24,1.2285586649,1.2382460184,1.1854515615,1.2085748081,489297.95,-0.0165919781191189,-0.0164550893807853,0.40573592601696024,0.4011948965824964
2022-11-25,1.2080756422,1.2168556333,1.1621010228,1.206554377,470498.13,-0.0016731457545217,-0.001671746826476,0.39447816992680546,0.40096624141526555
2022-11-26,1.2057652424,1.2246666031,1.1327979612,1.2154590589,507455.95,0.0073531565846659,0.0073802574253973,0.3921121270139873,0.40124935903415265
2022-11-27,1.2152929511,1.2414318738,1.2100325383,1.2305036562,519510.46,0.012301730467744,0.0123777079859979,0.39044923089410843,0.4017836087975405
2022-11-28,1.2305035908,1.2572709156,1.1139104485,1.1141040351,539556.32,-0.0993730362332278,-0.0945951038125814,0.47738441125610226,0.43303911819370616
2022-11-29,1.1142755603,1.1151446227,1.0655388632,1.0823375876,440694.75,-0.0289273908352604,-0.028512999234536,0.4808701950126746,0.42104584447569343
2022-11-30,1.0823375128,1.15199055,1.0819463019,1.1187877041,479175.1,0.0331225569393102,0.033677215794404,0.4943925706408163,0.425470500638653
2022-12-01,1.1187880555,1.1266622244,1.0955267717,1.1085364646,443152.2,-0.0092050470503757,-0.0091628103012149,0.4940609382205331,0.42551921254870567
2022-12-02,1.1085091405,1.1436078381,1.1005740914,1.1007106713,528021.05,-0.0070846089650022,-0.007059572282833,0.4912875804154974,0.42549025225882964
2022-12-03,1.100812806,1.1034353513,1.0946495513,1.0967793372,452020.9,-0.0035780260924594,-0.0035716325847525,0.4908758771730931,0.42524975533357334
2022-12-04,1.0967876643,1.112390501,1.0950733534,1.112052692,445186.82,0.0138295696778302,0.0139256405385896,0.4936048662235016,0.4263106818968145
2022-12-05,1.112114252,1.1472041181,1.0971718583,1.1469780231,410302.65,0.0309230980345246,0.0314061836738936,0.5009225081326009,0.4302744791619785
2022-12-06,1.1469780376,1.1488736866,1.1258098331,1.1461178515,260733.88,-0.0007502273671789,-0.0007499460169909,0.4978095991669331,0.42987553607859863
2022-12-07,1.1460872854,1.1463131396,1.1167729372,1.1265810645,238384.2,-0.0171930105793079,-0.0170460541858158,0.4919386107597834,0.4304142980337676
2022-12-08,1.1265810835,1.1276845505,1.0856863586,1.1027668964,256283.43,-0.0213650577418655,-0.0211384416536144,0.4199831505932192,0.4308333257527091
2022-12-09,1.1027668904,1.103204943,1.0901542395,1.0984055875,205156.84,-0.003962719540688,-0.0039548783285365,0.40569093063974243,0.43083348784354986
2022-12-10,1.0984056098,1.1092474041,1.0917655271,1.1084002437,228487.74,0.0090580914698037,0.009099240129275,0.40783642478204146,0.4314170320605228
2022-12-11,1.1084002305,1.1087997193,1.0752335649,1.0919336837,217305.95,-0.0149676076069705,-0.0148561497469833,0.37728146765375564,0.4314160420003303
2022-12-12,1.0919336883,1.0936201147,1.0520489642,1.0603737155,227240.48,-0.029328738485042,-0.0289028250260213,0.3741875887434687,0.433394040444923
2022-12-13,1.0607274908,1.1115909315,1.0556107926,1.1108286365,226594.88,0.0464848484055025,0.0475822064074917,0.4050829500397371,0.441753971984928
2022-12-14,1.1063879831,1.1185122287,1.0875060717,1.0910881665,246879.26,-0.0179307400435643,-0.0177709408556464,0.406336854579058,0.4422557351147432
2022-12-15,1.0889241729,1.0949489258,1.080879935,1.0883173921,244059.6,-0.0025426895713681,-0.0025394596743617,0.4037071270142845,0.44132440695149944
2022-12-16,1.0884927944,1.0913839877,1.0781875482,1.0844418655,231181.41,-0.0035673816107396,-0.0035610260647601,0.4033723528291723,0.4412943420408781
2022-12-17,1.0844418522,1.1085152775,1.0743350281,1.1014546223,229446.61,0.0155662451729135,0.0156880302589164,0.40751757567570385,0.44251756723974556
2022-12-18,1.1014546252,1.1040002814,1.0885231148,1.0998101409,248097.53,-0.0014941244083138,-0.0014930087601483,0.40740319066772945,0.44252978570228574
2022-12-19,1.0998101409,1.1043507099,1.0623332692,1.0748385477,221964.2,-0.0229671036113491,-0.0227053672914537,0.41060508633893283,0.4430989065131617
2022-12-20,1.074838545,1.0847575318,1.0735699278,1.083173481,239753.14,0.0077246786718742,0.0077545909735332,0.4099299991393985,0.4435572789368317
2022-12-21,1.0831734198,1.0871687207,1.0772695934,1.0810346322,251410.64,-0.0019765654543983,-0.0019746133352761,0.4092654029902393,0.44342355841621545
2022-12-22,1.0810198094,1.0886372507,1.0656522321,1.0805484393,227031.62,-0.0004498489228652,-0.000449747756009,0.4053683613724638,0.44253341448363054
2022-12-23,1.080511786,1.0871494466,1.0775442408,1.0810389228,254623.92,0.0004538178905167,0.0004539208814346,0.39891204815441755,0.4426034821680106
2022-12-24,1.0810707351,1.0905727325,0.9947958475,1.0336443906,238368.54,-0.0448317436134323,-0.0438416519520346,0.414580488314837,0.4467230048816669
2022-12-25,1.0336443897,1.0475310006,1.0336171874,1.0429329055,217841.6,0.0089460448839028,0.0089861803386834,0.416506039644361,0.44732078823672816
2022-12-26,1.0429416449,1.0475218848,1.0364067139,1.0473067575,217909.34,0.0041850305122739,0.0041937999816996,0.41579954622817894,0.4475226722202086
2022-12-27,1.047374212,1.0493440755,1.0380154847,1.0466098158,224914.24,-0.0006656824198474,-0.0006654609024615,0.41280845324393683,0.4475499239825692
2022-12-28,1.0467044522,1.0533191951,1.0158367046,1.0163469903,254302.77,-0.0293413769268022,-0.0289150981035543,0.3118139078984334,0.4492674977410521
2022-12-29,1.0163469815,1.0217659689,1.0058876596,1.0155876654,208496.06,-0.0007473910966733,-0.0007471118695159,0.3020438914491042,0.4489236433870877
2022-12-30,1.0155876615,1.0162963931,0.9998904514,1.0077599866,164772.49,-0.0077373928736596,-0.0077075363030497,0.2832435819063147,0.44894670134325
2022-12-31,1.0078277793,1.0135349365,0.9509565137,0.9592339217,219983.69,-0.0493503440845925,-0.0481524028987478,0.3126602073219943,0.4548984423968625
2023-01-01,0.9592339251,0.9624947561,0.9488255197,0.9553406298,185188.84,-0.0040670103583986,-0.0040587512721611,0.31259276497202226,0.45425312358021586
2023-01-02,0.9553406277,0.9671763595,0.9491248182,0.9670844489,208604.15,0.0122178651529007,0.0122928081709019,0.31642379113316266,0.4552014830180786
2023-01-03,0.9669621314,0.9722085081,0.95851477,0.9641178168,205690.2,-0.003072318716924,-0.003067603975407,0.3118158213777099,0.45158050223776075
2023-01-04,0.9641177849,0.9641872752,0.9417547912,0.9420862473,239708.39,-0.023116675711686,-0.0228515323709345,0.29706657520738994,0.4518512902760942
2023-01-05,0.9421766551,0.9647078613,0.9419046669,0.9610919474,210050.43,0.0199732552410015,0.0201740553526494,0.3065099562675752,0.452595512047538
2023-01-06,0.9609677026,0.96135308,0.9389493786,0.9429599154,186644.02,-0.0190463090687068,-0.0188660742076258,0.30715133923319377,0.4529923843487798
2023-01-07,0.9430771217,0.9447241213,0.938267431,0.9443990214,196877.14,0.0015249947965275,0.0015261581924079,0.3043076446259221,0.44838493943084956
2023-01-08,0.9444228337,0.9489761186,0.940141343,0.9458813818,206786.65,0.0015684029748821,0.001569633562096,0.30491958112029627,0.44692393150467324
2023-01-09,0.9460815371,0.9460815371,0.9358662,0.9418826984,217563.06,-0.0042364291411343,-0.0042274681338906,0.30202045375925723,0.44364217731640965
2023-01-10,0.9419940667,0.9437599225,0.9356946222,0.9376558898,196108.75,-0.0044977163565953,-0.004487616777737,0.3006676560853873,0.44319501253804927
2023-01-11,0.9376554259,0.9438690582,0.9320008622,0.9432136526,179809.47,0.0059097974106497,0.0059272947148931,0.2932230289451661,0.43500736743875196
2023-01-12,0.9432136122,0.9462429085,0.937669234,0.9452802036,210648.36,0.0021885714037002,0.002190968074204,0.25233218089647197,0.4315827649951627
2023-01-13,0.9454211776,0.9454670419,0.9287827407,0.9386802237,202265.59,-0.0070065239211123,-0.0069820354587609,0.24958169437397917,0.43124693076241644
2023-01-14,0.9385849727,0.9953380846,0.9382008326,0.9952556729,202400.51,0.0585247904713204,0.0602712699933065,0.31022687344937677,0.44409616983362094
2023-01-15,0.995325533,1.0467841925,0.9942943609,1.0435459239,200282.45,0.0473800731971061,0.048520447875761,0.3428172809955069,0.4515738492283851
2023-01-16,1.043527177,1.0566418501,1.0398997251,1.0467279025,224103.99,0.0030445590598847,0.0030491984369103,0.33937353776992996,0.42596541239362223
2023-01-17,1.0467279086,1.0467279086,1.0173899136,1.022663569,220512.28,-0.0232584492907302,-0.022990056386693,0.34507384362041105,0.42585456364936736
2023-01-18,1.0226376794,1.0304317999,1.0180154008,1.0207705918,228549.93,-0.0018527416031384,-0.001851026336893,0.33953283408427304,0.4258689120308894
2023-01-19,1.0209158864,1.0325587243,1.020805177,1.026800338,195022.76,0.005889674972775,0.0059070532090537,0.3391306763040012,0.4256953983871027
2023-01-20,1.0267585074,1.0368993832,1.0184749939,1.0367870136,186770.67,0.0096790218816431,0.00972601510772,0.34075105666779676,0.426268913948444
2023-01-21,1.0367870754,1.0374272778,1.0248901087,1.0287481163,225896.58,-0.0077838791241078,-0.0077536631868937,0.34123727622087024,0.4253165463417686
2023-01-22,1.02873101,1.0401663111,1.0246319067,1.0401041748,211742.53,0.0109782342633594,0.0110387162027991,0.3431556705599498,0.42539983658628083
2023-01-23,1.0399928979,1.0493992534,1.0288879032,1.036926761,216024.72,-0.0030595753042298,-0.0030548995735076,0.31749117903381696,0.3790969357338814
2023-01-24,1.0368418274,1.0440176285,1.0289316268,1.0304851811,220352.22,-0.0062315599653334,-0.0062121840637884,0.31686557441466623,0.37540708298471287
2023-01-25,1.0304569343,1.0353888708,1.0223490464,1.0324164836,216826.74,0.0018724140828425,0.0018741681446972,0.3166455865694674,0.3743321129972336
2023-01-26,1.0323896017,1.0328048442,1.0191391815,1.0256727143,217138.56,-0.0065534510774921,-0.0065320240495239,0.31713545090267,0.3728982258626581
2023-01-27,1.0255241552,1.043171719,1.0173221534,1.0302466728,223725.14,0.0044495577746691,0.0044594717556873,0.3055007439553606,0.37288159734728576
2023-01-28,1.0302662728,1.0405749128,1.0296256154,1.0338346499,212673.64,0.0034765885185149,0.0034826388618647,0.3056018208317727,0.372453958369455
2023-01-29,1.0338346831,1.0362358169,1.0173412682,1.0219867345,206423.68,-0.0115263384867075,-0.0114601647382838,0.30669472228421646,0.37252412115990935
2023-01-30,1.0220212698,1.039323056,1.0203644825,1.0391678904,214666.9,0.016671775757535,0.0168115253554692,0.27113630576320097,0.37361387634365945
2023-01-31,1.0389728397,1.0530029251,1.0382941175,1.046388594,618.18,0.0069245139185155,0.0069485437980774,0.27063475511195945,0.37328276706509733
2023-02-01,1.0465073481,1.0511985696,1.0382003896,1.0489650236,564.91,0.0024591848142401,0.0024622110894303,0.2692315195224207,0.3733525698422787
2023-02-02,1.0487946702,1.1039398448,1.048791361,1.1030033451,2208.79,0.0502327867494163,0.0515158468435323,0.30165825775171456,0.3836574520104341
2023-02-03,1.1030194946,1.1684744197,1.102921572,1.1664443726,3345.84,0.0559233509055144,0.0575166229384809,0.3248978060948327,0.39455966261404146
2023-02-04,1.1662792681,1.1742620279,1.1502436608,1.1509252058,457.86,-0.0133939782016315,-0.0133046780151272,0.3278073735419536,0.3929422339973977
2023-02-05,1.1505637511,1.1585695218,1.1362924251,1.1413058729,477.86,-0.0083930363367424,-0.0083579131393802,0.3221369589799328,0.3910944735917754
2023-02-06,1.1414161904,1.1415613315,1.1262609699,1.1275266532,66.49,-0.0121466780457598,-0.012073204937593,0.32633104299719007,0.3592520465580621
2023-02-07,1.1274071083,1.291675981,1.1273972374,1.2914827419,13656.74,0.1357645393134919,0.1454121623064794,0.49763821992768364,0.4229603348882341
2023-02-08,1.2916792324,1.432662779,1.2742199946,1.4294029936,10293.01,0.1014658994762906,0.1067921755555902,0.5609315443419755,0.45553921648730794
2023-02-09,1.4291913022,1.4564103001,1.3350829485,1.335828785,4908.57,-0.067704958145063,-0.0654638398121233,0.606974607525616,0.4631858839332943
2023-02-10,1.3355702839,1.3362911013,1.308010788,1.3223024562,1811.34,-0.010177409861887,-0.0101257952754775,0.6101132537287944,0.45981510671071374
2023-02-11,1.3222062889,1.3514951155,1.3204336901,1.3509011089,675.53,0.0213973557534277,0.0216279207271428,0.6101711374956207,0.4611965020144147
2023-02-12,1.3510357126,1.3952221159,1.3508981962,1.3871547414,2041.62,0.0264828427935243,0.026836629462478,0.6088717692937718,0.4628348971093244
2023-02-13,1.3873642304,1.5912585614,1.3863830477,1.5874801787,6287.97,0.1348932652016396,0.1444146289676517,0.6929019405092934,0.5128638019661965
2023-02-14,1.5875199995,1.6088456625,1.4223914629,1.4945493733,12040.28,-0.0603232269845542,-0.0585398209356552,0.71972110395888,0.5235074339955051
2023-02-15,1.4947780393,1.5583573064,1.4315552309,1.53733688,8307.29,0.0282268818972548,0.0286290352559743,0.7207063393535481,0.5249314223695132
2023-02-16,1.5377117978,1.5504729332,1.3972468538,1.397689874,9202.54,-0.0952308370379604,-0.0908369582599227,0.7797748351412808,0.5494189352891972
2023-02-17,1.3975934076,1.4798587582,1.3490400284,1.4778599439,9200.01,0.055774273757908,0.0573589831273255,0.7897208953610517,0.5569436352696151
2023-02-18,1.4783099095,1.7641275366,1.4772054336,1.7635727218,6783.37,0.1767466495613509,0.1933287244703432,0.9218109614810993,0.6279483734553031
2023-02-19,1.7639376577,1.7639376577,1.6424149905,1.6621805541,2867.97,-0.0592113798671691,-0.0574924790152761,0.9484719438566253,0.636803124329373
2023-02-20,1.6617732608,1.6817525018,1.6537225107,1.6813452859,959.4,0.0114639112149391,0.0115298736666888,0.9459620369880433,0.6353293973146119
2023-02-21,1.6810135844,1.6904917475,1.6049616267,1.6598630066,6405.58,-0.0128591655718583,-0.0127768397604902,0.9496594221933511,0.635254976845023
2023-02-22,1.6602525169,1.6774464337,1.5889190412,1.6546785889,6495.31,-0.0031282889525437,-0.0031234009550098,0.9496711629241844,0.63445777510879
2023-02-23,1.6550668939,1.6589554559,1.5660159399,1.6466523827,12503.41,-0.0048624158454463,-0.0048506134386713,0.9494061859470415,0.6345537100285683
2023-02-24,1.6466523827,1.6475737377,1.6155797041,1.6163533283,5997.29,-0.0185717880705712,-0.0184003950793298,0.9538181034571256,0.6355848083244177
2023-02-25,1.6162736319,1.6414051534,1.6002016133,1.6412808184,52.03,0.0153043439040114,0.0154220551061181,0.9516388512623881,0.6357268372102581
2023-02-26,1.6411447386,1.6411447386,1.5876294032,1.6009627615,905.0,-0.0248717496350798,-0.0245649960981717,0.9584135588140043,0.6135263275610051
2023-02-27,1.6010821848,1.6156314409,1.5813639836,1.583085709,5991.05,-0.0112292513869895,-0.0111664386767187,0.960853762596319,0.6115461142251831
2023-02-28,1.5829907942,1.708778952,1.5826319574,1.7086092471,11902.73,0.0763038109807225,0.0792904246348673,0.9740452541432276,0.6215110287962959
2023-03-01,1.7084627338,1.7361648395,1.676580429,1.6895407497,9436.12,-0.0112229875467338,-0.0111602447618522,0.9775085650145536,0.6216480635605723
2023-03-02,1.6896951594,1.6934133945,1.6375482027,1.6466143528,9350.53,-0.0257354737933706,-0.0254071391338872,0.9847581395781883,0.6234285210059339
2023-03-03,1.646731646,1.6638084595,1.5782580555,1.6561317418,7563.79,0.0057633345534487,0.0057799745179045,0.9844357240886086,0.6232827949875832
2023-03-04,1.6565067593,1.6619984846,1.6396672768,1.6614520438,567.96,0.0032073381742031,0.003212487186688,0.979324611810862,0.6230898178128159
2023-03-05,1.6616485429,1.670107259,1.6434565579,1.6536658271,311.2,-0.0046974082494417,-0.0046863926822658,0.9723240947896846,0.6216556714584549
2023-03-06,1.6535537339,1.6679051948,1.5471650873,1.5570837519,11214.09,-0.0601798549866448,-0.0584048322322617,0.992044280994306,0.6308451740668775
2023-03-07,1.5571598872,1.5890375268,1.5067560313,1.585520952,7096.64,0.018098347703734,0.0182631153046841,0.9907291366122474,0.6303462977811711
2023-03-08,1.5853425874,1.5879581262,1.5081044385,1.5717937134,6274.37,-0.008695569844035,-0.0086578727216971,0.9900800462161182,0.6292699089780964
2023-03-09,1.5707521523,1.572524975,1.5233071989,1.5242817503,6945.3,-0.0306941441216519,-0.030227861770248,0.9231929149603341,0.6318048468963873
2023-03-10,1.5242227211,1.5341820029,1.4435787264,1.5049306746,5959.84,-0.0127764819508307,-0.0126952092001307,0.878310234840951,0.6323309376976329
2023-03-11,1.5051962587,1.5068830826,1.2388664572,1.3091540446,3705.3,-0.1393656726166682,-0.1300901319271972,0.949222454681573,0.6753591020662283
2023-03-12,1.3065566036,1.5236899409,1.3021721339,1.5194920519,4515.3,0.1489949414927203,0.1606671179511702,1.0428568573190262,0.716585797112121
2023-03-13,1.5194809685,1.6204662006,1.5175695549,1.6059458416,8685.09,0.0553367897882427,0.0568965066924151,1.0521950324166591,0.7182230952102325
2023-03-14,1.6059694053,1.636194646,1.5607135513,1.6361088034,11007.18,0.0186078492993883,0.0187820541755932,1.051094568173552,0.7176524344289084
2023-03-15,1.6350736368,1.6829931091,1.5854586199,1.6765073342,8033.35,0.0243919199089253,0.0246918363351189,0.9792246829891623,0.7183187899813228
2023-03-16,1.6764787325,1.677239292,1.63605878,1.646369014,6009.86,-0.0181403961600058,-0.0179768495998745,0.9634682144708929,0.7192128517411901
2023-03-17,1.6465133871,1.6902689254,1.6251735635,1.6881178172,7346.76,0.025041925193718,0.0253581079606008,0.9627940028704709,0.7197950348188045
2023-03-18,1.6884702853,1.7013684492,1.6532896419,1.6617970862,1124.47,-0.0157145918102261,-0.0155917618615369,0.9187878456574649,0.7205369424026451
2023-03-19,1.6617970862,1.7173502622,1.6515305187,1.7153803226,1619.95,0.0317352196339468,0.0322441511331133,0.910018722411635,0.7204281447827057
2023-03-20,1.7161024437,1.7220870228,1.6895782888,1.6895782888,6548.9,-0.0151558539392841,-0.0150415820095755,0.7513804446748369,0.7212174907286129
2023-03-21,1.6895782888,1.7042180261,1.666758029,1.6716393386,5943.96,-0.0106741797263892,-0.0106174128295297,0.7318604136606505,0.7216004044656549
2023-03-22,1.6716113039,1.6784710026,1.6521897053,1.6558916948,6453.94,-0.0094651326820893,-0.0094204793081673,0.7315723328328845,0.7219452464416962
2023-03-23,1.6556008836,1.6696742102,1.639268025,1.6562484092,7573.89,0.0002153981354524,0.0002154213352965,0.7306350682754461,0.7219493673977222
2023-03-24,1.6565398023,1.6570227518,1.5770005029,1.5865816456,6831.72,-0.0429732568352902,-0.0420629920083367,0.7411339785656241,0.7215946510029065
2023-03-25,1.5866853049,1.5921287823,1.5731908381,1.578184087,1051.24,-0.0053069193856174,-0.0052928625660637,0.7411531388205064,0.7217547114861451
2023-03-26,1.5783863793,1.5832305357,1.5684098197,1.5771106762,535.18,-0.0006803870458812,-0.000680155635101,0.7393661479052034,0.7218085980825201
2023-03-27,1.5774348994,1.5830745235,1.4960129711,1.5465698284,6682.05,-0.0195550223404951,-0.0193650631251747,0.739663151143166,0.722886212653797
2023-03-28,1.5465381905,1.5471848719,1.4615895971,1.4889856335,7934.32,-0.037944359428065,-0.0372334917199138,0.7441354982145948,0.7241633342612142
2023-03-29,1.4891888446,1.4995991617,1.4716016589,1.4945485635,6370.81,0.0037290917946635,0.0037360535084034,0.7438590419971614,0.7241147246400752
2023-03-30,1.4942650523,1.5027487969,1.446798998,1.496550122,9233.89,0.0013383435380871,0.0013392395194657,0.7061310957926963,0.7238469941540431
2023-03-31,1.4964133399,1.5011250813,1.4470502517,1.482765124,8797.56,-0.0092538689153581,-0.009211183639862,0.7059892272977608,0.7185073519801536
2023-04-01,1.4830136685,1.4927708106,1.4765438051,1.49189717,1957.97,0.0061399068439273,0.0061587947087431,0.7036401462077989,0.7183520960302643
2023-04-02,1.491885055,1.4971649181,1.4725654665,1.4756344721,1378.26,-0.0109605306150689,-0.010900682853363,0.7034399416200499,0.7187352663387587
2023-04-03,1.4756041181,1.4836411242,1.4264532929,1.4311531053,11880.08,-0.0306075612048207,-0.0301438924347559,0.707309891235435,0.7210509581365782
2023-04-04,1.431507417,1.442473691,1.3774710959,1.4148955705,17353.37,-0.0114247600700641,-0.0113597453268929,0.7075557492722784,0.720052828582514
2023-04-05,1.4151506605,1.4259921246,1.3607717881,1.3884793974,17131.58,-0.0188465369769469,-0.0186700514516876,0.6895579134753654,0.7206235201300574
2023-04-06,1.3882957722,1.396759575,1.3302040299,1.3499913642,17322.57,-0.028110994086996,-0.027719556568193,0.6898001069170686,0.7216064434233208
2023-04-07,1.349980748,1.3572354951,1.3352610818,1.335827943,10580.66,-0.0105469138996991,-0.0104914902240084,0.6898987495407041,0.722005688321345
2023-04-08,1.3360394676,1.3406004582,1.3194742497,1.3282432326,7796.04,-0.0056940902799444,-0.005677909673731,0.6857332295918749,0.7221730052489642
2023-04-09,1.3279764792,1.3305866596,1.3081969497,1.313485463,8553.08,-0.0111729286563683,-0.011110743301972,0.6855825873758717,0.7224840179354569
2023-04-10,1.3132906889,1.3258786636,1.2831328354,1.2854480608,15291.15,-0.0215769196869662,-0.0213458032005641,0.5572767571407321,0.7235967855147056
2023-04-11,1.2854442903,1.2916550008,1.2350698039,1.2434786445,18968.6,-0.0331945326074153,-0.0326496399036772,0.34012226883510766,0.7261828056558111
2023-04-12,1.2437509796,1.2530508754,1.2300004299,1.2368464109,13150.25,-0.0053478872797905,-0.0053336127880723,0.2849711066971711,0.726318219409461
2023-04-13,1.2367033417,1.2439103401,1.2221414001,1.2350149036,9879.04,-0.0014818854313708,-0.0014807879813203,0.27397556270879087,0.7261618001695472
2023-04-14,1.2350695725,1.2354810751,1.1335695465,1.1344099004,19107.84,-0.0849704335087879,-0.0814605580116824,0.3336908701505443,0.734768844041579
2023-04-15,1.1343905087,1.1381109756,1.1272794655,1.1272794655,819.96,-0.0063054269362131,-0.0062855894482987,0.333875686828404,0.7307482178842453
2023-04-16,1.1273619098,1.1381057443,1.1189239014,1.1195424433,16422.85,-0.006887108187533,-0.0068634464095096,0.31485653322061824,0.7308530249528309
2023-04-17,1.1196467987,1.1204729156,1.1011601684,1.1019583385,6253.92,-0.0158311644047196,-0.0157065101955121,0.3148632286916276,0.7302677061820383
2023-04-18,1.1019991346,1.1061547048,1.0862233066,1.0896720205,5804.97,-0.0112121523240554,-0.0111495304048648,0.28412059873759377,0.7305329393975548
2023-04-19,1.089832677,1.0925890962,1.0768011777,1.0815237665,6593.84,-0.0075058106716113,-0.0074777124186974,0.28497726721141076,0.730608707303861
2023-04-20,1.0838021714,1.0869073066,1.0625061126,1.0705511867,7095.48,-0.0101972980684458,-0.0101454819023618,0.28504162813564404,0.7306646015379279
2023-04-21,1.0707732083,1.0714302959,1.0520335791,1.0524064509,5709.11,-0.0170942437293189,-0.0169489661264414,0.2846455439611339,0.7311242316255846
2023-04-22,1.0524064509,1.0695823734,1.0484137261,1.0495408796,584.78,-0.0027265888480734,-0.0027228750807725,0.283394203842126,0.7309145895355632
2023-04-23,1.0496317607,1.0526273342,1.0413632132,1.0418449337,594.06,-0.0073596947905752,-0.007332678554582,0.2716255291045939,0.7310026404093162
2023-04-24,1.0417582068,1.0716601501,1.0104206804,1.0239669025,5396.09,-0.0173089119124877,-0.0171599732567764,0.2705052287968462,0.731507106484003
2023-04-25,1.0238249402,1.0262073387,1.0151831037,1.0206307,7087.02,-0.0032634347773877,-0.003258115561992,0.2694667802546132,0.7315189639170636
2023-04-26,1.0207443333,1.0296349771,1.01789064,1.0289993734,828.48,0.0081660783707834,0.0081995117332842,0.2768299445578358,0.7315675106305123
2023-04-27,1.0288955286,1.0380784481,1.0274855588,1.037413802,466.39,0.0081440393505353,0.0081772922486798,0.2737946802242563,0.7316567359716322
2023-04-28,1.0373307362,1.0490862162,1.0371020451,1.047842741,541.03,0.0100026310800245,0.0100528246104825,0.2775140099654792,0.731824066862662
2023-04-29,1.047842741,1.0565871769,1.0427442267,1.0460672399,993.72,-0.0016958718777036,-0.001694434699529,0.2763993926126235,0.731564805786356
2023-04-30,1.046085394,1.0520691641,1.0422637741,1.0469286406,87.9,0.000823127036858,0.0008234658988865,0.27878234588350936,0.7310385122716622
2023-05-01,1.0466070251,1.0480120919,1.0420670617,1.0455291293,216.81,-0.0013376724049762,-0.0013367781200426,0.2754699175599869,0.7309502910527895
2023-05-02,1.0455702755,1.126435125,1.0382803362,1.12638408,4654.14,0.0744894717032884,0.0773340009705265,0.37220983097381477,0.7415002174047413
2023-05-03,1.1263186403,1.1290265053,1.1187730518,1.1200017555,583.15,-0.0056823200825455,-0.005666206237574,0.36660586097603576,0.7368320345318589
2023-05-04,1.1198228862,1.1222726576,1.1095853435,1.119216846,1327.82,-0.0007010566379016,-0.0007008109551127,0.36709611756610583,0.7307675994750213
2023-05-05,1.1192304599,1.37925291,1.1148292482,1.1940071894,29133.84,0.0646858401467269,0.0668238185185428,0.42113641703166044,0.7384931560069853
2023-05-06,1.1946627181,1.2019364485,1.1651444698,1.16533508,1607.92,-0.024306368245423,-0.024013347368878,0.4194654981046279,0.7395095264374144
2023-05-07,1.1654044471,1.1690870462,1.1520112262,1.1547199684,1313.02,-0.0091508050040071,-0.0091090638067807,0.4193217568059146,0.7393845208286377
2023-05-08,1.1547199684,1.1547199684,1.1068000891,1.1069047727,2296.11,-0.0422902358041241,-0.0414084773871655,0.43314365280802936,0.706281462308979
2023-05-09,1.1069345579,1.1076572127,1.0943133614,1.0956285799,1952.87,-0.0102393830336506,-0.0101871390187384,0.43305664213814915,0.6844727897858255
2023-05-10,1.0959116386,1.1013417657,1.0944706569,1.0964003361,1650.64,0.0007041478570421,0.0007043958273436,0.4309221046606138,0.6756645092569146
2023-05-11,1.0964315031,1.0971554244,1.0737622075,1.0754392712,1675.93,-0.0193031895076349,-0.0191180759525855,0.4249482953272737,0.6761421815776603
2023-05-12,1.0756167655,1.0758883613,1.0670820038,1.0675874701,678.29,-0.0073278005199601,-0.007301017649503,0.425007620094024,0.6749995993332102
2023-05-13,1.0675005954,1.0683293449,1.0608819099,1.061205251,524.99,-0.0059961105264701,-0.0059781697319866,0.4248930000104613,0.6732207997713903
2023-05-14,1.0611911438,1.061933919,1.0525757673,1.0530613,438.98,-0.0077038453587721,-0.0076742467984641,0.35124167878913676,0.6315295031458773
2023-05-15,1.0531720187,1.0584811553,1.029513105,1.0299439935,1327.8,-0.0221970205618752,-0.0219524794045701,0.35573655783091374,0.6251880735023252
2023-05-16,1.0300529952,1.0321993374,1.0009999939,1.0011334122,1558.1,-0.0283716551471228,-0.0279729591917855,0.36314383510690296,0.6240645953050787
2023-05-17,1.0013000106,1.0046945714,0.9887606937,0.9895580444,3731.28,-0.011629625699781,-0.0115622629900674,0.36212957639849414,0.605142676500068
2023-05-18,0.9895127026,0.9967475699,0.9881226294,0.9944035446,1875.0,0.0048846810960209,0.0048966305993076,0.36218912335673875,0.5968835726055532
2023-05-19,0.9944730318,0.9946090374,0.9695995136,0.969681276,6047.84,-0.0251756686922739,-0.0248614043405733,0.367657571255936,0.5131227073535214
2023-05-20,0.9697862008,0.9706181969,0.9510988638,0.9510988638,6192.54,-0.0193494211885522,-0.0191634227244787,0.370025528364165,0.5058440129881411
2023-05-21,0.9512152675,0.951511548,0.9428400248,0.9465419585,2536.31,-0.0048027150402805,-0.0047912004455492,0.36793855518109897,0.504966969679933
2023-05-22,0.9464693358,0.9519534912,0.9319758009,0.9323524257,3426.47,-0.0151044174584999,-0.014990917911855,0.36944832582367043,0.5050624605299524
2023-05-23,0.9322063939,0.9331392922,0.9043853788,0.9054524819,7242.29,-0.0292760836205141,-0.0288516906896056,0.37659905882061506,0.5064748117309044
2023-05-24,0.9054948479,0.9063563569,0.8977619061,0.898558429,2666.67,-0.0076430651486836,-0.0076139311977294,0.3748195435472772,0.5064676313190166
2023-05-25,0.898558429,0.8996835567,0.8758030594,0.875950268,9191.13,-0.025482415967568,-0.0251604795752242,0.3797566969899944,0.5070567992822237
2023-05-26,0.8759588036,0.8763001564,0.8530943743,0.8544651484,7362.94,-0.0248336018681443,-0.0245277847212211,0.38178117868572187,0.5065488277176357
2023-05-27,0.8544430948,0.8546244937,0.8346438801,0.8354699811,7289.26,-0.0224812976411128,-0.0222304763811241,0.3821035433118716,0.5063291506266475
2023-05-28,0.8354186426,0.8358395197,0.7994840308,0.8002531104,10292.26,-0.0430663524982646,-0.0421521676381868,0.39214670205182117,0.5098323152116424
2023-05-29,0.8001531683,0.8018644625,0.7966749794,0.7968922214,2854.73,-0.004208626345898,-0.0041997824892178,0.39180829697287056,0.48972815441282186
2023-05-30,0.7969010669,0.7973956142,0.7704055823,0.7712783354,7283.57,-0.0326701251585786,-0.0321422211337449,0.396457654916416,0.49138112240193454
2023-05-31,0.7712659613,0.7716471968,0.7589218574,0.7590812112,3804.55,-0.0159405448230714,-0.0158141667413416,0.39588437061173193,0.49069321948643185
2023-06-01,0.7591253683,0.759213085,0.7346464608,0.7353510163,8342.01,-0.0317608108919196,-0.0312617339882329,0.3070781530947033,0.49159880415181695
2023-06-02,0.7352837004,0.7355436081,0.7285161149,0.7288955887,3710.93,-0.0088174620346355,-0.0087787022209898,0.30645504498197274,0.49116347208015526
2023-06-03,0.7288822862,0.7290175825,0.7160736565,0.7218696861,2668.58,-0.0096858639373842,-0.0096391070393646,0.3040829471976598,0.4911062210329674
2023-06-04,0.7218908386,0.7237525315,0.7139314391,0.7147948513,2185.61,-0.0098490521708242,-0.009800709097819,0.19080043537829355,0.4834778915262519
2023-06-05,0.7145888759,0.714746338,0.7051231949,0.7056457997,2956.51,-0.0128821688075129,-0.0127995488262969,0.18992318991736562,0.48139942781676487
2023-06-06,0.7055971854,0.7066766537,0.6992364475,0.7025520103,685.48,-0.0043939769763685,-0.0043843375831262,0.19205930308824468,0.48146081334269797
2023-06-07,0.7025431116,0.7287339952,0.7022990938,0.7286212937,3362.13,0.0364346751667621,0.0371065529922374,0.23183458138615165,0.48595794026818956
2023-06-08,0.7286212937,0.7388035298,0.7281488864,0.7386205146,1528.4,0.013630167364069,0.0137234815760367,0.2450876121957293,0.48726115809307696
2023-06-09,0.7386746685,0.7387850296,0.7319951168,0.7321834727,357.97,-0.0087531486924997,-0.0087149514165417,0.2419571278833098,0.43354114283746337
2023-06-10,0.7322144298,0.7337631961,0.7174192751,0.7189455057,1334.89,-0.0182455652653917,-0.0180801226654072,0.2417544595390315,0.345034232315694
2023-06-11,0.7188119534,0.7268156389,0.7147049886,0.7156764173,349.43,-0.004557429390809,-0.0045470600679492,0.24249364748924682,0.32787795089354843
2023-06-12,0.7155760553,0.7165917302,0.677329632,0.6927666224,3890.6,-0.0325349554051988,-0.0320113871942724,0.24766176544878804,0.32686011540134213
2023-06-13,0.6928325013,0.6973145255,0.6807648723,0.681062166,1724.32,-0.0170395899317571,-0.0168952371860113,0.2470059522078985,0.3219948267547568
2023-06-14,0.6810120724,0.6851547052,0.6779748981,0.6816323973,107.96,0.0008369173087519,0.0008372676217636,0.24979622865129444,0.32220366885530227
2023-06-15,0.6816058542,0.6977019503,0.673721961,0.6956369764,2258.75,0.0203374329936,0.0205456477061143,0.2644951970748388,0.32085665510532846
2023-06-16,0.6956454843,0.6958967682,0.6856763817,0.687200229,1302.97,-0.0122022347228205,-0.0121280893428942,0.26449088994774894,0.32072869689962513
2023-06-17,0.6871905247,0.6928940517,0.6868046408,0.6913169448,134.66,0.0059726902445785,0.0059905623227027,0.26511801964676335,0.31410824373302365
2023-06-18,0.691235509,0.6913032527,0.686257111,0.68654683,179.46,-0.0069239556831339,-0.0069000403300978,0.262571787032332,0.31403492453226683
2023-06-19,0.68654683,0.6915817658,0.6791887999,0.6793580945,1357.88,-0.0105260648025354,-0.0104708596498801,0.26152578099485874,0.3140341302987714
2023-06-20,0.67940064,0.6803467781,0.6779164148,0.6788520644,373.7,-0.0007451425982908,-0.0007448650484872,0.2626523506484112,0.3144152985948132
2023-06-21,0.6787757507,0.6824106752,0.6786840731,0.6807207681,5388.32,0.0027489588378207,0.0027527406897578,0.2653584933643044,0.31467474075511637
2023-06-22,0.6805569598,0.6867522416,0.6790941984,0.6862945937,307.89,0.008154782519974,0.0081881233263345,0.26450005481299105,0.31105923318677
2023-06-23,0.6862375724,0.6883530826,0.6858764749,0.6876833174,120.51,0.0020214650638534,0.0020235096017775,0.2664820577168906,0.31156766401259106
2023-06-24,0.6879819675,0.6891307459,0.6820286906,0.687950212,45.63,0.0003880315471305,0.0003881068411097,0.26303223003579096,0.3116557940267759
2023-06-25,0.6878551512,0.6922954105,0.6835251056,0.6844989694,493.79,-0.0050293299328816,-0.0050167040285757,0.2582729551203165,0.31123918921728766
2023-06-26,0.6845145373,0.7179912826,0.6818644861,0.7169401975,3001.6,0.046305291463183,0.0473941226360596,0.2973428164427115,0.3208769077755895
2023-06-27,0.7170492643,0.7183971355,0.7146009951,0.7162234578,406.96,-0.0010002203964691,-0.0009997203427836,0.27481019566052417,0.32047973337925245
2023-06-28,0.7163431922,0.7182178587,0.7100537139,0.7105018871,769.65,-0.0080206066190228,-0.0079885273760437,0.275093699678579,0.320075630922794
2023-06-29,0.7105018871,0.7107325865,0.7062301892,0.707520448,44.96,-0.0042050726839884,-0.0041962437456275,0.26117602473499646,0.32014349599352104
2023-06-30,0.7075180368,0.7085161508,0.7019809395,0.7030839975,521.58,-0.0062901618407772,-0.0062704201872058,0.2584648453314161,0.3192390942424775
2023-07-01,0.7031805414,0.715264049,0.6994931131,0.7144859993,1068.35,0.0160870330507141,0.0162171260340768,0.2484919038611237,0.3218129195481509
2023-07-02,0.7145550795,0.7184317009,0.7133663425,0.7137601373,661.6,-0.0010164383349518,-0.0010159219364846,0.247374332008247,0.31974484186342456
2023-07-03,0.713732981,0.7148766113,0.7070380717,0.7089924248,1203.69,-0.0067021216106113,-0.0066797124844141,0.24658233732759482,0.31968796887701406
2023-07-04,0.7089047147,0.7112828697,0.7021596035,0.7096406022,1454.23,0.0009138056604747,0.0009142233080738,0.24504255018331023,0.3194430720385024
2023-07-05,0.7096406022,0.7103419208,0.7078413927,0.7089049123,55.05,-0.0010372454862243,-0.0010367077330684,0.24212015511069196,0.31769446514502286
2023-07-06,0.7089045731,0.7089045731,0.6959826563,0.6965360262,1012.03,-0.0176018857998495,-0.0174478775437877,0.2472476701849239,0.3181266549972235
2023-07-07,0.6966054569,0.7020565659,0.6941799316,0.6964533781,249.62,-0.0001186629271434,-0.0001186558869767,0.22142043669957034,0.318339868958755
2023-07-08,0.6963622892,0.6966799074,0.6775208952,0.6775208952,7511.96,-0.0275604596762811,-0.0271841353568415,0.22900700718282296,0.32009900205564695
2023-07-09,0.6775208952,0.6849502096,0.647767902,0.6477706979,15793.74,-0.044903621438708,-0.0439103760648119,0.25906158625078923,0.32536987243833354
2023-07-10,0.6477579089,0.6571371117,0.6448310125,0.6477618637,2063.04,-1.3637943594710284e-05,-1.3637850598380297e-05,0.25576866785564284,0.3227101019027558
2023-07-11,0.6477618637,0.6485009825,0.6238094677,0.6262529633,13650.89,-0.0337687503153296,-0.0332049501604519,0.27043419081381465,0.32572687380829574
2023-07-12,0.6261937708,0.6701100308,0.6258445838,0.6653919302,22283.7,0.0606218515638766,0.0624970566107339,0.3171126993876632,0.3450152103397736
2023-07-13,0.6653417943,0.6738715671,0.6653417943,0.6677421748,3782.74,0.0035258973962617,0.0035321206845619,0.31385234454391575,0.3191003323237492
2023-07-14,0.667564051,0.6800906487,0.6671773405,0.6785507209,751.99,0.0160570977749275,0.016186705749472,0.3175605734161229,0.3212046944068068
2023-07-15,0.6785645019,0.6790634406,0.6753069784,0.6765286683,163.06,-0.0029844068427737,-0.0029799579275636,0.3116235056537715,0.32122817679398524
2023-07-16,0.6765447845,0.6781612729,0.6720563163,0.6736220272,249.44,-0.0043056609904894,-0.0042964049214705,0.3099771224144346,0.3207670506632126
2023-07-17,0.6735958737,0.6792467291,0.6730402823,0.6775978845,271.19,0.0058848581785155,0.0059022079734034,0.30996088255707777,0.3211757750816964
2023-07-18,0.6776793496,0.682328087,0.6770163363,0.6811458318,311.8,0.0052224055518116,0.0052360660816082,0.30982973146624687,0.3216317269965002
2023-07-19,0.6811336282,0.6824546236,0.6652215199,0.6659966697,1319.22,-0.0224917567589402,-0.0222407029342992,0.315168781538247,0.32283508757184026
2023-07-20,0.6683219937,0.6790839863,0.6683219937,0.6789618657,717.4,0.0192802934593187,0.0194673586068232,0.32042318860692093,0.32479586017118356
2023-07-21,0.6789799442,0.6811476296,0.6780336922,0.680818272,137.06,0.0027304523751754,0.0027341834553347,0.3204218161446746,0.3250260909812588
2023-07-22,0.6808050253,0.681736484,0.6780831232,0.6786084593,599.38,-0.0032510978275324,-0.0032458187314925,0.31960504451933375,0.32500750753007035
2023-07-23,0.6786515015,0.6866477037,0.6772165116,0.6795429686,7023.68,0.0013761491219355,0.0013770964496433,0.319568460709563,0.32446876553975235
2023-07-24,0.6794483998,0.6805677439,0.672316794,0.6724770235,515.38,-0.01045252211326,-0.0103980843397691,0.3208788878959613,0.3246106586508015
2023-07-25,0.6725119628,0.6808472811,0.6719054541,0.6757555352,895.65,0.0048634312249043,0.0048752769023043,0.32101561173107157,0.3242887520848511
2023-07-26,0.6757709807,0.6764616724,0.6742841691,0.6746909297,203.38,-0.0015766722313131,-0.0015754299366336,0.28882477810234825,0.3236081915600759
2023-07-27,0.6747198189,0.6758609462,0.6737122014,0.674520271,266.34,-0.0002529755175788,-0.0002529435219706,0.2888559258272748,0.3227355138718175
2023-07-28,0.6743447275,0.6755700585,0.6720941987,0.6725710465,285.01,-0.002893977320009,-0.0028897938042843,0.2883089826701398,0.3227081197713303
2023-07-29,0.6725008182,0.6728284126,0.6657116905,0.670583088,1366.68,-0.0029601367416386,-0.0029557598566651,0.2882423891654034,0.32257995902496917
2023-07-30,0.6705976621,0.6709799678,0.6673773162,0.6679228887,234.56,-0.0039748837118933,-0.0039669943182342,0.288006106246986,0.32252652793000486
2023-07-31,0.6678590187,0.6696013758,0.6644338809,0.6645954389,264.48,-0.0049942378236685,-0.004981787353442,0.28312569678889205,0.29316083940276166
2023-08-01,0.6646075664,0.6652391724,0.6628094403,0.6651163489,173.79,0.0007834931320104,0.0007838001429294,0.28325087014783423,0.2933716405702424
2023-08-02,0.6651525669,0.6679801969,0.6621164251,0.6641790871,50.23,-0.0014101635045664,-0.0014091696912129,0.28295987222341773,0.2933392083015197
2023-08-03,0.6641790871,0.6649642052,0.6614988882,0.6620667259,207.34,-0.003185477330851,-0.003180409080965,0.28282023770337744,0.26805898966377956
2023-08-04,0.6620972361,0.6740411131,0.6617301165,0.6731688731,875.34,0.0166298787540152,0.0167689248918345,0.2880987510138289,0.26913205303459203
2023-08-05,0.6731910256,0.6799243777,0.6730073183,0.6797385022,3246.3,0.0097119445989707,0.0097592585791235,0.28588562670375733,0.2703740998810961
2023-08-06,0.6796899158,0.7286171073,0.6796566655,0.7279207122,10146.74,0.0684839618307219,0.0708834498032058,0.3494171771733197,0.2909042934228998
2023-08-07,0.727921648,0.7321490194,0.7254192011,0.7302572477,1266.25,0.0032047357236277,0.0032098763791708,0.3384071057165122,0.2910436208098507
2023-08-08,0.7301790709,0.7316635908,0.7052903373,0.7278318258,3747.54,-0.0033268531821795,-0.0033213253379394,0.30787690996676725,0.29091736941222346
2023-08-09,0.7278061051,0.7310216481,0.7274057679,0.7296050063,221.93,0.0024332874479989,0.0024362502945662,0.30768931892963275,0.2900692036661949
2023-08-10,0.7295827548,0.7315408263,0.7151113477,0.7164585503,4904.4,-0.0181829050910302,-0.0180185934669894,0.2940951764865395,0.29095623335975035
2023-08-11,0.7164849198,0.7169844779,0.7061513916,0.7067835366,941.32,-0.0135959480456054,-0.0135039405921651,0.24567025858791774,0.29134959547881845
2023-08-12,0.7067670183,0.7078155217,0.7061790576,0.7066383997,105.54,-0.0002053695316065,-0.0002053484447278,0.2457084181834731,0.2913874646949931
2023-08-13,0.7066357617,0.7098126835,0.7053749851,0.7079875484,78.41,0.0019074287600349,0.0019092490594521,0.24201215706310544,0.29001492514642496
2023-08-14,0.7079715255,0.7098604011,0.7057322078,0.7062239809,564.94,-0.0024940659549597,-0.0024909583565212,0.24193885198645057,0.2871172905342254
2023-08-15,0.7061022729,0.7067652799,0.7024819621,0.703702495,430.78,-0.0035767660672627,-0.0035703770591118,0.24179782672229963,0.2868176889376968
2023-08-16,0.7037112413,0.706214269,0.6997956532,0.7057520159,35.29,0.002908249012232,0.0029124820709922,0.24147777296380815,0.28666750511675965
2023-08-17,0.7056774905,0.7061306845,0.6744573763,0.6746869509,1944.61,-0.0450151166728988,-0.0440169695588963,0.27592869393742536,0.2927128137419299
2023-08-18,0.6747140468,0.6751535631,0.6362806196,0.6388614062,7660.23,-0.0545612677031907,-0.0530995073377519,0.311663822204816,0.3036562523475312
2023-08-19,0.6388709927,0.640215542,0.6386163041,0.6389661846,256.35,0.0001639945810986,0.0001640080289451,0.3055124569528896,0.30375231202637204
2023-08-20,0.6390673405,0.6401635866,0.638388438,0.6397089164,142.0,0.0011617210391466,0.0011623960984179,0.3053341058116735,0.30334333453055584
2023-08-21,0.6397074695,0.6407136572,0.6368670283,0.6378767989,43.73,-0.0028680952424106,-0.0028639861865774,0.30532331556475945,0.3003625254106674
2023-08-22,0.6378883826,0.6384853685,0.634543039,0.6357142147,1067.35,-0.0033960451280705,-0.0033902850891102,0.3051694082078749,0.30029641723573847
2023-08-23,0.6358816306,0.6360753689,0.6286474524,0.6309614229,829.81,-0.0075043901748762,-0.007476302543027,0.30459759092614064,0.29812757504489884
2023-08-24,0.6310658944,0.6354244372,0.6298465855,0.6349149277,13.83,0.0062462935694156,0.006265842342356,0.30489947303467607,0.29640430107518406
2023-08-25,0.634859211,0.639068303,0.6264679847,0.6298602246,41.77,-0.0079930887361864,-0.0079612289449719,0.30537454736825315,0.294736319215216
2023-08-26,0.6298602246,0.6348447362,0.629707158,0.6338075971,153.23,0.0062475047183571,0.0062670610809039,0.3063313744180677,0.287277778404222
2023-08-27,0.6337971194,0.6338852874,0.6292116544,0.6293544892,316.02,-0.007050759987931,-0.0070259616962233,0.30666464198092996,0.2873624475252388
2023-08-28,0.6293385673,0.6299084165,0.6248455744,0.624904946,366.03,-0.0070951220157878,-0.0070700110611049,0.3069860958724719,0.28294315262419223
2023-08-29,0.6248452799,0.6272169221,0.6238802701,0.625143359,98.71,0.0003814460640234,0.0003815188238243,0.30704556064615524,0.28203814209792694
2023-08-30,0.6251454756,0.6268304366,0.4720598163,0.4914450102,18268.59,-0.2406309460930848,-0.2138683021665115,0.7563735224826628,0.48653492402775017
2023-08-31,0.4914482134,0.4928092412,0.3647532433,0.3707076892,38344.79,-0.281936199420182,-0.2456781908333229,1.0909778182333976,0.6725258402541012
2023-09-01,0.3707302893,0.372989149,0.3680329288,0.3721048916,1364.41,0.0037619288738347,0.0037690138098165,1.0918250770385884,0.672779198251445
2023-09-02,0.372127967,0.3784751113,0.3720590058,0.3754501804,4400.3,0.0089500058411724,0.0089901768977445,1.0939471490448418,0.673317697640496
2023-09-03,0.375479491,0.3787874215,0.372149951,0.3724342422,8354.69,-0.0080652958063854,-0.0080328585720397,1.089307478449215,0.6732499095618046
2023-09-04,0.3724150313,0.3764571369,0.3712585836,0.3724128059,9375.86,-5.755893122116263e-05,-5.755727473766292e-05,1.0873791596845752,0.6733383689315163
2023-09-05,0.3724036268,0.3725872043,0.3716954374,0.3717976235,1836.41,-0.0016532489086873,-0.0016518830455178,1.0563093066967193,0.6693779272993353
2023-09-06,0.3718053842,0.3758664351,0.3681410567,0.3682383387,1487.62,-0.0096192953506701,-0.0095731779200035,1.0542605706519677,0.6684321440552493
2023-09-07,0.3682227259,0.3692938029,0.353829305,0.3547098652,1135.82,-0.0374302138465356,-0.0367383623002425,1.0534135547419323,0.6702758351994069
2023-09-08,0.3545374937,0.3557882755,0.3542111294,0.355612339,40.58,0.0025410279455059,0.0025442590932485,1.0534370570642644,0.6702832828249378
2023-09-09,0.355631587,0.3558953699,0.3486723008,0.3509808818,411.63,-0.0131094479616889,-0.013023893414452,1.053781205221045,0.6703181191411903
2023-09-10,0.3509864628,0.3692137539,0.3509864628,0.3687135574,5321.5,0.0492883212042777,0.0505231951924511,1.0746203625636046,0.675770225773674
2023-09-11,0.3687316977,0.3748203297,0.3683156292,0.3730569535,2183.15,0.0117110229559055,0.0117798654614917,1.077242403519285,0.676273997023781
2023-09-12,0.3730403144,0.3730918203,0.3680898095,0.3699815225,312.49,-0.0082780331342781,-0.008243864565843,1.0757396526366063,0.6761588072369414
2023-09-13,0.3699696166,0.370374453,0.3622324119,0.3622699833,567.3,-0.0210633211335513,-0.0208430387222918,1.0742140895295742,0.6750038170677728
2023-09-14,0.3622613146,0.3636859678,0.3465908825,0.3470647453,1208.69,-0.0428783956476852,-0.041972116655904,1.0743161795168423,0.6775879524731167
2023-09-15,0.3470723851,0.3490403059,0.3470526418,0.3481757339,52.04,0.0031959863641575,0.0032010989737367,1.0743781064303344,0.6774464966740111
2023-09-16,0.3482282521,0.348939175,0.3463171459,0.346348767,146.93,-0.0052610703053981,-0.005247255113203,1.0736548057366728,0.6774570557694746
2023-09-17,0.346348767,0.3504793118,0.3440894207,0.3503028212,194.2,0.0113517193596939,0.0114163946193577,1.0734005391395403,0.6781784756406424
2023-09-18,0.3502123239,0.3545660508,0.3501695899,0.3521600188,319.73,0.0052876873236803,0.0053016918152071,1.0743404509500094,0.6784201636056382
2023-09-19,0.3521600188,0.3527878707,0.3511979188,0.3513837406,156.96,-0.0022067668276665,-0.0022043337078557,1.0738119621339248,0.6782631378537397
2023-09-20,0.3513781322,0.3515760968,0.349368579,0.3495031258,152.87,-0.0053663990676752,-0.0053520256708201,1.0734905518689017,0.677765289706521
2023-09-21,0.3495165264,0.3513911378,0.3473485464,0.3494543093,109.38,-0.0001396837564862,-0.0001396740011645,1.0739710379611465,0.6776889889995579
2023-09-22,0.349452414,0.3507858398,0.34650362,0.3503565232,2778.88,0.002578452227253,0.0025817792941436,1.0753826865872262,0.6777712845389763
2023-09-23,0.3503607516,0.3507461264,0.3447693255,0.3447805927,1236.68,-0.0160430222058139,-0.0159150183620728,1.0726626743961039,0.6779082725184561
2023-09-24,0.3447805927,0.3490262363,0.3423109557,0.3428450763,9.64,-0.0056295789961903,-0.0056137626101365,1.0729211643187289,0.671753188624925
2023-09-25,0.3429284151,0.3490811676,0.3418490649,0.3471756464,262.02,0.0125521649325309,0.0126312740049694,1.0744299372061126,0.6725465971242146
2023-09-26,0.3471783417,0.3476641984,0.3448486399,0.3449306242,6.0,-0.0064875299340888,-0.0064665313459614,1.0744904530366042,0.6725516550645847
2023-09-27,0.3449127429,0.3474073589,0.3446121699,0.345913127,19.33,0.0028443579628373,0.0028484069869956,1.0759166249240066,0.6727685589908491
2023-09-28,0.3459024987,0.3474182848,0.3457680718,0.3467410677,25.49,0.0023906333077911,0.0023934931500879,1.076258418006831,0.6729860101338068
2023-09-29,0.3467256277,0.3472299672,0.3414158012,0.341536118,267.06,-0.0151248625759862,-0.0150110563323965,0.8481917865291111,0.6718677072659612
2023-09-30,0.3415001421,0.3425572102,0.3411046454,0.3420676422,376.75,0.0015550654869329,0.0015562752282616,0.25536358214830024,0.6719593424175301
2023-10-01,0.3420676422,0.342256942,0.3412654438,0.3420540194,224.45,-3.982566483846584e-05,-3.982487180720362e-05,0.25476719773000356,0.6720930883076475
2023-10-02,0.3420708794,0.3433884756,0.3281237941,0.3281237941,3950.66,-0.0415777178362493,-0.0407252203158879,0.2757313461852653,0.6742373290072703
2023-10-03,0.3281885535,0.3284127268,0.3136250728,0.3148360584,1107.23,-0.0413389043943645,-0.0404961052472481,0.2956256351130126,0.6763316248186702
2023-10-04,0.3148823017,0.3149736346,0.3136773449,0.3140349449,116.33,-0.0025477846144774,-0.0025445417658678,0.29530784993989123,0.6762597786835608
2023-10-05,0.314050177,0.3167168517,0.3119866802,0.3121886488,189.61,-0.0058966205305412,-0.0058792695844339,0.295060630216713,0.676117618020334
2023-10-06,0.3121808067,0.3144218451,0.3116483347,0.3122837611,401.71,0.0003046165025951,0.0003046629029133,0.2953533317770165,0.67554940068487
2023-10-07,0.3122800997,0.3129686982,0.3116793484,0.3121024161,35.2,-0.0005808745027388,-0.0005807058278061,0.27961978624911316,0.6728722092893349
2023-10-08,0.3121620426,0.3143618286,0.3118904835,0.3125387555,12.61,0.0013970884111112,0.0013980647937701,0.2793973779555835,0.672924431149057
2023-10-09,0.3125539798,0.3131181665,0.3103285267,0.3129006931,1005.31,0.0011573866701653,0.0011580567005873,0.27854856179067333,0.6716885510699998
2023-10-10,0.3129331295,0.3130971391,0.3103150672,0.3105357038,795.78,-0.0075869829104283,-0.0075582744051134,0.22860098915651117,0.6616634670393493
2023-10-11,0.3105229424,0.3111206496,0.3083928438,0.3085903613,111.34,-0.0062841770411406,-0.0062644728969809,0.22254403335030526,0.6613635384347119
2023-10-12,0.3085524192,0.3105246587,0.3085249313,0.3102785831,87.07,0.0054558432861764,0.0054707535027602,0.22504182217777705,0.6604828201251437
2023-10-13,0.3102754266,0.3111367563,0.3078418715,0.3088635926,199.17,-0.0045708175571848,-0.0045603872683147,0.22039211722135696,0.6604493214421753
2023-10-14,0.3088641198,0.3108073506,0.3088002689,0.3107264154,62.91,0.0060131002399738,0.0060312152180801,0.19166471143531158,0.6608698204810403
2023-10-15,0.3107323034,0.3115708631,0.3105552255,0.3107766597,33.97,0.000161686408716,0.0001616994806679,0.1909181832955411,0.6605840356251026
2023-10-16,0.3108171756,0.3117180299,0.3045218933,0.3054908266,1763.29,-0.0171547675182798,-0.0170084622992684,0.1947884914158107,0.6603135932452231
2023-10-17,0.3054908266,0.3064397191,0.3054490366,0.3055849125,40.39,0.0003079353170921,0.0003079827340388,0.18969765270810615,0.6600878066269075
2023-10-18,0.3055849125,0.3070166818,0.1757800211,0.1757931076,71041.81,-0.5529199074153083,-0.4247323725447343,1.5993525292049167,1.1233651383186722
2023-10-19,0.1757931076,0.1763282983,0.1725051926,0.17293461,563.06,-0.0163942323987905,-0.0162605783527317,1.5982656465650276,1.122965535997166
2023-10-20,0.1729409945,0.1736892477,0.1712484961,0.1727984129,1718.67,-0.0007878744466055,-0.0007875641550293,1.5987753446170643,1.1230474739893153
2023-10-21,0.1727830578,0.1729565291,0.1716485315,0.1729178933,450.45,0.000691204913475,0.0006914438506395,1.598882558505329,1.123019434664582
2023-10-22,0.1729112024,0.2077116815,0.1728927283,0.2076317789,71247.72,0.182949340494777,0.2007535769579032,1.7062549504070152,1.1709447090327023
2023-10-23,0.208972345,0.2589939,0.2087640684,0.2570320208,75991.22,0.2134344545569452,0.237922355439589,1.8328171224267085,1.230481164805894
2023-10-24,0.2570320208,0.2805085699,0.1866193588,0.2190398902,140329.77,-0.1599468114247845,-0.1478108855143856,1.8836390232729754,1.2554252890837192
2023-10-25,0.2190514474,0.2246455409,0.2144749327,0.22073143,13749.03,0.0076928533735758,0.0077225193934105,1.8830754253284314,1.255715139972156
2023-10-26,0.2207234576,0.2211108145,0.2153853201,0.2205481155,36.6,-0.0008308316685613,-0.0008304866234953,1.883371485044887,1.2557641622033524
2023-10-27,0.220561302,0.2210643772,0.2192217106,0.2200122335,24.48,-0.0024327303421807,-0.0024297736518179,1.8830013283218037,1.2557756846393484
2023-10-28,0.2199924809,0.2275808905,0.2197999859,0.2275490565,605.39,0.0336826964880498,0.0342563814752601,1.8877029037524717,1.25806846605433
2023-10-29,0.2275544309,0.2368531767,0.2275312613,0.2368325404,935.81,0.0399874626861062,0.0407977253028073,1.8941746086593854,1.261022275714557
2023-10-30,0.2367826607,0.2371549145,0.2362534182,0.2368709346,539.35,0.0001621022521907,0.0001621153914708,1.8940909886790518,1.261005614936607
2023-10-31,0.2368726029,0.2379627674,0.2324142719,0.2325025817,753.45,-0.018614083999106,-0.0184419118680676,1.893815522710279,1.2609455412024264
2023-11-01,0.2324763426,0.2325823195,0.2276277474,0.2286754307,4457.94,-0.0165976640520705,-0.0164606817353031,1.8919078546787191,1.2608899520187646
2023-11-02,0.2287038946,0.229062561,0.2265725574,0.2270375904,546.39,-0.0071880647521213,-0.0071622924027578,1.889899580191143,1.2599982957537945
2023-11-03,0.2270173506,0.2283224113,0.1811331694,0.2114980885,51708.09,-0.0708996396271585,-0.0684446213185321,1.8976421881472676,1.2632673523855646
2023-11-04,0.2115037005,0.213425992,0.2113478978,0.2126823042,8.14,0.0055835620740003,0.0055991792096032,1.8983164564430561,1.2561480124337145
2023-11-05,0.2126980086,0.2131619433,0.210465203,0.2113761005,131.79,-0.0061605091024878,-0.0061415720734889,1.8980212754859536,1.2558894898929192
2023-11-06,0.2113386999,0.2126803429,0.2020505184,0.202317296,812.46,-0.0438017762859366,-0.042856332757449,1.8996949466445854,1.2567619599621402
2023-11-07,0.2023086067,0.2037689862,0.2011747507,0.203057472,514.01,0.0036518149672639,0.0036584909675738,1.8998696176504954,1.256809344898773
2023-11-08,0.2030526519,0.2077205925,0.2029778839,0.2040745078,1545.54,0.0049961092028537,0.00500861056716,1.900174874658782,1.2572003641362928
2023-11-09,0.2040559176,0.2257637766,0.2029380333,0.2251598185,3440.46,0.0983252930259304,0.1033216295720007,1.9279909764377305,1.271162198421999
2023-11-10,0.2251310978,0.2562057525,0.2250817222,0.2557237389,4611.99,0.1272872623595032,0.1357432272046355,1.969087343801858,1.2924371507794234
2023-11-11,0.2557331668,0.2642538783,0.2555657759,0.2641141231,832.14,0.0322835773464405,0.0328103453988721,1.972007854444174,1.2943137888224892
2023-11-12,0.2641460842,0.2761650652,0.264127351,0.2748958796,992.01,0.040011112127696,0.040822339878878,1.9763930066164779,1.2970519447232722
2023-11-13,0.2749753909,0.2821993139,0.2743529757,0.2813434105,655.22,0.0231836182634514,0.0234544472233697,1.9777662010033517,1.2982278614626521
2023-11-14,0.2814011496,0.2890182998,0.2767203862,0.2861729334,1732.99,0.0170202657239145,0.0171659357203959,1.9786268103479385,1.298845511517998
2023-11-15,0.2860870893,0.2860905129,0.2744214339,0.2781307694,1932.22,-0.028504893707597,-0.0281024620478661,1.9796180887580284,1.2978797718974469
2023-11-16,0.2781525344,0.2790531534,0.275372662,0.2756514963,228.88,-0.00895402333403,-0.0089140554471854,1.979660413827859,1.2956725618416576
2023-11-17,0.2755877176,0.275978062,0.2617277595,0.2622104453,1863.16,-0.0499899655980978,-0.0487610304330499,1.113973239889688,1.2973478389042374
2023-11-18,0.2622675026,0.2623834096,0.2499289941,0.2523107115,1314.99,-0.0384860975273045,-0.0377549177671907,1.1209137315660391,1.2980870567307015
2023-11-19,0.2523168588,0.2523517264,0.2442559187,0.2482966704,1736.27,-0.0160370273170001,-0.0159091188643412,1.1233640214149843,1.2980595425659869
2023-11-20,0.2482635098,0.2506612398,0.2470415085,0.2495014745,337.88,0.0048405421547173,0.004852276504792,1.1230627028446294,1.2982600340919859
2023-11-21,0.2495007478,0.2498945211,0.2485553988,0.2495692536,122.33,0.0002716212216043,0.0002716581139885,0.9997794105984463,1.2983742063582484
2023-11-22,0.2495002818,0.2525074274,0.2417949472,0.2518879171,4903.5,0.0092477689423379,0.0092906616762826,0.7836684006193099,1.2984922563653623
2023-11-23,0.2518820384,0.2593480276,0.2517773672,0.2581807723,1482.1,0.0246757922402799,0.024982759286154,0.6240265496783907,1.2998046440468647
2023-11-24,0.2582100899,0.2843071204,0.2581159415,0.2839651734,3986.58,0.0951915943704596,0.0998695637568203,0.6760802372540958,1.311404199686692
2023-11-25,0.283929383,0.2874687706,0.2837483641,0.287104678,1178.04,0.0109952792000664,0.0110559494405944,0.6755462435322112,1.3118246651103203
2023-11-26,0.287098603,0.28930207,0.2757959266,0.275829297,5903.1,-0.0400646957250849,-0.0392727178064302,0.6896368976831417,1.312868638239743
2023-11-27,0.2758212705,0.2758684205,0.2713091416,0.2718825554,314.36,-0.0144119938095871,-0.0143086381429596,0.6878770468848111,1.3127999204109042
2023-11-28,0.2718888695,0.2720152041,0.2604476606,0.2611825378,1208.79,-0.0401506500182756,-0.0393552928920278,0.6925980754546001,1.2543109097509209
2023-11-29,0.2611555881,0.2838519262,0.2609932958,0.275689466,2233.7,0.0540555676869332,0.0555432546225913,0.7079451148490506,1.1688945591041795
2023-11-30,0.2756972151,0.2769280692,0.264257616,0.2685905737,4095.03,-0.0260869198212689,-0.0257495957426243,0.7104433915936934,1.1694516187887998
2023-12-01,0.2685948369,0.2875096747,0.2662536301,0.2870778921,2171.14,0.0665653907011015,0.068830853388955,0.7293043134963922,1.1751653897519818
2023-12-02,0.2870419734,0.4848031709,0.286983052,0.4344416313,53373.63,0.4143080203713693,0.5133231894731471,1.3842063070565858,1.3668843149115066
2023-12-03,0.4347381097,0.4443654583,0.4098146192,0.4176211018,22947.83,-0.0394870339316426,-0.0387175820366643,1.3688682645563301,1.3686200225724996
2023-12-04,0.4175855607,0.4176974894,0.3424169692,0.3568799526,29197.84,-0.157175108419796,-0.1454455939563349,1.4644709663765534,1.3940666016271097
2023-12-05,0.356883874,0.3790106255,0.3498770413,0.3781199381,7059.2,0.0578119838502794,0.0595157709063201,1.4673174795612085,1.397373882579651
2023-12-06,0.3781606122,0.3782067554,0.3223585677,0.3227753125,7119.45,-0.1582549876255328,-0.1463679114042465,1.545556254268661,1.421035462957368
2023-12-07,0.3227686719,0.3439201623,0.3226776694,0.342089935,8347.63,0.0581172161018881,0.0598392186515193,1.5499614674164484,1.4244717677769896
2023-12-08,0.3420501121,0.3877161896,0.3412143083,0.3615096917,19152.78,0.0552151805924459,0.0567679861729928,1.55330334423497,1.4273350437821917
2023-12-09,0.3615276045,0.3615456177,0.3504060205,0.3589283872,1360.24,-0.0071659608830731,-0.0071403466055404,1.5365246079228816,1.424976095604353
2023-12-10,0.3558663622,0.3599381368,0.3360401252,0.3431159027,4627.76,-0.0450545912042613,-0.0440547057961984,1.5085456727548858,1.426786152234022
2023-12-11,0.3430769129,0.3447431462,0.3199361824,0.3293826979,2022.77,-0.0408480085780725,-0.0400249731706765,1.5139543664923447,1.4283012041588294
2023-12-12,0.3293860998,0.3307554491,0.314975055,0.321330242,3881.52,-0.0247509046917104,-0.024447112587695,1.5134531481746198,1.4284590615239026
2023-12-13,0.3213561983,0.3215241171,0.3104089654,0.3109878393,997.85,-0.0327155760787366,-0.0321862101606981,1.5163507762321644,1.427723173961492
2023-12-14,0.3109596896,0.3146756879,0.3092210347,0.3138628714,1498.16,0.0092023657482625,0.0092448376967775,1.5159070705477098,1.4278111442740182
2023-12-15,0.3138840123,0.3409817311,0.313553125,0.3402795897,2850.15,0.0808114271015033,0.08416643288251,1.5291667528767698,1.4343590652941154
2023-12-16,0.3402801737,0.3415512061,0.338432332,0.3407935732,692.68,0.0015093344608867,0.0015104740794271,1.5285352093523255,1.4342292411435476
2023-12-17,0.3407693523,0.3409070296,0.3168884157,0.3196348391,20161.83,-0.0640977203969353,-0.0620866582116635,1.5336499559454815,1.438157099121901
2023-12-18,0.319737364,0.3244946497,0.2989979357,0.3057053583,4072.28,-0.044557459687418,-0.0435793571164564,1.5353010271378542,1.439996139669135
2023-12-19,0.3056777562,0.3094277184,0.279531861,0.2796129709,3944.22,-0.0892153565125489,-0.085351423164767,1.5590591070727515,1.447441922133551
2023-12-20,0.2796317141,0.2828958716,0.2718742606,0.2797729429,5289.48,0.0005719557837068,0.0005721193816048,1.5590872287969475,1.4474456684551427
2023-12-21,0.2797462429,0.2820894315,0.2788494852,0.2809899744,33.38,0.0043406344225151,0.0043500686213071,1.5590514228475887,1.4474660781552993
2023-12-22,0.2809899744,0.2830769748,0.2797164379,0.2804214955,948.45,-0.0020251780548598,-0.0020231287654083,1.5590610721236253,1.447283428829994
2023-12-23,0.2804031761,0.2834456551,0.2803762791,0.2820074916,968.08,0.005639824192106,0.0056557579409957,1.557798176426685,1.447332775212895
2023-12-24,0.2820662012,0.2821208853,0.2771035071,0.2773743803,273.04,-0.0165654894519605,-0.0164290362419576,1.5337784299141417,1.4473142275346458
2023-12-25,0.2773743803,0.278645976,0.2665190357,0.2665773764,1109.45,-0.0397036026618407,-0.0389257432078704,1.5374295591924856,1.4486403665424266
2023-12-26,0.2666595804,0.2771473826,0.26448929,0.2770506769,1702.74,0.0385358941227759,0.0392880320207098,1.5376065111693233,1.4502687244813985
2023-12-27,0.2770827585,0.2775444568,0.2720403651,0.2744538713,599.43,-0.0094172379893747,-0.0093730346702503,1.5372636467374547,1.4502913437322382
2023-12-28,0.2744538713,0.2800916172,0.2741959628,0.2788536791,1010.43,0.0159039960180426,0.0160311376886743,1.533020965666578,1.450461857588377
2023-12-29,0.2788536791,0.2964488092,0.2786683661,0.2959283338,13620.89,0.0594301128884866,0.0612315919772279,1.5346795086364398,1.454120458604815
2023-12-30,0.2954431353,0.2954431353,0.2910301494,0.291197145,675.17,-0.0161167974525934,-0.0159876167964285,1.5333449811451032,1.4543201427155414
2023-12-31,0.291197145,0.2912471424,0.2820091507,0.282009398,1868.63,-0.0320601153922855,-0.0315516383239264,1.524262045861748,1.4536699006224696
2024-01-01,0.282009398,0.2829408614,0.2742017763,0.2742326906,836.25,-0.0279634148661147,-0.0275760575893999,0.8816795491976425,1.4528087911081844
2024-01-02,0.2742326906,0.2777622037,0.2742326906,0.2775269384,1305.41,0.0119410220324741,0.012012600659653,0.8820373299119193,1.452982453000163
2024-01-03,0.2775269384,0.2818634139,0.2775236162,0.2791847956,502.17,0.0059559085950217,0.005973680283283,0.771064182642632,1.4530133332381556
2024-01-04,0.2791847956,0.2867092841,0.2764404674,0.286678203,893.55,0.026486430407648,0.0268403133626808,0.7528966782315923,1.4537525047154132
2024-01-05,0.286678203,0.2878346026,0.268110677,0.2727179125,1849.32,-0.0499223693634013,-0.0486967280871368,0.620367748125649,1.4560597091286591
2024-01-06,0.2727179125,0.2736192,0.2630087302,0.2677199129,1657.85,-0.0184966405370882,-0.0183266275184618,0.5910154403307161,1.4563281783412656
2024-01-07,0.2677199129,0.2677199129,0.2449406758,0.2449416994,1761.63,-0.0889211122977691,-0.0850822535136124,0.6041768143426713,1.4636063815887022
2024-01-08,0.2449416994,0.2576801832,0.2427982763,0.2567327208,5880.01,0.0470153262413413,0.0481380729736211,0.628617000069107,1.4659423272888559
2024-01-09,0.2567327208,0.2761257192,0.2567321345,0.2733541857,5477.48,0.0627327909906079,0.0647422924830389,0.6551913826219445,1.46993007195387
2024-01-10,0.2733541857,0.2733541857,0.2647123081,0.2649568481,1069.2,-0.031201362458372,-0.0307196232554342,0.6515208546983838,1.4707293088017481
2024-01-11,0.2649568481,0.2649568481,0.2586602343,0.2637348405,1423.37,-0.0046227690071176,-0.0046121004562175,0.6494323346718802,1.4707295930531568
2024-01-12,0.2637348405,0.2676173252,0.258149362,0.2581498746,1144.45,-0.0214038807997224,-0.0211764433148529,0.6462971577644402,1.471035072279309
2024-01-13,0.2581498746,0.2585688276,0.2579639651,0.2584929525,59.81,0.0013281049592975,0.0013289872812511,0.6450674956816403,1.4710413543930576
2024-01-14,0.2584929525,0.2622399198,0.2552237288,0.2552257464,1555.84,-0.0127199969915427,-0.0126394397541649,0.5896779044719342,1.4709311047752633
2024-01-15,0.2552257464,0.2554383494,0.2546942431,0.2551728087,201.71,-0.0002074367165066,-0.0002074152029986,0.5894181077108606,1.4709290704786318
2024-01-16,0.2551728087,0.261004236,0.2528821203,0.2601310463,2061.34,0.0192445314560515,0.0194309010637152,0.5717410656686679,1.138084718654074
2024-01-17,0.2601310463,0.2655783016,0.2585078645,0.2586233884,2479.27,-0.0058126236386003,-0.0057957630257684,0.5604623546776731,1.1376761576574252
2024-01-18,0.2586233884,0.2586233884,0.251868153,0.255812205,1544.45,-0.0109293035665621,-0.010869795718754,0.5017983723873366,1.137935445341348
2024-01-19,0.255812205,0.2571999616,0.2532107863,0.2532107863,282.24,-0.0102213117799052,-0.0101692516977445,0.5021121595691443,1.1381815204026526
2024-01-20,0.2532107863,0.2532107863,0.2481883089,0.2513357564,564.81,-0.0074325691415012,-0.0074050159055171,0.5017095002511486,1.0973932226604812
2024-01-21,0.2513357564,0.2532862456,0.2456934832,0.2457155421,566.93,-0.0226151862053926,-0.0223613797754087,0.5046463690955649,1.0381806826442046
2024-01-22,0.2457155421,0.2459469247,0.2331254028,0.2331750801,3435.37,-0.0523849458051029,-0.0510365029937599,0.5223229122201163,1.0065250687586256
2024-01-23,0.2331750801,0.236528076,0.2315918991,0.236528076,443.59,0.014277327342022,0.0143797351696504,0.5247188143899003,1.0067149776628865
2024-01-24,0.236528076,0.2371059816,0.2361803417,0.237066906,39.08,0.0022754896186738,0.0022780805099855,0.5148206043471258,1.0067144278531535
2024-01-25,0.237066906,0.2370948938,0.2323752336,0.2323824935,315.93,-0.019957712125847,-0.0197598752986635,0.5006301390229054,1.007300830705074
2024-01-26,0.2323824935,0.2323824935,0.2310228605,0.231170357,140.74,-0.0052297780562058,-0.0052161265753868,0.5005187191343815,1.0057864290754164
2024-01-27,0.231170357,0.2349997407,0.2310971033,0.2349997407,210.77,0.0164294958289675,0.0165652021725259,0.5007182886929372,1.0039168685227207
2024-01-28,0.2349997407,0.239102317,0.2349997407,0.23886296,388.57,0.016305587620469,0.0164392492029674,0.4663952881135967,1.004291543092465
2024-01-29,0.23886296,0.2388811495,0.2295554615,0.2296639417,950.03,-0.0392728809612359,-0.0385116985069597,0.4750167439302665,1.0059746695109428
2024-01-30,0.2296639417,0.2314933718,0.2284867619,0.2314824224,857.43,0.007886824087329,0.0079180070085855,0.47146683873860623,1.0056745025722562
2024-01-31,0.2314824224,0.2399825162,0.2314824224,0.2398337393,1010.63,0.0354419888752894,0.0360775423611603,0.48217122681438424,1.0073240315973262
2024-02-01,0.2398337393,0.288249232,0.2398337393,0.2850246761,8100.72,0.1726298289664467,0.1884261027322438,0.7037105850146146,1.0402610998704926
2024-02-02,0.2850246761,0.2870201542,0.2523668652,0.261196892,8883.04,-0.0873012609241343,-0.0835990217620318,0.748364693790299,1.0512407924622205
2024-02-03,0.261196892,0.2612016705,0.2464786683,0.2464786802,985.68,-0.0579989987220469,-0.0563491077068406,0.7601694232721659,1.055987743692731
2024-02-04,0.2464786802,0.2470479724,0.161552562,0.2054692896,20408.89,-0.1819789192485075,-0.1663810864563368,0.9095937305327775,1.0973515156085603
2024-02-05,0.2054692896,0.2114144342,0.2036354011,0.2088907966,2662.64,0.0165150306727432,0.0166521576370897,0.9122201800438269,1.097678068241587
2024-02-06,0.2088907966,0.2088913769,0.2012841594,0.2055842254,4969.74,-0.0159558051762997,-0.0158291856502021,0.8801109996837734,1.097984903265677
2024-02-07,0.2055926875,0.2077308152,0.203107887,0.2034526895,443.26,-0.0104223121047833,-0.0103681880059265,0.8657639733742324,1.0854412089987544
2024-02-08,0.2034526895,0.2094784178,0.2019428838,0.2094784178,1462.7,0.0291872225698464,0.0296173440361426,0.8472936043822756,1.0647961023034682
2024-02-09,0.2094784178,0.2119826949,0.2080167433,0.2080819819,436.26,-0.0066885705973368,-0.00666625189681,0.8446543613139788,1.0632165546650618
2024-02-10,0.2080812747,0.2080848028,0.2050427976,0.2050427976,247.2,-0.0147134196673474,-0.0146057062329432,0.8448043985060025,1.060940279252267
2024-02-11,0.2050427976,0.2108164846,0.204969786,0.2068884518,2867.25,0.0089610416942912,0.0090013120265777,0.8453237580690768,1.0602033121716186
2024-02-12,0.2068884518,0.2089290658,0.2060980757,0.2077579132,3169.04,0.0041937551981673,0.0042025612954004,0.845620991246285,1.0597204130769748
2024-02-13,0.2077579132,0.2132656068,0.2075856623,0.2108974816,1624.1,0.0149986231868845,0.0151116669957001,0.8478854146319943,1.059320856237603
2024-02-14,0.2108974816,0.2166149275,0.2047353977,0.2047791938,6437.62,-0.0294398509780499,-0.0290107200597314,0.850271968579081,1.0601970632848756
2024-02-15,0.2047791938,0.2047794093,0.2037515713,0.2043629586,38.06,-0.0020346734803829,-0.0020326049354727,0.8467212654093448,1.0572502843770608
2024-02-16,0.2043629586,0.2043629586,0.2007950165,0.202344106,1014.29,-0.0099278786019333,-0.0098787598977342,0.8467110757706784,1.0555972538074738
2024-02-17,0.202344106,0.2237347301,0.202344106,0.2237347301,2865.82,0.1004913663143119,0.1057140952749076,0.9032598798593315,1.0692716372929674
2024-02-18,0.2237347301,0.2290825525,0.2237339254,0.2290752571,1437.37,0.0235894737274767,0.0238699061053822,0.9066968692834844,1.070029400373185
2024-02-19,0.2290752571,0.233256913,0.2111148804,0.2121938096,2544.49,-0.0765505299149279,-0.0736938930625344,0.9312065768601322,1.077476905053349
2024-02-20,0.2121938096,0.2205653701,0.2121724283,0.2205058541,1084.58,0.0384241904652617,0.0391719462300468,0.9383165617955906,1.0794284631465356
2024-02-21,0.2205058541,0.2304764449,0.2205026239,0.2236859954,1668.64,0.0143190184146546,0.0144220266304484,0.9280451982366307,1.0788568984829392
2024-02-22,0.2236859954,0.2238930546,0.2106578258,0.2106578258,1670.11,-0.0600081236965764,-0.058243116993993,0.9420198895134152,1.0706599862347546
2024-02-23,0.2106578258,0.2132984091,0.2106323665,0.2129135202,584.13,0.0106509363560697,0.0107078594941047,0.9428064219426615,1.070647106894718
2024-02-24,0.2129135202,0.2200507072,0.2128466438,0.2200471498,910.22,0.032955765847449,0.0335048220202223,0.9472820908138085,1.0705238273897528
2024-02-25,0.2200471498,0.2200471498,0.2144038657,0.2144185835,382.31,-0.0259117384496023,-0.0255789102704387,0.949822453974266,1.0710586364858765
2024-02-26,0.2144185835,0.2169177896,0.206527878,0.2148777014,4145.59,0.0021389333716084,0.0021412225214145,0.9482483591030806,1.0692009047334206
2024-02-27,0.2148777014,0.2169759332,0.2136134254,0.2165245187,667.96,0.0076347557921995,0.0076639748529998,0.9470478902257996,1.0651029419201221
2024-02-28,0.2165245187,0.2165245187,0.2077959499,0.2078742854,1103.66,-0.0407702915122596,-0.0399503638291657,0.9475523225829136,1.0662991706723908
2024-02-29,0.2078742854,0.2238250833,0.207870233,0.2236686364,2448.88,0.0732321549578027,0.0759803020830973,0.9728585602454202,1.0675855613997425
2024-03-01,0.2236686364,0.228081016,0.2211597184,0.2264992725,3533.62,0.0125760781752289,0.0126554895919237,0.9676292840299426,0.8017337166881281
2024-03-02,0.2264992725,0.2264992725,0.2188105667,0.2221581492,1500.26,-0.01935222096622,-0.0191661688449793,0.8145931023540948,0.800146786942114
2024-03-03,0.2221581492,0.2249110095,0.2173872989,0.2238364637,2305.77,0.0075262004230967,0.0075545934553544,0.7803269312407732,0.7590352529091654
2024-03-04,0.2238364637,0.2453491074,0.2226990667,0.2445149705,6388.65,0.0883608236250831,0.0923822082344665,0.808954733568075,0.7678837476902634
2024-03-05,0.2445149705,0.2470054353,0.2402641816,0.2402680614,6148.23,-0.0175213135312338,-0.0173687079008522,0.60185875979189,0.7230760284302133
2024-03-06,0.2402680614,0.241802817,0.2363469398,0.2374051689,3561.89,-0.0119869676525518,-0.0119154101602952,0.6028768959999753,0.7156992748882671
2024-03-07,0.2374051689,0.248587543,0.2374051689,0.2458471733,3900.58,0.0349418412350995,0.0355594801878806,0.6060812739844662,0.7117381753263894
2024-03-08,0.2458471733,0.2458545289,0.2299837196,0.230013262,3688.93,-0.0665731280002376,-0.0644055047998389,0.6401621971355341,0.7193208575963415
2024-03-09,0.230013262,0.2342312487,0.230013262,0.2338771828,1789.32,0.0166591496110702,0.0167986870252725,0.6369157447415454,0.7169859031050362
2024-03-10,0.2338771828,0.2345022598,0.2205673855,0.2321247194,5236.64,-0.007521306900816,-0.0074930926523884,0.6370380211962134,0.7143341403682456
2024-03-11,0.2321247194,0.2358609927,0.2313080944,0.235849647,936.54,0.0159197021744467,0.0160470957579539,0.635551987782682,0.7142126966525261
2024-03-12,0.235849647,0.2459617069,0.235849647,0.2459604544,3681.58,0.0419762555232956,0.0428697160610971,0.6446292440962805,0.7164748960472074
2024-03-13,0.2459604544,0.2481967198,0.2433052226,0.2472021501,1581.7,0.0050356548228108,0.0050483550415818,0.6446160146512274,0.7163143515283528
2024-03-14,0.2472021501,0.3074523057,0.247121728,0.297504804,9900.5,0.1852239493932243,0.203487930342237,0.8283498284350231,0.7700535597529989
2024-03-15,0.297504804,0.3040628988,0.2876864261,0.2885984179,1867.18,-0.0303942084117057,-0.0299369488500763,0.8287638986428263,0.7715504313285481
2024-03-16,0.2885984179,0.2889570821,0.257924567,0.257924567,2761.85,-0.1123689981403238,-0.1062855823091468,0.9027404815071898,0.7866581193686731
2024-03-17,0.257924567,0.2690920878,0.2557304866,0.2690885846,1940.95,0.0423734699691758,0.043284041260017,0.9065546438597667,0.7869110615505693
2024-03-18,0.2690898766,0.2745494795,0.2651679159,0.2681691754,7295.89,-0.0034226033236367,-0.0034167528933518,0.864999189192516,0.7727759448544351
2024-03-19,0.2681691754,0.2749833368,0.2624497593,0.2644566372,2508.05,-0.0139407375227508,-0.0138440154222139,0.8652211113365311,0.7731023392474466
2024-03-20,0.2644566372,0.2900199457,0.2642218412,0.2897107439,3002.46,0.0912056950585667,0.0954943198529032,0.8647898383331789,0.7881989975992877
2024-03-21,0.2897107439,0.2923860634,0.2835871259,0.2837830494,5987.41,-0.0206729547143231,-0.0204607341108692,0.865097896055904,0.7889746848270306
2024-03-22,0.2837830494,0.3029977257,0.2837806814,0.3029977257,4382.25,0.0655152638711349,0.0677090345622313,0.8807208632876968,0.7964839266629281
2024-03-23,0.3029977257,0.309220063,0.3029977257,0.3073251866,3576.53,0.0141811271874299,0.0142821563759347,0.8552707337798249,0.7962477234134437
2024-03-24,0.3073251866,0.3672624275,0.3072648098,0.3506959597,5603.34,0.1320132096787937,0.141123393041161,0.9225627998189506,0.8227129966838362
2024-03-25,0.3506959597,0.491270849,0.3506758862,0.4912698681,25174.06,0.3370739699282722,0.4008426801388096,1.3093068486157409,0.9931785317345319
2024-03-26,0.4912698681,0.6156917295,0.4664110934,0.6048455623,28972.05,0.2079795501834622,0.2311879917228734,1.3998771953558289,1.0484782608751626
2024-03-27,0.6040746527,1.0148351936,0.5811897397,0.9787759553,127379.7,0.4813296092598632,0.6182245788132816,1.9022158256047164,1.3132487405923263
2024-03-28,0.9787759553,1.5885749181,0.9251069375,1.1998181524,312029.7,0.2036225188477026,0.2258353363740421,1.9480591348668166,1.3490641436509792
2024-03-29,1.1998181524,1.2679385112,0.8906140348,0.9121692526,54396.01,-0.2740997277791487,-0.2397437471875342,2.15615896832741,1.4326886608529144
2024-03-30,0.9121692526,1.1508754152,0.8924946454,0.987508656,47452.79,0.079359705459499,0.0825936668937881,2.1568230968416855,1.434964589325328
2024-03-31,0.987508656,1.0447501646,0.6875700976,0.8676228299,69810.72,-0.1294281698456532,-0.1214023040421835,2.216393712862513,1.453278412977059
2024-04-01,0.8676228299,0.8682347263,0.726152887,0.796002282,20418.37,-0.086155039786382,-0.0825480213657525,2.2415014731556795,1.4626817507756642
2024-04-02,0.796002282,1.0120880814,0.721741211,0.8659940345,37017.47,0.0842759672961349,0.0879290852334515,2.2421207112240418,1.4676723749506215
2024-04-03,0.8659940345,1.2981164165,0.8659940345,1.1477120788,73112.62,0.2816477230137164,0.3253117609091336,2.3422752815515424,1.5350765311288654
2024-04-04,1.1477120788,1.1643472828,0.9771864807,0.9771864807,26433.27,-0.1608482384282983,-0.1485787256663661,2.4147136277829135,1.5594723523407636
2024-04-05,0.9771864807,1.0886182639,0.9094487653,1.053011143,25836.09,0.0747315896682361,0.077594874466216,2.409453590054412,1.561742153249974
2024-04-06,1.053011143,1.0830738741,0.9753351223,1.051516621,31749.62,-0.0014202922639445,-0.0014192841262269,2.4136840913107993,1.5520551840825532
2024-04-07,1.051516621,1.0659634661,0.982138968,1.0311866034,31536.56,-0.0195233416920031,-0.0193339954823216,2.398002975074399,1.5523067884453503
2024-04-08,1.0311866034,1.0437904588,0.9244542714,0.9252956465,15260.32,-0.1083521559849233,-0.1026884528472918,2.440113209461492,1.5639060997644687
2024-04-09,0.9252956465,0.9296224022,0.8392404368,0.8842635213,24679.61,-0.0453581850509001,-0.044344880855332,2.4497489660924123,1.565231926999267
2024-04-10,0.8842635213,1.0115271602,0.8399549601,0.9994603721,26575.49,0.1224603861981384,0.1302743447232148,2.458362307515165,1.5755023122884098
2024-04-11,0.9994603721,0.9994603721,0.8762229598,0.8881040115,12573.74,-0.1181266392300542,-0.1114164840433097,2.505193761962795,1.5900421624897119
2024-04-12,0.8881040115,0.8881040139,0.7617828655,0.7835654952,9413.11,-0.125234214790331,-0.1177097670389252,2.550301571808071,1.6068515560781673
2024-04-13,0.7835654952,0.7835743737,0.7150190553,0.7499696976,8241.93,-0.0438218488960909,-0.0428755449363232,2.521999502494621,1.6090652647822394
2024-04-14,0.7499696976,0.8751513197,0.7498746485,0.8539357511,10463.22,0.1298231555403269,0.138627005641301,2.5309399390721357,1.620944671084415
2024-04-15,0.8539357511,0.8560179503,0.8133597201,0.8133619925,2342.77,-0.0486796923757832,-0.0475138305753504,2.5050601155833916,1.6242352278016197
2024-04-16,0.8133619925,0.8133619925,0.7323103438,0.7542793385,14494.53,-0.0754134908156114,-0.0726400477829064,2.5265576812240806,1.6306402198003802
2024-04-17,0.7542793385,0.7609509644,0.6816442617,0.6816442617,5240.51,-0.1012548635161869,-0.0962973173101173,2.5550199836885263,1.641190353346509
2024-04-18,0.6816442617,0.7265162142,0.6690676564,0.726395281,26402.75,0.0635864194984065,0.0656515748968415,2.5530243742560677,1.6431479937611597
2024-04-19,0.726395281,0.7376534116,0.720289837,0.7374611296,1744.46,0.0151190503525889,0.0152339213778565,2.547645020182972,1.6428373992766712
2024-04-20,0.7374611296,0.7818320051,0.701869723,0.7111076206,17997.86,-0.0363895977296189,-0.035735454984989,2.550828034858557,1.6438196311392748
2024-04-21,0.7142953539,0.7252780683,0.7068174074,0.7099678442,6814.32,-0.0016041043176574,-0.0016028184299843,2.5502669194466026,1.6403974266154346
2024-04-22,0.7099678442,0.7480639094,0.7099554523,0.7305317856,2836.59,0.0285530632085296,0.0289646095495657,2.5499115870909894,1.6406183053442716
2024-04-23,0.7305317856,0.7696212183,0.6466272127,0.6996467731,16586.34,-0.0431971445312574,-0.0422774383110976,2.538861851263627,1.6431855609560737
2024-04-24,0.6996467731,0.7012011642,0.5767498778,0.6149920098,15221.99,-0.1289663223008651,-0.1209964321351916,2.393030139560121,1.6592389479295082
2024-04-25,0.6149920098,0.6175993925,0.5584203977,0.5835730233,16041.05,-0.052439684586922,-0.0510884466778969,2.3213910100663453,1.6624089724179494
2024-04-26,0.5835730233,0.5835730233,0.5561362973,0.5566506747,3075.25,-0.0472317026938751,-0.0461336414211868,1.8174574801344197,1.6651539283732593
2024-04-27,0.5566506747,0.5646738844,0.5529451247,0.5646738844,1746.7,0.0143104805064346,0.0144133656252622,1.6948051602807253,1.6651344639745225
2024-04-28,0.5646738844,0.654324392,0.5646717427,0.654324392,11816.31,0.1473548719635757,0.1587651033219981,1.5939731002339417,1.6788649760881766
2024-04-29,0.654324392,0.6543311587,0.6219040155,0.6261490868,6160.42,-0.0440147401437086,-0.0430601480618499,1.5731192026332623,1.6814372657210348
2024-04-30,0.6261490868,0.6457300569,0.6143811932,0.6402261132,3975.86,0.022232915259805,0.0224819083773515,1.5384404732962296,1.6810400766026585
2024-05-01,0.6402261132,0.6693248166,0.6221584679,0.6593311402,21716.73,0.0294044813875284,0.0298410617844195,1.5252182174846536,1.658965517981775
2024-05-02,0.6593311402,0.6853357611,0.6489091355,0.6674518911,11770.6,0.0122414171987409,0.0123166500182847,1.5021687702111695,1.6508926013895004
2024-05-03,0.6674518911,0.732603808,0.6673715854,0.7125142732,21022.97,0.0653326300849844,0.0675140526244288,1.2482404428844762,1.6493175114456966
2024-05-04,0.7125142732,0.7549671089,0.7115376569,0.7404640419,16794.58,0.038477128808511,0.0392269597273802,1.1788507037041984,1.6169164436983934
2024-05-05,0.7404640419,0.7404640423,0.6939763212,0.7021122065,4113.65,-0.0531838437399548,-0.0517943252201563,1.1577746786072376,1.620840743055817
2024-05-06,0.7021122065,0.7474465465,0.7020649427,0.7451777766,4136.85,0.0595295866494388,0.061337161925556,1.1766282549578175,1.6218818516249671
2024-05-07,0.7451777766,0.7453197197,0.7383053419,0.7395167974,1071.6,-0.0076258197918226,-0.0075968169982593,1.1764266730059718,1.6217678601929166
2024-05-08,0.7395167974,0.7428345104,0.6179027592,0.6600773844,15548.9,-0.1136399191914896,-0.107420701300219,1.1803192196099628,1.6356163392920104
2024-05-09,0.6600773844,0.6600773844,0.5837202704,0.5913038006,5350.11,-0.1100271468995597,-0.1041901834926735,1.2110357318669416,1.6481864503494317
2024-05-10,0.5913038006,0.6063867763,0.5912035999,0.5952211083,3112.84,0.0066030167650682,0.006624864741314,1.1427046222541868,1.647608556386412
2024-05-11,0.5952211083,0.5978292673,0.5830406796,0.5846396283,2675.17,-0.0179373096901735,-0.0177773937322577,1.102038602106474,1.648356314737646
2024-05-12,0.5846396283,0.5918453542,0.5694790838,0.5745412785,2982.26,-0.0174236915310047,-0.0172727767862123,1.050517783131775,1.6490259625110444
2024-05-13,0.5745412785,0.6120281238,0.567767816,0.6064479122,4528.56,0.0540468962082983,0.055534101541496,1.0616501133290563,1.6505675852336767
2024-05-14,0.6064479122,0.6741656627,0.6064479122,0.649975787,9096.4,0.0693162693357535,0.0717751251580613,1.0069213485895063,1.6518636606271124
2024-05-15,0.649975787,0.6832160463,0.6433775416,0.6700365415,4476.39,0.0303971390233983,0.0308638489328834,1.0059915475732195,1.6519285729436597
2024-05-16,0.6700365415,0.6700674522,0.5977318027,0.597790319,11906.31,-0.1140921951107072,-0.1078243021466613,1.0348603446961824,1.6651989130558364
2024-05-17,0.597790319,0.6260632542,0.5977726868,0.6226346669,3328.36,0.0407198819725518,0.0415603048600057,1.0047582265161596,1.659201741549215
2024-05-18,0.6226346669,0.6292244083,0.6182240931,0.6273226788,2882.89,0.0075011101741491,0.0075293139769119,0.9854139378219328,1.6590847110375746
2024-05-19,0.6273226788,0.6402604057,0.5975211688,0.5999555708,5304.98,-0.0446054436782751,-0.0436252488947959,0.9900692200137374,1.6551574970652276
2024-05-20,0.5999555708,0.6373898448,0.5739169006,0.625298278,9954.19,0.04137317688358,0.0422409732210791,0.9955647793238718,1.6553004297887846
2024-05-21,0.625298278,0.7458465303,0.625092012,0.74552891,13057.85,0.1758651321042949,0.1922772478832892,1.1242701166229871,1.677973831236655
2024-05-22,0.74552891,0.8861844539,0.7317074854,0.8705148883,58518.2,0.1549909494254736,0.1676473931775497,1.2072418720369122,1.6898751644731345
2024-05-23,0.8705148883,0.8830725736,0.7611718722,0.8176756524,66663.22,-0.0626191172088281,-0.0606988307841444,1.215382577757223,1.6949430116256392
2024-05-24,0.8176756524,0.9414196082,0.8176706653,0.9184402203,53459.45,0.1162110734747777,0.1232329317917697,1.1876136804641229,1.7031525450977065
2024-05-25,0.9184402203,0.964430073,0.8990897716,0.9354806775,32911.57,0.0183836722837014,0.0185536922527562,1.1711357595077012,1.7016874987720374
2024-05-26,0.9354806775,1.0112005925,0.8912192798,0.8967180762,45352.12,-0.0423189744344557,-0.0414360255987221,1.1689251758921748,1.7043640811767966
2024-05-27,0.8967180762,0.9014932231,0.5194937894,0.723748562,83590.31,-0.2142974743249751,-0.1928917446751922,1.3459839201943995,1.7473188070347498
2024-05-28,0.723748562,0.7841890958,0.723748562,0.7659059753,7928.44,0.0566153725450407,0.0582487006032903,1.288993800649746,1.7463674744361324
2024-05-29,0.7659059753,0.7659059753,0.6131456267,0.6572878507,53626.11,-0.152937363102861,-0.1418165259220691,1.361770599836503,1.765726864088001
2024-05-30,0.6323999576,0.6746230904,0.6194991735,0.6194991735,30135.8,-0.0592106845256191,-0.0574918236504077,1.3714800480524236,1.769739327951738
2024-05-31,0.6208308036,0.642708987,0.6087418331,0.6286610149,11496.23,0.0146808174721749,0.0147891099648092,1.3692967502206705,1.7689929569845775
2024-06-01,0.6286610149,0.6619416524,0.6251374121,0.6568735659,6005.57,0.043899374012801,0.0448772077977313,1.3751367313966656,1.7698050964798115
2024-06-02,0.6568735659,0.6569549415,0.6320749225,0.6426610088,1765.21,-0.0218741756836592,-0.0216366707960412,1.3620052911483727,1.7659396468930346
2024-06-03,0.6426610088,0.7922488804,0.6426610088,0.7397985059,25135.27,0.1407604770672341,0.1511488884028902,1.420369556497829,1.778584408391065
2024-06-04,0.7397985059,0.8662993175,0.7336963762,0.8642782658,32587.56,0.1555169240533709,0.1682617076234351,1.4800429285092598,1.7940736423102848
2024-06-05,0.8642782658,0.8968912749,0.8297940547,0.8968912636,68698.69,0.0370398485644424,0.0377343722392609,1.4745221389392358,1.7941452350601874
2024-06-06,0.8968912636,0.9084137731,0.8685110387,0.8701351633,24544.39,-0.0302860727177966,-0.0298320447370673,1.477824304144095,1.790533119312224
2024-06-07,0.8812880273,0.8812880273,0.8191330748,0.8343127056,23630.98,-0.042040280850074,-0.041168842739492,1.4418296416836938,1.7930513373510129
2024-06-08,0.8343127056,0.8447274812,0.7763998715,0.7785065676,13832.95,-0.0692308513843899,-0.0668887548103043,1.4175000584960118,1.7981274452822649
2024-06-09,0.7785065676,0.7940784807,0.7746949286,0.7924616957,2564.21,0.0177667436197819,0.0179255110756755,1.4176937598277164,1.7981372973874543
2024-06-10,0.7929750612,0.8628866344,0.7928517778,0.8186021672,18321.46,0.0324540404199014,0.0329864164310294,1.4167291805178133,1.7977803689356968
2024-06-11,0.8186021672,0.8186032684,0.6319362573,0.7153638903,59663.77,-0.1348068607898895,-0.1261153232138669,1.4769217890755408,1.8147625987819642
2024-06-12,0.7153638903,0.7363768651,0.6080168832,0.6172437133,17931.07,-0.1475274075525235,-0.1371612103021465,1.535861093392535,1.8101410799686515
2024-06-13,0.6226500102,0.6265588444,0.5042270287,0.5801919249,80486.5,-0.0619049893557651,-0.0600278100880253,1.5319178245197447,1.8128049009971259
2024-06-14,0.5801919249,0.5997026393,0.5691082045,0.5997024203,10838.27,0.0330746122140986,0.0336276576123715,1.532456545937118,1.8018186766955957
2024-06-15,0.5997024203,0.7438178856,0.5997015457,0.7172284374,27801.6,0.1789608255129458,0.1959738915864435,1.5835291191191636,1.8232693901722552
2024-06-16,0.7173680381,0.7173695026,0.6891408343,0.6891435284,8648.53,-0.0399448281328565,-0.0391575508380699,1.5854489980450401,1.8251046174448515
2024-06-17,0.6891435284,0.6891435284,0.6321945497,0.6564861186,11760.3,-0.0485480144328221,-0.0473884008978819,1.592490414066113,1.8273334759244428
2024-06-18,0.6564861186,0.6798637399,0.6297472343,0.6390065492,13314.66,-0.0269868455005533,-0.0266259543115341,1.5888710659379055,1.823178151286007
2024-06-19,0.6389891922,0.6651159041,0.5569236319,0.5890240474,38780.6,-0.0814476931418815,-0.0782190759430795,1.602310499982809,1.8287865782945318
2024-06-20,0.5890240474,0.5890251239,0.5447363715,0.5855454215,5172.7,-0.0059232530092288,-0.0059057451310433,1.5109862876339324,1.8263428775782315
2024-06-21,0.5855454215,0.5868340799,0.5612913692,0.5782387142,5301.49,-0.0125569735559527,-0.0124784637223912,1.429730201907614,1.8266064840638057
2024-06-22,0.5782387142,0.6049789571,0.5764781686,0.5991754795,3815.88,0.0355677255456994,0.0362078234920095,1.4288195259919894,1.8150127015133448
2024-06-23,0.5991754795,0.6117909626,0.5878118987,0.6061587115,8814.82,0.0115873426415406,0.0116547359478518,1.3796098165445112,1.7264358604396322
2024-06-24,0.6061587115,0.6136198135,0.578382466,0.5977344263,11129.89,-0.0139952998141176,-0.0138978208844896,1.3762232610397926,1.6911664970161917
2024-06-25,0.5977344263,0.7476578061,0.5977344263,0.7356748111,36904.14,0.2076416362171114,0.2307720263894728,1.5165241304000463,1.5243276438583166
2024-06-26,0.7356748111,0.7404437917,0.6715211345,0.7034415626,39559.47,-0.044803381909913,-0.0438145332878857,1.3890088804640728,1.485077613028319
2024-06-27,0.7034415626,0.7721882271,0.6996926882,0.7324234295,29466.69,0.0403739958839038,0.0412001059375559,1.3839484083529003,1.4159079528632212
2024-06-28,0.7324234295,0.7807418129,0.7181334662,0.740685276,16538.67,0.0112170040068922,0.0112801504802217,1.3075177041962174,1.4093374602311053
2024-06-29,0.740685276,0.762803506,0.7270929756,0.7373917779,9167.01,-0.0044564707125159,-0.0044465553815059,1.2940836871079375,1.3930638545150864
2024-06-30,0.7373917779,0.7541522824,0.7153138691,0.7205043825,6759.23,-0.0231678376132119,-0.0229015238657707,1.2964754789786364,1.3862356884705758
2024-07-01,0.7205043825,0.7451880492,0.7100683614,0.7163971771,5195.17,-0.0057167682202519,-0.0057004585950594,1.2913530418732317,1.3786995997690763
2024-07-02,0.7163971771,0.7164013276,0.689295888,0.7002416861,7595.21,-0.0228091884723591,-0.0225510254875624,1.2915116959013553,1.2927217929333363
2024-07-03,0.7002416861,0.7180195525,0.6709470497,0.7180195525,4084.8,0.0250712592615857,0.0253881863260867,1.2260367164060404,1.2666278346260642
2024-07-04,0.7180195525,0.7821396302,0.659113365,0.6796856344,26949.54,-0.0548664116490613,-0.0533884042106221,1.1413582410566325,1.262543090672697
2024-07-05,0.6796374725,0.6796479987,0.6234334485,0.6560650402,11803.71,-0.0353704582468054,-0.0347522339807157,1.1358040605827504,1.2635585689130202
2024-07-06,0.6560650402,0.6893978323,0.65493061,0.6888135305,7736.83,0.0487106658279048,0.0499165300593014,1.1468217156065597,1.2665299585856373
2024-07-07,0.6888135305,0.6940499701,0.6718774054,0.6793916889,2460.15,-0.0137727738516772,-0.013678363131399,1.1424034292170961,1.2543975237064708
2024-07-08,0.6793916889,0.6861457667,0.6614147126,0.6861457667,10272.61,0.0098922704024493,0.0099413606471041,1.1277806464833653,1.2525744547050013
2024-07-09,0.6861457667,0.6912525216,0.6822837855,0.686293408,1082.81,0.0002151516851036,0.0002151748318874,1.125954412646822,1.234528035429891
2024-07-10,0.686293408,0.7066335783,0.6843911364,0.6942766048,7828.9,0.0115652023552062,0.0116323378702771,1.1215685917543885,1.2196174264194979
2024-07-11,0.6942766048,0.6951560256,0.6494975967,0.67907459,22527.81,-0.0221394728447908,-0.0218961933830093,1.0541983038735707,1.2023767329802744
2024-07-12,0.67907459,0.690931996,0.6633668857,0.6875766717,20904.07,0.0124423715453625,0.0125200998906467,0.959670220837441,1.2004656768374327
2024-07-13,0.6875766717,0.7090246834,0.6867400837,0.7007094272,8141.15,0.0189199434652961,0.0191000597322912,0.9401233685716748,1.1804307460422927
2024-07-14,0.7007094272,0.7261465882,0.6917016977,0.7259737099,3603.69,0.0354205126495821,0.0360552915649428,0.9407285160611188,1.1794419735961
2024-07-15,0.7259737099,0.7539040934,0.709083134,0.7520693324,7488.97,0.0353147151301885,0.0359456852832791,0.79210349259758,1.1742732530049615
2024-07-16,0.7520693324,0.7845770702,0.7519257602,0.7793112709,12310.27,0.0355820265558542,0.0362226424165783,0.7879320630910986,1.163146177021583
2024-07-17,0.7793112709,0.7927247126,0.7588267814,0.7747950103,20589.84,-0.005812052068614,-0.0057951947683039,0.7727072743726738,1.1584427509635318
2024-07-18,0.7747950103,0.7749092265,0.7459672543,0.7623984688,6548.97,-0.0161291475841599,-0.0159997694037808,0.7693712860049403,1.1585228032392456
2024-07-19,0.7623984688,0.7794050836,0.7381092974,0.7721586175,8054.58,0.0127206480595974,0.0128018996619476,0.723528433398096,1.1570242818760204
2024-07-20,0.7721586175,0.7792033278,0.7715230874,0.7776916012,1960.55,0.0071400541024562,0.0071656050642987,0.722172650755695,1.1570628889951666
2024-07-21,0.7776916012,0.7812849153,0.7713386226,0.7812804796,3634.14,0.0046041680721036,0.0046147835394676,0.7193335651143169,1.1561424545163497
2024-07-22,0.7812804796,0.8110653605,0.7786321234,0.7826091518,13859.38,0.0016991896269483,0.0017006340676528,0.7155734447839268,1.1537490723544164
2024-07-23,0.7826091518,0.819638612,0.7633209029,0.7677026955,21267.02,-0.0192308608396859,-0.0190471275038314,0.7201287544872895,1.1331097741652671
2024-07-24,0.7677026955,0.7707097551,0.7270626968,0.7331930361,19273.97,-0.0459935249985811,-0.0449518538912047,0.7344034965890666,1.1322764175929112
2024-07-25,0.7331930361,0.7331930361,0.6475986411,0.660352883,29776.49,-0.1046346546194017,-0.0993464879146306,0.5182059696340514,1.1434395778704554
2024-07-26,0.660352883,0.6841635514,0.5902401003,0.5902401003,24512.35,-0.1122449595676422,-0.1061747203729555,0.5958499463104858,1.159053098825631
2024-07-27,0.5902401003,0.6012834845,0.5902364648,0.5936666697,1911.23,0.0057885959518144,0.0058053822474251,0.5807769240236551,1.1321581560088467
2024-07-28,0.5936666697,0.5937046187,0.5899476153,0.5919537077,284.29,-0.00288956435724,-0.0028853935843587,0.5783657470426913,1.1298313511137932
2024-07-29,0.5919537077,0.6074729632,0.5919537077,0.5925420943,7291.14,0.0009934803439598,0.0009939740090254,0.5788281386117992,1.12917351768563
2024-07-30,0.5925420943,0.6011357563,0.5832521784,0.5859919281,4094.91,-0.0111159008089973,-0.011054347468323,0.5770064185057727,1.1281336610319301
2024-07-31,0.5859919281,0.5983504687,0.5859919281,0.5950955524,1385.32,0.0154159700122157,0.0155354090448263,0.5806186470485706,1.1282541362844314
2024-08-01,0.5950955524,0.5950955524,0.5385270772,0.5678739945,18287.93,-0.046822431479123,-0.0457431714792967,0.5906776659737456,1.1251105547463123
2024-08-02,0.5678739945,0.6206736014,0.5678310896,0.6196414263,7976.35,0.0872414126140685,0.0911600677287221,0.6449823891725346,1.1330726503910262
2024-08-03,0.6196414263,0.6196414263,0.5991612346,0.5991839831,3091.66,-0.0335722646841459,-0.0330149701613001,0.6335014795489644,1.1310366185723284
2024-08-04,0.5991839831,0.603483237,0.5718906447,0.5758138748,3315.28,-0.0397842269227148,-0.0390032259859316,0.6355144701034389,1.1280028624902987
2024-08-05,0.5758138748,0.6066183026,0.5435015899,0.6062189532,30945.48,0.0514567552747948,0.0528036571028454,0.6375533506072791,1.1316234538795793
2024-08-06,0.6062189532,0.6463896544,0.606175988,0.6338979937,7254.59,0.0446468185509991,0.0456584875050389,0.6522894823641929,1.1184102210381324
2024-08-07,0.6338979937,0.6861843899,0.6118628357,0.6793044765,21124.96,0.0691813977726121,0.0716305829191332,0.6838003069336259,1.108855870641345
2024-08-08,0.6793044765,0.7333812419,0.6218796786,0.7333504654,16632.18,0.0765542662670332,0.079560772480792,0.7192105442954879,1.1159154220188148
2024-08-09,0.7333504654,0.7400668565,0.7125002368,0.7154966959,6868.85,-0.0246467312182479,-0.0243454805612782,0.7227666018687467,1.1163166682081627
2024-08-10,0.7154966959,0.7373288568,0.71197333,0.7121328165,3823.47,-0.0047125470526173,-0.0047014604250109,0.7196758586656014,1.1158851050451464
2024-08-11,0.7121328165,0.7279848147,0.7121328165,0.7193403357,2267.39,0.0100701575816581,0.0101210322470792,0.7193976419929657,1.1125417031324023
2024-08-12,0.7193403357,0.7287929441,0.6422205386,0.6544968805,13805.85,-0.0944677725204665,-0.0901429434467899,0.7689035803279894,1.1181808335083185
2024-08-13,0.6544968805,0.6741196824,0.6160593284,0.6444807909,54821.59,-0.0154218018245265,-0.0153034947887731,0.7613271263924868,1.1172911412797921
2024-08-14,0.6444807909,0.6473993476,0.5872287613,0.5969082024,11621.69,-0.0766816805348444,-0.0738153707165828,0.7800764558667225,1.1082323813719877
2024-08-15,0.5969082024,0.5969082024,0.5495449791,0.5572514475,5305.6,-0.0687467669054654,-0.0664369407901438,0.7883322694236017,1.1119706810505603
2024-08-16,0.5572514475,0.564636266,0.5572003847,0.5628435618,684.09,0.0099851543238429,0.0100351723177891,0.7905932501978442,1.1120336914618008
2024-08-17,0.5628435618,0.5634568183,0.5551311142,0.5624173943,1900.32,-0.0007574554472282,-0.0007571686502675,0.7909232736848361,1.1096061017076528
2024-08-18,0.5624173943,0.5952180291,0.5619921036,0.5792167795,6270.95,0.0294325420664876,0.0298699602292864,0.796583677758482,1.108502940871962
2024-08-19,0.5792167795,0.5792332072,0.5724321564,0.5725337105,253.94,-0.0116051941188028,-0.011538113598451,0.7950150340358731,1.0675104060346807
2024-08-20,0.5725337105,0.5835268676,0.5313427571,0.5375196645,3967.35,-0.0631062722154152,-0.0611563046120409,0.8081641631709825,1.038131465855841
2024-08-21,0.5519268571,0.552801543,0.5337601895,0.5474499966,5029.37,0.0183057826599433,0.0184743605784865,0.8121169755826622,1.0343171902454933
2024-08-22,0.5474499966,0.5524813533,0.515184036,0.5453899998,5782.35,-0.0037699923989842,-0.0037628948996143,0.8121424463402908,1.0139683035931568
2024-08-23,0.5453899998,0.5746705167,0.5363681773,0.5530371252,8678.22,0.0139239987363152,0.0140213891028517,0.8085207117230311,1.013694671482767
2024-08-24,0.5530371252,0.5842675718,0.5530371252,0.5828867807,2293.09,0.0525678328441594,0.0539740537115029,0.775307989377359,1.0164572937515157
2024-08-25,0.5828867807,0.5865292774,0.5777843068,0.5865292774,1958.13,0.0062296193978947,0.0062490638329895,0.7045976633166493,0.9527392073017398
2024-08-26,0.5865292774,0.5907301599,0.5828371765,0.5828602756,555.85,-0.0062750925558346,-0.0062554452801814,0.7045726619941834,0.9475185997479108
2024-08-27,0.5828602756,0.5835505094,0.5455275276,0.5515603495,4441.19,-0.0551962325017687,-0.0537005649729339,0.7221322880949673,0.9173710125069596
2024-08-28,0.5515603495,0.5885164464,0.5483591114,0.5885163976,7743.62,0.0648535290630301,0.0670027280487099,0.7479628501727749,0.9189322956458079
2024-08-29,0.5885163976,0.5885163997,0.5476566976,0.5539745881,4276.9,-0.0604859738539987,-0.0586930281651679,0.767636168325952,0.9239940177512546
2024-08-30,0.5539745881,0.5644805533,0.5472843728,0.5560728875,1972.02,0.00378056244496,0.0037877177853891,0.7660981825328407,0.9208576725973678
2024-08-31,0.5560728875,0.5794401693,0.5528251067,0.5793340197,2838.37,0.0409798236245207,0.0418310849582646,0.7639800018436721,0.922991667495126
2024-09-01,0.5793340197,0.5975135251,0.579334011,0.5975135251,2002.58,0.0308977177909846,0.0313800066659541,0.7249525968427128,0.8929830395913707
2024-09-02,0.5975135251,0.6118404797,0.5925239681,0.6111357389,2409.48,0.0225421733904011,0.0227981681213327,0.7214207261022864,0.853248907776168
2024-09-03,0.6111357389,0.6234524146,0.5981709664,0.5981714162,3508.97,-0.0214417310520115,-0.0212134913322771,0.7144100639909119,0.8509218096242789
2024-09-04,0.5981714162,0.7563155336,0.5965043661,0.7028426115,27831.9,0.1612556234837049,0.1749852842600605,0.8410818285173167,0.8937705832346221
2024-09-05,0.7028426115,0.7028441015,0.63849936,0.6440523189,9390.23,-0.0873530221897232,-0.0836464546088495,0.8733076478229166,0.9026371465642329
2024-09-06,0.6440523189,0.6524365461,0.6370601884,0.6389237541,1884.3,-0.0079948367314891,-0.0079629630225682,0.8488920321931578,0.8956802810868462
2024-09-07,0.6389237541,0.6521312011,0.6389192351,0.649560063,1630.61,0.0165101809846311,0.0166472272031621,0.8178533720860721,0.8956034499488288
2024-09-08,0.649560063,0.6562863142,0.6495556707,0.6562811122,252.8,0.0102939142631127,0.0103470788658999,0.8164732365200631,0.8939410401790632
2024-09-09,0.6562811122,0.698252349,0.643950965,0.6587507259,15675.43,0.0037559799417228,0.0037630424738588,0.8166769194782102,0.8654695553796427
2024-09-10,0.6587507259,0.661184203,0.657110664,0.6578554624,702.48,-0.0013599566004425,-0.001359032278525,0.8158077405587211,0.8291586297601977
2024-09-11,0.6578554624,0.6616641411,0.6560984253,0.6616641411,926.31,0.0057728422785604,0.0057895372428848,0.76848033933598,0.822394153170481
2024-09-12,0.6616641411,0.6694470355,0.6063876771,0.6301867347,10346.09,-0.0487419077163458,-0.0475730879833833,0.7804028794040665,0.8248802824870033
2024-09-13,0.6301867347,0.6648705076,0.6301867347,0.6407719458,7035.41,0.0166574350810114,0.0167969436948542,0.7476851967692558,0.7682497027029356
2024-09-14,0.6407719458,0.6442415412,0.6405539319,0.6415083456,36.81,0.0011485786467995,0.0011492385158664,0.7167216874368478,0.7654618363108172
2024-09-15,0.6415083456,0.6441465017,0.6346346209,0.6346346209,343.36,-0.0107727603510204,-0.0107149419756512,0.71791396519114,0.7613883890122953
2024-09-16,0.6346346209,0.6402851692,0.6287231089,0.6349271599,2101.92,0.0004608503652233,0.0004609565730675,0.7178524670868891,0.7600562602261737
2024-09-17,0.6349271599,0.6560246578,0.6348559727,0.649102839,1061.72,0.0220808782838905,0.0223264651369341,0.7159064988510856,0.7483230737672333
2024-09-18,0.649102839,0.7189535246,0.6490145371,0.6937549887,8131.81,0.0665276941755836,0.0687905629388256,0.7368088150526212,0.7561825421365338
2024-09-19,0.6937549887,0.7002650397,0.6357962373,0.6684578813,8343.81,-0.0371454661834319,-0.0364640367450233,0.7191577780149132,0.7586275262953082
2024-09-20,0.6684578813,0.699077958,0.6657531352,0.6701923897,5576.44,0.0025914302013773,0.0025947908589645,0.7185036205934657,0.7564518392169283
2024-09-21,0.6701923897,0.704826068,0.6701234211,0.704826068,3689.5,0.0503862403454512,0.0516772181127023,0.7286898305589281,0.7607278378991426
2024-09-22,0.704826068,0.7059060458,0.6881020507,0.6926385189,7170.8,-0.0174428149659842,-0.0172915697266746,0.732340753232124,0.7609507648880383
2024-09-23,0.6926385189,0.7064874031,0.6880760921,0.6922103755,3698.41,-0.0006183250972322,-0.0006181339736635,0.7200203064593321,0.6764134027467342
2024-09-24,0.6922103755,0.7042242349,0.6855718166,0.6898587338,5398.05,-0.0034030772465612,-0.003397293342073,0.7205033031951869,0.6723011855782784
2024-09-25,0.6898587338,0.7055168404,0.6568832322,0.6602959814,5765.14,-0.0437986518468269,-0.0428533422156696,0.7338745268984359,0.6726655346344059
2024-09-26,0.6602959814,0.6603591415,0.6090730588,0.6494533504,11179.4,-0.0165571814938147,-0.016420864741613,0.7150211524898092,0.672824968735454
2024-09-27,0.6494533504,0.6770037924,0.649313236,0.6666437579,2023.24,0.0261247974668603,0.0264690412166053,0.695606632186337,0.6743835682311964
2024-09-28,0.6666437579,0.762371138,0.6666397109,0.6796616077,10922.17,0.0193392314395558,0.0195274457245464,0.6691165785536646,0.6741997643446808
2024-09-29,0.6796616077,0.6927040403,0.676397358,0.6927040403,996.15,0.0190077991221488,0.019189597370574,0.6699712170196209,0.6749424686163817
2024-09-30,0.6927040403,0.7280675152,0.6689697781,0.6902616187,36660.98,-0.0035321544297683,-0.0035259237104235,0.6629240811028585,0.6738981161129309
2024-10-01,0.6902616187,0.71408179,0.6860640211,0.7097415313,8333.17,0.0278301800685428,0.0282210571647998,0.6619754490157891,0.674206331583132
2024-10-02,0.7097415313,0.7339167477,0.6739573367,0.6856447048,17504.83,-0.0345412928086716,-0.0339515519908536,0.670008665741104,0.670380949478063
2024-10-03,0.6856447048,0.6896254371,0.6544813388,0.6879774963,5195.22,0.0033965580067644,0.0034023328462524,0.6657197494205853,0.6677067880263384
2024-10-04,0.6879776213,0.7154392676,0.6879771594,0.7104530603,2340.97,0.0321467510942406,0.0326690394974769,0.4814937558066555,0.6648917250368024
2024-10-05,0.7104530603,0.7205214915,0.6979520634,0.7014904173,2631.92,-0.0126956404765043,-0.0126153907989577,0.40601689982209854,0.6648294127942915
2024-10-06,0.7014904173,0.7124547836,0.7014494252,0.7124464829,353.28,0.0154975584526265,0.0156182683751679,0.4062743693561736,0.6651231735713737
2024-10-07,0.7124464829,0.7288228457,0.7124464829,0.7192776876,2134.62,0.0095426991873205,0.0095883759186987,0.40485437610834396,0.665298228799242
2024-10-08,0.7192776876,0.7362425873,0.6949836231,0.7173872435,10466.24,-0.0026317134220578,-0.0026282535001297,0.4046745270878521,0.6650550479499644
2024-10-09,0.7173881843,0.9134249035,0.7076414169,0.7507953041,33217.82,0.0455172667965473,0.0465690753532332,0.4230642298788715,0.6682014906744822
2024-10-10,0.7507953041,0.8577295989,0.7507953041,0.8295324463,22932.11,0.0997291741924769,0.1048716497959247,0.5047520170350273,0.6880590143084535
2024-10-11,0.8295324463,0.8575275808,0.8250182487,0.8561451496,7725.16,0.0315777046997858,0.0320815700684185,0.5094022955275224,0.6892608478301228
2024-10-12,0.8561451496,0.8946905593,0.7243908019,0.7858067613,27221.27,-0.0857290176169591,-0.0821570832152267,0.5548292066830532,0.7024267330184736
2024-10-13,0.7858067613,0.800049963,0.7858067613,0.7971160659,2207.02,0.014289385229629,0.0143919665202298,0.5545266196500127,0.7003864147152723
2024-10-14,0.7971160659,0.8368445419,0.7819638965,0.8281798205,9293.93,0.0382300086539725,0.0389701775298267,0.5613378901854337,0.7007743105943339
2024-10-15,0.8281798205,0.8503198556,0.8276059676,0.8427413481,4162.16,0.0174297824671391,0.0175825675047343,0.5588635028841898,0.7012440660352165
2024-10-16,0.8465483593,0.8799386046,0.8465483593,0.8675900796,7048.66,0.0290592567954902,0.0294855966851781,0.5610070298779546,0.7022067936740034
2024-10-17,0.8675900796,0.8675900796,0.7953563144,0.8239401368,5768.34,-0.0516214668300209,-0.0503117126697952,0.5877115993314721,0.7075128549841967
2024-10-18,0.8239401368,0.8392238017,0.8238422094,0.8382167181,1089.13,0.0171788027760621,0.0173272069927883,0.5618029940403737,0.7079699974735784
2024-10-19,0.8382167181,0.8594268488,0.8381674563,0.8576990011,636.44,0.0229765428375043,0.023242536899241,0.5482562902082051,0.7089139759132655
2024-10-20,0.8576990011,0.8876227061,0.8461981518,0.8664272779,6749.71,0.0101249560092349,0.0101763868079662,0.548008269560928,0.709076447921514
2024-10-21,0.8664272779,0.8832454964,0.8623511028,0.8716340631,2672.17,0.0059915040434019,0.0060094890048014,0.5334771536565395,0.7082813138340321
2024-10-22,0.8716340631,0.8749228866,0.8574782616,0.8717541335,4224.74,0.0001377437342114,0.0001377532213151,0.5288679145948723,0.7037309838760811
2024-10-23,0.8717541335,0.8738622676,0.8564487762,0.856974197,1214.3,-0.0170996175297967,-0.0169542488323629,0.5332504848885765,0.6810805781665515
2024-10-24,0.8682312608,0.8682312608,0.7954335921,0.8110114557,5602.73,-0.0551256302100326,-0.0536337517055953,0.5623919509840875,0.6601229818779313
2024-10-25,0.8109741635,0.819318665,0.7802467377,0.7882650401,5696.33,-0.0284478008053444,-0.0280469720127037,0.5523951522928997,0.6622737645362619
2024-10-26,0.7882650401,0.8055070973,0.7809293569,0.8049580027,1009.68,0.0209557268875802,0.0211768399596692,0.5498335528151261,0.6628597454910169
2024-10-27,0.8049580027,0.8292726926,0.7973401855,0.8197291106,3144.35,0.0181838272542947,0.0183501596983377,0.5479312715940019,0.6633059045119057
2024-10-28,0.8197291106,0.8443357853,0.8106947584,0.8367412028,5335.75,0.0205408937487388,0.020753309819079,0.5481795197121443,0.6634316333875653
2024-10-29,0.8367412028,0.8618752144,0.8294659617,0.8611150498,5446.5,0.0287132924603432,0.0291294929883187,0.5507532534097215,0.6644542412053224
2024-10-30,0.8611150498,0.8783055574,0.8555869755,0.8555869755,2003.34,-0.0064403645203896,-0.0064196698237755,0.5513123985675056,0.6591048314457527
2024-10-31,0.8555869755,0.8555869755,0.754998923,0.770489989,6818.67,-0.1047610926276289,-0.0994603575519248,0.6355969716534552,0.6691306268498263
2024-11-01,0.770489989,0.7724376848,0.7149175417,0.7409423697,7614.53,-0.0391038132266378,-0.0383491281156671,0.6380551200845027,0.6700365272627334
2024-11-02,0.7409423697,0.7413541837,0.7278851003,0.7380686521,1301.77,-0.0038860037876416,-0.0038784630458689,0.6383237240197476,0.6663256803621891
2024-11-03,0.7380686521,0.7431292757,0.732978646,0.7408593514,1845.39,0.0037739533035523,0.0037810836323419,0.6320782673642319,0.6612158480473891
2024-11-04,0.7408591624,0.7427387869,0.6917723536,0.7092113643,7070.9,-0.043657199919914,-0.0427179424005311,0.6443278730424511,0.6616857656612729
2024-11-05,0.7092113643,0.7211654134,0.6881866793,0.6992839486,3845.49,-0.0140967172619118,-0.0139978237796548,0.6439970055767452,0.6520806980658944
2024-11-06,0.6992839486,0.7352420191,0.6992551593,0.734872673,12114.17,0.049640369271055,0.050893094959852,0.6597886399138274,0.6446850346826442
2024-11-07,0.744266862,0.751012372,0.7042772482,0.7110434021,6887.2,-0.0329637785111292,-0.0324263940890886,0.6669434408577254,0.6457355459672293
2024-11-08,0.7111543352,0.7139943383,0.7094004053,0.7111963376,513.49,0.000215062898779,0.0002150860264622,0.6526737133632204,0.6456878633131053
2024-11-09,0.7111963376,0.7161961377,0.7026203169,0.7161955846,1739.9,0.0070047579274929,0.0070293486280741,0.578430502699246,0.6455726641249397
2024-11-10,0.7161955846,0.7265048788,0.6889560269,0.6892030695,6857.3,-0.038417334149321,-0.0376887482698954,0.5756438444628383,0.6289604110915581
2024-11-11,0.6892030695,0.7563282732,0.6720909816,0.7195051152,18094.54,0.0430276773253577,0.0439667886592314,0.5431079871175544,0.6323467358552575
2024-11-12,0.7194175422,0.7243877486,0.6753557107,0.694540591,14091.67,-0.0353130288328988,-0.0346967987754481,0.5484363826206917,0.621613675986754
2024-11-13,0.6965629254,0.6965923868,0.6204618311,0.6386145058,22878.11,-0.0839496118265012,-0.0805224142760001,0.5790069677997903,0.6269882045495557
2024-11-14,0.6386145058,0.6470566932,0.6256332341,0.6371115897,6766.16,-0.0023561747315435,-0.0023534011306511,0.5740772215632668,0.6268561711517744
2024-11-15,0.6371115897,0.6436009181,0.6283306034,0.628375316,1293.55,-0.0138071953956853,-0.0137123132607174,0.5624988268321962,0.6273621231573653
2024-11-16,0.628341439,0.6412922337,0.6283327328,0.641167434,547.56,0.0201530054031961,0.0203574482865269,0.5556067530963762,0.6263724374960551
2024-11-17,0.641167434,0.6451849206,0.6030057286,0.6030057286,8907.78,-0.0613639334523363,-0.0595190949763676,0.5706635345730191,0.6347151261977303
2024-11-18,0.6030057286,0.6248714841,0.6014132885,0.6065313629,3843.31,0.0058297414935368,0.0058467675061486,0.5639220144998685,0.6255470223598771
2024-11-19,0.6065313629,0.6076463754,0.5932016287,0.59879844,4281.52,-0.0128313910097745,-0.0127494196887472,0.560167180827842,0.6253259836666168
2024-11-20,0.59879844,0.6281918822,0.5970899864,0.6281918822,3322.25,0.04792061737166,0.049087372705914,0.5847177983046706,0.6301736376153296
2024-11-21,0.6281918822,0.628577921,0.5784493141,0.5808376505,6395.65,-0.078374378052751,-0.075381795024412,0.6152959487656637,0.6438284525142376
2024-11-22,0.5808376505,0.5809199127,0.5494086193,0.5668814726,4924.94,-0.024321047808866,-0.0240276743217079,0.6160150862680289,0.6390749723124258
2024-11-23,0.5668814726,0.5764588087,0.5627308885,0.5674096187,4307.33,0.0009312356276411,0.0009316693621641,0.6046368729689199,0.638982962578167
2024-11-24,0.5674096187,0.5710534991,0.5329829728,0.5527876553,11648.96,-0.026107533488094,-0.0257696784088725,0.6041183574545342,0.6403623466784083
2024-11-25,0.5527876553,0.5542516402,0.5451877001,0.5451877114,854.05,-0.0138437810313813,-0.0137483965626465,0.5960735763765466,0.6340853452574691
2024-11-26,0.5451877114,0.5496266757,0.5348922059,0.5454828846,1333.32,0.0005412692123343,0.0005414157249474,0.5902205708395681,0.6244828559922604
2024-11-27,0.5454828846,0.5463716399,0.5150405259,0.5223508677,4130.7,-0.043331906733324,-0.0424064944163419,0.5871603557030783,0.6204909296487034
2024-11-28,0.5223508677,0.562237281,0.499623151,0.5066998758,10080.67,-0.0304206550624969,-0.0299626034295952,0.5731323894553032,0.6224351467285727
2024-11-29,0.5066998758,0.5256680216,0.5061096976,0.5199504586,3526.7,0.025814667747357,0.0261507520187949,0.5861048513117759,0.6200495371108573
2024-11-30,0.5199504586,0.6305388914,0.5124605952,0.5304198025,15808.13,0.0199352380911454,0.0201352719799292,0.5320514867838383,0.6187125384763884
2024-12-01,0.5304198025,0.553251221,0.5269662802,0.5344632572,3707.61,0.0075942125212983,0.0076231216876561,0.5289245497062479,0.6175845202063176
2024-12-02,0.5350536539,0.5568250825,0.5259180122,0.5534605487,5997.84,0.034927487820823,0.0355446164803263,0.5451048764785241,0.6196277687027715
2024-12-03,0.5534605487,0.556457345,0.5435211187,0.5523244132,4275.81,-0.0020548948284381,-0.0020527849774815,0.5441235516006644,0.5555948488244112
2024-12-04,0.5523244132,0.5672866689,0.5423032321,0.5578163641,4975.91,0.0098942329035934,0.0099433426601247,0.5372513927310876,0.5371539276927331
2024-12-05,0.5578163641,0.5578163641,0.5228052478,0.535086784,6910.21,-0.0416008647971617,-0.0407474243547385,0.5458074319749889,0.5412153759446796
2024-12-06,0.5306658086,0.55260648,0.5283945793,0.5525844291,1960.15,0.0321772877428935,0.0327005742305908,0.5316900144186973,0.5433608494346461
2024-12-07,0.5525844291,0.5620165408,0.5421782698,0.5459020987,2056.87,-0.0121665813105601,-0.012092867710521,0.5271126960925546,0.5432455517929677
2024-12-08,0.5538178372,0.5538209849,0.5364746497,0.5475560614,1388.24,0.0030251984424292,0.0030297789730773,0.5275934855022822,0.5432248279932973
2024-12-09,0.5475550865,0.5511029475,0.5380880318,0.5399023807,2098.83,-0.0140765049649607,-0.0139778942094641,0.5256693153693356,0.5435954443647825
2024-12-10,0.5399023807,0.5546908271,0.5359801278,0.5546503419,1695.98,0.0269495538744501,0.027315977345532,0.5284664521451209,0.5456255660629946
2024-12-11,0.5546503419,0.5637220643,0.5460880434,0.5552426366,16477.0,0.0010673006635749,0.0010678704316147,0.507355074034902,0.5398689041153408
2024-12-12,0.5552426366,0.5595731991,0.5365037123,0.5366361948,5646.96,-0.0340848134502413,-0.0335104701503752,0.5068061394442563,0.5417352329865394
2024-12-13,0.5366361948,0.5504139454,0.5366361948,0.549361361,1767.62,0.0234360539150477,0.0237128362255596,0.46161683955810595,0.5433797828275571
2024-12-14,0.5501943326,0.5520165446,0.5353242459,0.535779417,1084.96,-0.0250339008185438,-0.0247231512155803,0.4651461118133554,0.544574983485038
2024-12-15,0.535779417,0.5435688292,0.5357627332,0.5435296396,222.13,0.0143616988378265,0.0144653235157781,0.4680742797329138,0.5452406331481039
2024-12-16,0.5435296396,0.5712165533,0.5435296396,0.550867024,6895.31,0.0134092045166641,0.0134995110945554,0.4653459799452214,0.5443608828280352
2024-12-17,0.550867024,0.550867024,0.5369745682,0.5369844087,753.52,-0.0255243842644239,-0.0252013910711054,0.4384821044615352,0.5333146793571089
2024-12-18,0.5369844087,0.5413909498,0.4538438847,0.524605537,14123.2,-0.0233224379237333,-0.0230525719172522,0.44101402834671394,0.5312952573422672
2024-12-19,0.524605537,0.5301134104,0.4957956206,0.5055200869,5813.11,-0.0370588477180371,-0.0363805731238402,0.45032211928748067,0.5343128447646261
2024-12-20,0.5055200869,0.5354849837,0.4915819151,0.5203898761,10530.93,0.028990518007943,0.0294148335255794,0.433794439819687,0.5294218243924134
2024-12-21,0.5203898761,0.5407156306,0.5203898761,0.5343480092,2442.54,0.0264690369406542,0.0268224532049079,0.38618639803494437,0.5312130394903718
2024-12-22,0.5343480092,0.5345376801,0.5296809859,0.5298765629,132.42,-0.0084032500839545,-0.0083680414692561,0.3811946914657641,0.5312787900853051
2024-12-23,0.5298765629,0.5298765629,0.5079495109,0.515153115,1436.89,-0.0281799120767414,-0.0277865618728612,0.38835351936353024,0.5329511218701531
2024-12-24,0.515153115,0.5203632823,0.4881022425,0.4959681146,4449.97,-0.0379525275773779,-0.0372413557083898,0.39586420375367826,0.5317800385223828
2024-12-25,0.4959681146,0.5140876114,0.4583139381,0.4583282021,5261.47,-0.0789261136261968,-0.0758917990733268,0.45150592437464143,0.5462659308871635
2024-12-26,0.4583282021,0.4589082263,0.3934101476,0.3974073101,4589.57,-0.142623801186871,-0.132919797910904,0.6002382726152653,0.5911629063133526
2024-12-27,0.3974073101,0.4003433931,0.392504391,0.3993157007,2222.49,0.0047906090922843,0.0048021024060169,0.5935719498315538,0.5899147233969569
2024-12-28,0.3993157007,0.4032016046,0.394879015,0.3961518939,958.17,-0.0079546256924395,-0.0079230713804988,0.5900723452631399,0.5884134595006508
2024-12-29,0.3961518939,0.3978946392,0.3859400117,0.3904078701,669.19,-0.0146056947613157,-0.014499549007457,0.5813879487203437,0.5885625597475216
2024-12-30,0.3904078701,0.3917541694,0.3832624593,0.3875659805,1056.57,-0.0073059068465784,-0.0072792835842987,0.5747047059413252,0.5857177363220322
2024-12-31,0.3875659805,0.3885716297,0.3814668039,0.3840997805,1237.06,-0.008983742670859,-0.0089435094265195,0.5721822827217012,0.5838389783971716
2025-01-01,0.3840997805,0.4497603642,0.3775386832,0.3988146039,11515.62,0.0375942931400965,0.0383098979667342,0.5740918685268597,0.5882577177577659
2025-01-02,0.3988146039,0.4011413299,0.2280073458,0.2332682722,17902.71,-0.536307482960573,-0.4150959620864576,1.6262894603561766,1.0620042269201155
2025-01-03,0.2332682722,0.2335638404,0.182574706,0.1908433778,10573.67,-0.2007360939305053,-0.1818716879062989,1.6959040747821335,1.1077908819239817
2025-01-04,0.1908433778,0.1972910905,0.1833006948,0.1851017705,2715.59,-0.0305472955012973,-0.0300854416128447,1.6958754302228949,1.10694380480068
2025-01-05,0.1851017705,0.1922952244,0.1805372461,0.1888264488,5260.7,0.0199225482492532,0.020122326706756,1.6920005386541035,1.107730766699967
2025-01-06,0.1888264488,0.1951205011,0.1885020023,0.1919986641,2882.28,0.0166600813081699,0.0167996343741014,1.6975518737257265,1.1088036232564844
2025-01-07,0.1919986641,0.1921647,0.17412188,0.1756239362,4037.05,-0.0891434313456099,-0.0852856345472874,1.700705916334344,1.111008781575082
2025-01-08,0.1756239362,0.1764655937,0.1719710899,0.1732940024,474.77,-0.0133553949166662,-0.0132666073339039,1.7007949898164283,1.0935925031465699
2025-01-09,0.1732940024,0.1732940209,0.1680607089,0.1680609545,895.24,-0.0306628499256365,-0.0301975130559971,1.6898737641039536,1.0906553523847597
2025-01-10,0.1680609545,0.1730621341,0.1673821663,0.1702287147,1689.34,0.012816175421787,0.0128986545771403,1.692683521190904,1.0858057888765156
2025-01-11,0.1702287147,0.1765896624,0.1692112591,0.1765837547,1024.51,0.0366523812724167,0.0373323620001462,1.7069721891011294,1.0882721982908965
2025-01-12,0.1765837547,0.1824979183,0.1748528155,0.1824973502,867.23,0.0329403587677161,0.0334888988516901,1.7101181132005645,1.0875513329424025
2025-01-13,0.1824973502,0.1839578122,0.1796856509,0.1835627006,1445.7,0.0058206483089569,0.0058376211974171,1.7142854941487717,1.0866897353495795
2025-01-14,0.1835627006,0.1914002549,0.1835619767,0.1893505939,1197.58,0.0310439890885174,0.031530878991655,1.7191940830299726,1.086932634462362
2025-01-15,0.1893505939,0.1998726335,0.1874551566,0.1979941548,2852.44,0.0446372181840968,0.0456484488480919,1.7292118746924712,1.0901589463643606
2025-01-16,0.1979941548,0.1979946135,0.1880173452,0.188318058,2134.7,-0.0501051778223536,-0.0488706184774702,1.7296190312239617,1.0902020219605595
2025-01-17,0.1951756465,0.1997702243,0.1946919924,0.197856335,1049.85,0.0494088553009981,0.0506498266884207,1.7466213611283161,1.0938095232069047
2025-01-18,0.197856335,0.197856335,0.1880999257,0.1890200381,971.62,-0.0456881553924372,-0.0446601666810414,1.7469959514860063,1.0939792334757716
2025-01-19,0.1890200381,0.1947564045,0.1870348342,0.19236568,1213.4,0.017545112809051,0.0176999324179059,1.743790709318828,1.094834763316431
2025-01-20,0.19236568,0.195984105,0.190076458,0.1901443939,833.61,-0.0116143925160666,-0.0115472058217452,1.7359476586245204,1.094496872584636
2025-01-21,0.1901443939,0.1915214489,0.189647619,0.191506327,136.21,0.0071370958135644,0.0071626255818841,1.7385555739998353,1.0952366896040633
2025-01-22,0.191506327,0.1944924919,0.1904661551,0.1944818252,442.16,0.0154178677511564,0.0155373362677464,1.7443893759673048,1.094580693313375
2025-01-23,0.1944818252,0.2038538271,0.1879636253,0.1954712808,4588.96,0.0050747523650315,0.0050876507302544,1.7476688741912378,1.094926920119487
2025-01-24,0.1954712808,0.1984611607,0.1954651376,0.1962965685,281.68,0.0042131528774373,0.0042220406835333,1.7444806536209323,1.0937065479613708
2025-01-25,0.1962965685,0.1962965685,0.1786926421,0.1814919953,1457.8,-0.0784150705310006,-0.0754194192650902,1.7176236181786428,1.0971770189589471
2025-01-26,0.1814919953,0.1840776339,0.1814919953,0.1837465408,216.89,0.0123457626354761,0.0124222861524736,1.7189443541552667,1.0964737635001742
2025-01-27,0.1837465408,0.1837465408,0.1762507087,0.1779678659,1120.67,-0.0319543069943701,-0.0314491629330309,1.7181775746129415,1.0940332768308256
2025-01-28,0.1779678659,0.1783387943,0.1572150863,0.1574446182,2581.38,-0.122529239390136,-0.1153199629394443,1.7399249785161568,1.1078631987363685
2025-01-29,0.1574245817,0.1594652027,0.1544846554,0.1587114857,1440.15,0.0080142326215066,0.0080464325455107,1.7422470829616443,1.0991265158757255
2025-01-30,0.1587114857,0.1624822278,0.1586661265,0.1607910284,244.51,0.0130175630814989,0.0131026604081498,1.745690442947275,1.0996932822852548
2025-01-31,0.1607910284,0.1632898669,0.1602675386,0.1621327549,274.66,0.0083099126816701,0.0083445358447622,1.738025482956509,1.1002935176501556
2025-02-01,0.1621327549,0.1625633527,0.1588376807,0.1588380113,236.1,-0.0205305882990667,-0.0203212706897636,0.8467059276855409,1.099755694209984
2025-02-02,0.1588380113,0.159473102,0.1497895777,0.1497898144,1442.1,-0.0586518119267827,-0.056964934438209,0.6499531195082936,1.1010659928290891
2025-02-03,0.1497898144,0.1574894318,0.1444579685,0.1558454834,2665.45,0.0396319512516733,0.0404277755751061,0.6606059241414883,1.1051682590197187
2025-02-04,0.1558454834,0.155869669,0.1486834159,0.1511942897,1261.29,-0.0302993288656372,-0.0298449053416712,0.6596914310081904,1.0996668592130927
2025-02-05,0.1511942921,0.1601036828,0.1509724512,0.1600783936,774.66,0.0570979587447507,0.0587595200693613,0.6825275108880482,1.106402437159773
2025-02-06,0.1600783936,0.163205793,0.1588834756,0.1596148465,1490.63,-0.0028999513703407,-0.0028957505730493,0.6354478214585664,1.1062809215937566
2025-02-07,0.1596148465,0.1647173058,0.1593837693,0.1622641273,1226.4,0.0164617191078865,0.0165979597643506,0.6371752293814881,1.1069652807735502
2025-02-08,0.1622641273,0.1645199059,0.1622641273,0.164496083,110.82,0.0136613353916107,0.0137550778298241,0.6329008832022031,1.1074753106018083
2025-02-09,0.164496083,0.2006292308,0.1632984727,0.1778888705,8478.2,0.0782722739158228,0.0814170602469603,0.6722691235875065,1.1143359233212813
2025-02-10,0.1778888705,0.1810950524,0.1774116722,0.1809470808,434.56,0.0170455849586969,0.0171916899095718,0.6657218009255566,1.1151474537288093
2025-02-11,0.1809470808,0.1822639383,0.1800414257,0.1800918557,153.65,-0.004737587075224,-0.0047263824109174,0.6588423774723359,1.1091298613344616
2025-02-12,0.1800918557,0.1838035264,0.1786819466,0.1827585865,610.51,0.0146990523071791,0.0148076146455078,0.6600771103406815,1.1100064706138038
2025-02-13,0.1829307416,0.1830820382,0.1784059055,0.1791812395,227.06,-0.0197682777080093,-0.019574166492035,0.6556264288996129,1.1100502518996826
2025-02-14,0.1791812395,0.1812150839,0.1791812252,0.1801659985,111.57,0.0054808350308905,0.005495882285154,0.6411682855181511,1.1090453095031387
2025-02-15,0.1801659985,0.1801852218,0.1788479243,0.1790264191,52.95,-0.0063452521136824,-0.0063251635130254,0.625674346114027,1.1062245806962823
2025-02-16,0.1790264191,0.179404311,0.1776541165,0.1776675951,103.35,-0.007619026499803,-0.0075900752907368,0.6067501034556312,1.1057882395188725
2025-02-17,0.1776675951,0.1811999111,0.1772940482,0.1799111232,242.7,0.0125486077629549,0.0126276719102165,0.5949990142306458,1.106656151956644
2025-02-18,0.1799111232,0.1799131085,0.177704696,0.1778258126,103.45,-0.0116584786802789,-0.0115907819533862,0.5928299674216776,1.1017944928399694
2025-02-19,0.1778280854,0.1891469237,0.1769775793,0.1875466964,1044.3,0.0532233715996382,0.0546652010631667,0.6136977998126868,1.1020366352932098
2025-02-20,0.1875466964,0.1881736367,0.1866859074,0.1876216482,314.61,0.0003995635670012,0.0003996434031561,0.6132837046117309,1.1020660042941326
2025-02-21,0.1876216482,0.1935168974,0.1873032469,0.1884677545,713.85,0.0044995031575699,0.0045096411214662,0.6116069424761474,1.102203340284661
2025-02-22,0.1884760096,0.1915780558,0.1884760096,0.1899030367,362.02,0.0075866801437733,0.0076155319184851,0.6118686995182252,1.1024455484031745
2025-02-23,0.1899030367,0.1916831903,0.1865737299,0.188907051,518.57,-0.0052585082996167,-0.0052447065476547,0.6117881854362878,1.1024956654813398
2025-02-24,0.188907051,0.1903478866,0.1802940282,0.1805725708,1956.33,-0.0451223491742939,-0.0441194765144049,0.582206266954568,1.1036983013314563
2025-02-25,0.1805725708,0.1811091328,0.1769051922,0.1804160343,980.25,-0.0008672656565888,-0.0008668896904246,0.5809963597388879,1.1026027206342546
2025-02-26,0.1804160343,0.18066743,0.175133379,0.1764092452,271.23,-0.0224589329776539,-0.0222086086502567,0.5771841592977287,1.1023027010383193
2025-02-27,0.1764092452,0.1847855691,0.1741809134,0.1847855691,1404.46,0.0463895142425911,0.047482340795141,0.46257549006766285,1.1048213708671584
2025-02-28,0.1847855691,0.1877147489,0.1767709488,0.1838163238,3524.91,-0.0052590480547391,-0.005245243471775,0.4635067477015168,1.1035956381686038
2025-03-01,0.1838163238,0.1851460232,0.1809244374,0.1831593426,774.53,-0.0035805202471681,-0.0035741178281577,0.4634755704235823,1.1031986580154511
2025-03-02,0.1831593426,0.1912361287,0.1830818992,0.1912361287,693.76,0.0431524418322034,0.0440970467864083,0.4768753811352891,1.1042724965866364
2025-03-03,0.1912361287,0.1912361287,0.1770524565,0.1781017501,1116.35,-0.0711539236537372,-0.0686814708564009,0.5213841311979164,1.1085894609982911
2025-03-04,0.1781017501,0.1795687929,0.1747134193,0.179533064,403.03,0.0080043747732955,0.0080364954257683,0.4866192230797458,1.108485507979234
2025-03-05,0.179533064,0.1838373495,0.179296611,0.1838357475,678.21,0.0236832907828955,0.0239659670711129,0.47919025732277143,1.1090314848783087
2025-03-06,0.1838357475,0.1845422733,0.1743899375,0.1798023921,1283.44,-0.0221842561295542,-0.0219399951035094,0.47447519305322133,1.1066459652776184
2025-03-07,0.1798023921,0.1843921484,0.1745849563,0.1777186476,1350.1,-0.0116567578603447,-0.0115890810776372,0.45112159081500186,1.1066466963775448
2025-03-08,0.1777186476,0.180326725,0.1776710716,0.179182426,55.29,0.0082027582197099,0.0082364930172922,0.4509037727734197,1.1068858438576343
2025-03-09,0.179182426,0.1794084068,0.1686262996,0.1693086887,234.72,-0.0566808173900128,-0.0551043845114588,0.48189952616126064,1.109360296389715
2025-03-10,0.1693086887,0.1721720407,0.1612024362,0.1616551731,401.8,-0.0462581036300356,-0.0452045057980535,0.49963471579034757,1.108680400771784
2025-03-11,0.1616551731,0.1634231286,0.160136092,0.1634231286,362.97,0.0108772127936045,0.010936584744531,0.44207413957117925,1.1091717508418593
2025-03-12,0.1634231286,0.1669112366,0.1617594824,0.1641796978,240.27,0.004618827946879,0.0046295111743441,0.4386739241800304,1.109037527807832
2025-03-13,0.1641796978,0.164364581,0.1594275289,0.1594426913,344.97,-0.0292769907896962,-0.0288525716850235,0.4451193310591951,1.1076192284064017
2025-03-14,0.1594426913,0.1624093849,0.1594426872,0.1623585636,153.78,0.0181226894588675,0.0182879019177719,0.4464815954472698,1.1087274096302266
2025-03-15,0.1623585636,0.1668596069,0.1623398571,0.166843484,0.0,0.0272489064682287,0.0276235530824811,0.4527533672410846,1.1098458098869457
2025-03-16,0.166843484,0.1668709663,0.1646769193,0.1652730305,95.1,-0.0094573147472974,-0.0094127349917961,0.4525701864872411,1.1089572353961272
2025-03-17,0.1652730305,0.168192586,0.1643360802,0.1681773763,100.45,0.0174203970901876,0.0175730171535759,0.45621402304016656,1.1099530658323973
2025-03-18,0.1681773763,0.1687454551,0.1678385198,0.1685333291,29.21,0.0021142953098376,0.0021165320082354,0.4560599751833042,1.1100928303424558
2025-03-19,0.1685333291,0.2089307529,0.1685333163,0.2009980799,3121.91,0.1761618262312628,0.1926310420221799,0.6881403857221169,1.1532953072681313
2025-03-20,0.2009980799,0.2009980799,0.1947845595,0.1950639231,137.27,-0.0299680396623629,-0.0295234501889387,0.6937136387243468,1.1518343696857227
2025-03-21,0.1950639231,0.19581231,0.1910306471,0.1929415859,415.26,-0.0109398362523619,-0.0108802138615452,0.6781664930669443,1.1500973103322356
2025-03-22,0.1929415859,0.1950604316,0.1929414377,0.1950603996,209.57,0.0109217727797964,0.0109816330684571,0.6787783233645475,1.1506904573914614
2025-03-23,0.1950603996,0.1988910676,0.1950509182,0.1980415268,104.52,0.0151674878749282,0.0152830979845897,0.6799190445274389,1.1511550625192468
2025-03-24,0.1980415268,0.2030441983,0.1980415268,0.2030348412,101.68,0.0249008558247461,0.0252134715414646,0.6830768348530749,1.1517342069960992
2025-03-25,0.2030348412,0.2031107439,0.1972200062,0.1983163681,145.3,-0.0235140216146202,-0.0232397211833809,0.6868543243486402,1.1460525824146226
2025-03-26,0.1983163681,0.1985753306,0.19680368,0.1970714117,78.01,-0.0062974152359599,-0.006277628074412,0.6729719157712747,1.1236341339401519
2025-03-27,0.1970714117,0.198258511,0.1949627234,0.1966108216,91.76,-0.0023399090494383,-0.002337173596245,0.6730573554149246,1.1234713609402347
2025-03-28,0.1966108216,0.1968734763,0.1908069308,0.1908279818,173.71,-0.0298538465442156,-0.0294126221178459,0.6758107689951165,1.1240733492553887
2025-03-29,0.1908279818,0.2030075187,0.1882233909,0.1887243135,705.02,-0.0110851119464584,-0.0110238984878264,0.6638878111973565,1.1240312327601834
2025-03-30,0.1887243135,0.1909988517,0.1887243135,0.1891607265,94.33,0.0023097669811051,0.0023124365478219,0.6636595350598044,1.1241650574644408
2025-03-31,0.1891607265,0.1988450588,0.1891246191,0.1960196717,445.53,0.0356179615782443,0.0362598797694933,0.6710147071322082,1.1265261081479048
2025-04-01,0.1960196717,0.2249930308,0.1960163806,0.2247873075,1226.85,0.1369396351160723,0.1467589224617602,0.7686333227004142,1.1498045808222386
2025-04-02,0.2247873075,0.2251056228,0.2186308052,0.2203008038,1068.52,-0.0201607526640464,-0.0199588835770898,0.7381098233880063,0.7204438924679081
2025-04-03,0.2203008038,0.2239586206,0.2128695221,0.2238599046,785.22,0.016026527839266,0.0161556414620762,0.7385624269865404,0.6363763713073434
2025-04-04,0.2238599046,0.2343333247,0.2234183712,0.2343333247,759.11,0.0457241359986253,0.0467856006582074,0.7455264290188007,0.6382034728005549
2025-04-05,0.2343351143,0.2538844321,0.2325746714,0.2535042184,0.0,0.0786358972234984,0.081810360197565,0.7669074030200865,0.6501605634759926
2025-04-06,0.2535042184,0.2714329151,0.2458019025,0.2695815438,0.0,0.0614904554557343,0.0634203466177902,0.7769915912770213,0.6570652431109659
2025-04-07,0.2695815438,0.3331155377,0.2628230187,0.3330956851,5239.13,0.2115588723684137,0.2356027063452108,0.9648787099393843,0.7257385635563861
2025-04-08,0.3330956851,0.3362701568,0.3280879007,0.3299675961,0.0,-0.0094353353452443,-0.0093909622367546,0.9413982273949786,0.7254551214232774
2025-04-09,0.3299675961,0.33104173,0.3206199759,0.3278441757,2352.16,-0.0064560345875203,-0.0064352391722624,0.9231218463897449,0.7230087452230315
2025-04-10,0.3278441757,0.3278441757,0.3185434196,0.3194746931,225.36,-0.0258603585595733,-0.0255288433358007,0.933592218231409,0.7250856594011912
2025-04-11,0.3194746931,0.3194746931,0.3063807528,0.3093548879,1793.39,-0.0321889404540481,-0.0316763907081439,0.945681688537167,0.7262623383834851
2025-04-12,0.3093548879,0.3114173733,0.3044331924,0.304649359,0.0,-0.015327649763252,-0.0152107792184652,0.9400697894676713,0.7257268445410439
2025-04-13,0.304649359,0.3054314922,0.3031198088,0.3031237696,141.16,-0.0050202700064943,-0.0050076895123223,0.9431976525616754,0.7259481564818748
2025-04-14,0.3031237696,0.303195175,0.3014049756,0.3014049756,0.0,-0.0056864082812034,-0.0056702712633459,0.9460701073358425,0.7249002014346445
2025-04-15,0.3014049756,0.3014079821,0.2542525142,0.2583058859,2833.44,-0.1543103074392872,-0.1429939556047595,1.0699234137747529,0.7693076971137838
2025-04-16,0.2583058859,0.2584174512,0.2550380462,0.2550684199,0.0,-0.012612664409298,-0.012533458108087,1.0728417159357846,0.7645291206530671
2025-04-17,0.2550684199,0.2602382877,0.2532296894,0.2532370773,0.0,-0.0072057081185639,-0.0071798092477225,1.0740695288397424,0.7607361451165378
2025-04-18,0.2532370773,0.2532661413,0.2484050881,0.2484050881,0.0,-0.0192652810397068,-0.0190808915168284,0.960323688375734,0.757250097011567
2025-04-19,0.2484050881,0.2484248328,0.2462429395,0.2469056187,0.0,-0.0060546802650719,-0.0060363876258298,0.9547967460936699,0.7569993855353773
2025-04-20,0.2469056187,0.2526380469,0.2466115444,0.2473986386,258.04,0.001994804034989,0.0019967949801864,0.9533189308794957,0.7566094243209383
2025-04-21,0.2473986386,0.2487263235,0.2473630941,0.2475549597,0.0,0.0006316596373256,0.0006318591762857,0.9535382849838885,0.7565851788475495
2025-04-22,0.2475549597,0.2617002208,0.2460562332,0.2606233451,0.0,0.0514436260455487,0.0527898346930191,0.9616877444546732,0.7606698569430282
2025-04-23,0.2606233451,0.2608382783,0.2491868616,0.2506337696,0.0,-0.0390834544253364,-0.0383295498573509,0.9704233801211646,0.7639521174567442
2025-04-24,0.2506337696,0.2514949339,0.2471762404,0.248314145,7.83,-0.0092981301016459,-0.0092550361577453,0.9674064153188575,0.7642139477894841
2025-04-25,0.248314145,167658.3754726098,0.2474827131,0.2652487579,2922.96,0.0659734364612949,0.0681983416611247,0.9810332752068737,0.7590421104065999
2025-04-26,0.2652487579,0.2663590566,0.2627698419,0.2663311271,0.0,0.0040722786031848,0.0040805815965707,0.98051378162738,0.7589174521149082
2025-04-27,0.2663311271,0.2682025008,0.2654198135,0.2682025008,118.8,0.0070019218547012,0.0070264926235878,0.9732496434228886,0.7564692956000862
2025-04-28,0.2682025008,0.2684347444,0.2678215539,0.2681015451,0.0,-0.000376486815508,-0.0003764159532401,0.9715984649911702,0.7253375301662447
2025-04-29,0.2681015451,0.2698809804,0.2656254538,0.2659132591,39.38,-0.0081956463807915,-0.0081621536316911,0.9729571158305351,0.7257117212952781
2025-04-30,0.2659132591,0.2659859392,0.2621669833,0.2622699012,231.16,-0.0137960312274429,-0.0137013021175822,0.9727884730653842,0.7263364871001916
2025-05-01,0.2622699012,0.2668610363,0.2572388599,0.2573380251,545.95,-0.0189836373208043,-0.0188045829027063,0.8976381393264962,0.7274657188669936
2025-05-02,0.2573380251,0.2577357099,0.2564936868,0.2577076266,99.0,0.0014352186538176,0.0014362490730097,0.894658130811539,0.7261990400575157
2025-05-03,0.2577076266,0.2594623435,0.2567825041,0.257493878,0.0,-0.0008297670342792,-0.0008294228728115,0.8942239010347228,0.7181648784944303
2025-05-04,0.257493878,0.257630239,0.2567786821,0.257044417,0.0,-0.0017470463080664,-0.0017455211109911,0.8858285027811525,0.7160158948531787
2025-05-05,0.257044417,0.2580050841,0.2565204636,0.2565204636,0.0,-0.0020404572102996,-0.0020383768926597,0.8564070277727495,0.7135658909505124
2025-05-06,0.2565204636,0.256725628,0.2478384369,0.2480782394,861.63,-0.0334642636827331,-0.0329105291699621,0.8416334773381513,0.711245658811854
2025-05-07,0.2480782394,0.2491603381,0.2467313532,0.2470055716,3.4,-0.0043332844041957,-0.0043239092739224,0.5437725813849271,0.7112940231534689
2025-05-08,0.2470055716,0.2488154264,0.2445969838,0.2462882088,252.24,-0.0029084628032753,-0.0029042373228799,0.5441569649754361,0.711137277364239
2025-05-09,0.2462882088,0.2472669803,0.2391450906,0.2421367446,0.0,-0.0169998037545239,-0.016856122427571,0.5444603664846132,0.7118858829364457
2025-05-10,0.2421367446,0.2440005465,0.2404602705,0.2405504559,286.91,-0.0065727635170493,-0.0065512101544955,0.5424752834591784,0.7009951847073341
2025-05-11,0.2405504559,0.2409012514,0.2227031416,0.226636649,0.0,-0.0595817935337953,-0.0578415320309521,0.5580357437546397,0.7084444071424328
2025-05-12,0.226636649,0.2291057372,0.2260401571,0.226207152,420.83,-0.0018968886306304,-0.0018950906744125,0.5583567372803113,0.7083781607421221
2025-05-13,0.226207152,0.2413272317,0.2252117996,0.2411505379,930.67,0.0639701958550684,0.0660606252626354,0.5980157289198862,0.7155358393535198
2025-05-14,0.2411505379,0.2440021563,0.2389515736,0.24240508,490.52,0.005188833996888,0.0052023193102734,0.5991514828860881,0.714497236242317
2025-05-15,0.24240508,0.2424125922,0.204350057,0.2053917251,8.64,-0.1656912011458936,-0.1526921585141697,0.6238233724816682,0.7684322402290963
2025-05-16,0.2053917251,0.2081539242,0.2053773978,0.2053873318,0.0,-2.139008757324485e-05,-2.138985880695277e-05,0.6240187232296107,0.7683233097617146
2025-05-17,0.2053873318,0.2074974959,0.2042363118,0.2054773953,0.0,0.0004384095080551,0.0004385056235489,0.6244135251246264,0.7681700354807612
2025-05-18,0.2054773953,0.2064257059,0.2037172851,0.2037172851,176.95,-0.0086028540430357,-0.008565955381273,0.623352356531381,0.7681330338058366
2025-05-19,0.2037172851,0.2053287171,0.2036384487,0.2051708312,0.0,0.0071097797416362,0.007135114230913,0.624620819186243,0.7678729041450856
2025-05-20,0.2051708312,0.2059783065,0.2032706026,0.2039788166,0.0,-0.0058268067880891,-0.0058098638730863,0.624143330563538,0.7629717784503908
2025-05-21,0.2039788166,0.2167851666,0.2039786776,0.2167851666,671.93,0.0608906992266848,0.0627827448627329,0.6538003753194261,0.7695380627046645
2025-05-22,0.2167851666,0.2254503186,0.2167851666,0.2219479629,1076.52,0.0235361055615812,0.023815265504425,0.6378874950901376,0.7703995901151882
2025-05-23,0.2219479629,0.2219539108,0.2202155835,0.2206300037,0.0,-0.0059558459541993,-0.0059381450623803,0.629841223881414,0.7704456880964408
2025-05-24,0.2206300037,0.2219120438,0.2198966109,0.2198968308,0.0,-0.0033286216390336,-0.0033230879196145,0.6296630830902287,0.770403339941197
2025-05-25,0.2198968308,0.2211258058,0.2188588165,0.2188604985,0.0,-0.0047239517519223,-0.0047128114408458,0.5936518385054499,0.7664085674928691
2025-05-26,0.2188604985,0.2229118244,0.2188604985,0.222147041,0.0,0.014904975764781,0.0150166088559831,0.5961386165340078,0.7666878938165765
2025-05-27,0.222147041,0.2222547941,0.2215565345,0.2217050477,33.61,-0.0019916249460234,-0.0019896429770586,0.594996768436914,0.7655796596325558
2025-05-28,0.2217050477,0.2234726106,0.2210329424,0.2217553511,0.0,0.0002268676091568,0.0002268933455591,0.595051941443773,0.7619815461974913
2025-05-29,0.2217553511,0.222856718,0.2136667791,0.2143995609,1392.78,-0.0337333709738918,-0.0331707449832086,0.600328846639881,0.7642387376886297
2025-05-30,0.2143995609,0.2147720587,0.2126249335,0.2126476083,102.41,-0.0082050066367919,-0.0081714374443945,0.6000118383657037,0.7643685489271921
2025-05-31,0.2126476083,0.2126523239,0.2111996975,0.2114370054,0.0,-0.0057092672040612,-0.0056930003101286,0.5989388335983237,0.7612245769126286
2025-06-01,0.2114370054,0.2118580068,0.2109800584,0.2109800584,0.0,-0.0021634882555388,-0.002161149601677,0.5986127033801703,0.7513688218934177
2025-06-02,0.2109800584,0.2115924517,0.1997226614,0.1997855779,775.57,-0.0545189381306375,-0.0530594245963105,0.6140864484621842,0.7571876675425693
2025-06-03,0.1997855779,0.1997855779,0.1987791471,0.1987791471,0.0,-0.0050502860689267,-0.005037554815412,0.6138473244272818,0.7562965617645221
2025-06-04,0.1987791471,0.2207650838,0.1916554473,0.1927090406,0.0,-0.0310129051251631,-0.0305369380468581,0.6169056016371341,0.757202266505333
2025-06-05,0.1927090406,0.1928440158,0.1751279906,0.1751279906,0.0,-0.0956644082759845,-0.0912310597637835,0.6625248584539787,0.7739687066052214
2025-06-06,0.1751279906,0.1757549533,0.17456562,0.1750906098,0.0,-0.000213471243956,-0.0002134484605912,0.663025335401194,0.7738392387875527
2025-06-07,0.1750906098,0.1780243106,0.1749598534,0.1778698564,0.0,0.0157485288434183,0.015873190476489,0.6673099844236856,0.7683573222662811
2025-06-08,0.1778698564,0.1799237192,0.1598345677,0.1598448498,1517.63,-0.1068484830243249,-0.1013381748027317,0.722993475977408,0.7853103801416312
2025-06-09,0.1598448498,0.1606454607,0.1598189736,0.1605948842,0.0,0.0046812906773757,0.0046922650366181,0.7247106215647464,0.7851330104796503
2025-06-10,0.1605948842,0.1619259729,0.160497055,0.1618522582,0.0,0.0077989859910901,0.0078294772978826,0.7136822797823819,0.7852062374810715
2025-06-11,0.1618522582,0.1627806281,0.156086423,0.1576748584,438.36,-0.0261488782004783,-0.0258099568486588,0.7143895991602153,0.7848951673452141
2025-06-12,0.1576748584,0.1591386684,0.156186692,0.1561886604,382.53,-0.0094704164001406,-0.0094257132372347,0.6772405586817476,0.7844368176193509
2025-06-13,0.1561886604,0.1561886604,0.1525860037,0.1529321267,0.0,-0.0210704314736576,-0.0208500008365524,0.6748862269122868,0.7837758443322201
2025-06-14,0.1529321267,0.1555244759,0.1525069281,0.1525072545,0.0,-0.0027820412178978,-0.002778174927453,0.5027523520004504,0.7836506916362915
2025-06-15,0.1525072545,0.1529854766,0.1522520508,0.1529854766,0.0,0.0031308272960139,0.0031357334545683,0.5033744809672425,0.7830697258061474
2025-06-16,0.1529854766,0.1529854766,0.1461774723,0.1488666679,1512.25,-0.0272919336810771,-0.0269228739324658,0.5048782847660274,0.784278119189733
2025-06-17,0.1488666679,0.1525465328,0.1485376707,0.1518125439,0.0,0.0195954369120821,0.0197886876999147,0.5124744102881175,0.7254771733466105
2025-06-18,0.1518125439,0.1628406764,0.1513818012,0.162479567,364.22,0.067905756390352,0.0702644381417283,0.5581643852958238,0.7336604207370329
2025-06-19,0.162479567,0.1658888059,0.1624767657,0.1649785595,0.0,0.0152632707078894,0.0153803493334028,0.5621372599411426,0.7340695664863657
2025-06-20,0.1649785595,0.1657867352,0.1640221901,0.1641367876,0.0,-0.0051153721208841,-0.0051023108854336,0.5240526186476367,0.7337767940083669
2025-06-21,0.1641367876,0.165467941,0.1624399056,0.1627226096,60.19,-0.0086531813757547,-0.0086158503567544,0.5147622538211895,0.7332887890214362
2025-06-22,0.1627226096,0.1647433409,0.1627226096,0.1640907164,90.72,0.0083724541378412,0.0084076011524336,0.5174920778699079,0.7320808655101021
2025-06-23,0.1640907164,0.1648959481,0.1567507798,0.1577223013,0.0,-0.0395835237238885,-0.0388103315027028,0.5241356831112515,0.7338868394100214
2025-06-24,0.1577223013,0.1603971992,0.1577223013,0.1600693291,0.0,0.0147711283081086,0.014880760556085,0.5292100979801557,0.734428375360232
2025-06-25,0.1600693291,0.1600693291,0.1589954326,0.1596817093,72.81,-0.0024245112185837,-0.0024215744651359,0.524362870071056,0.7344283985453345
2025-06-26,0.1596817093,0.1605117903,0.1595734553,0.1603101526,0.0,0.0039278755668829,0.0039355997800556,0.5255264513653157,0.7330153644001542
2025-06-27,0.1603101526,0.1607426638,0.160240359,0.160240359,0.0,-0.0004354608623428,-0.0004353660630225,0.5254090945762911,0.7328556034410899
2025-06-28,0.160240359,0.160804755,0.1523044162,0.1523044162,0.0,-0.0507936755467437,-0.0495252435124662,0.5341257692335164,0.7373818468663866
2025-06-29,0.1523044162,0.1554463155,0.1523044162,0.155443835,0.0,0.0204032204662382,0.0206127890334937,0.5419898678044265,0.7355976122218744
2025-06-30,0.155443835,0.1577550003,0.155443835,0.1569887089,0.0,0.0098894082637383,0.0099384700589766,0.545051135795024,0.6970810415255932
2025-07-01,0.1569887089,0.1572886776,0.1547610175,0.1572448429,2.53,0.0016302145665726,0.0016315440887098,0.545631169886041,0.6966031186967413
2025-07-02,0.1572448429,0.1639838037,0.1567880821,0.1639826115,0.0,0.0419562952695933,0.0428489003247305,0.5485570412886356,0.7000299545326844
2025-07-03,0.1639826115,0.1647043623,0.1637139961,0.1637205588,0.0,-0.0015993300010973,-0.001598051754408,0.5487319723018147,0.695077098286401
2025-07-04,0.1637205588,0.1637330091,0.1624038832,0.1625288704,50.69,-0.0073054147733576,-0.0072787950928983,0.543796723930508,0.6808841539292022
2025-07-05,0.1625288704,0.1629185428,0.1624940527,0.1629185428,0.0,0.0023946884836739,0.0023975580402484,0.472366604541911,0.6716775378805452
2025-07-06,0.1629185428,0.1642300093,0.1622619105,0.1641213501,0.0,0.0073557553648937,0.0073828753886939,0.4731810170476403,0.5628436951307019
2025-07-07,0.1641213501,0.1655058148,0.1641213501,0.1648015029,0.0,0.0041356431346432,0.0041442067079364,0.47055224043179056,0.5631944604873729
2025-07-08,0.1648015029,0.1648959347,0.1617246768,0.1623671134,147.34,-0.0148818334462688,-0.0147716462360003,0.3546171738113752,0.5633176406466005
2025-07-09,0.1623671134,0.1661219887,0.1622959746,0.1660752741,0.0,0.022581240482718,0.0228381266523149,0.3601926102153707,0.5647521095563592
2025-07-10,0.1660752741,0.1705349119,0.1636379432,0.1705338127,321.55,0.0264924480086989,0.0268464924966214,0.3672116537839221,0.5659556182902009
2025-07-11,0.1705338127,0.1723105746,0.1700976089,0.1722949527,0.0,0.0102742574132192,0.0103272188202239,0.3582363144069292,0.5664611201136243
2025-07-12,0.1722949527,0.1730061295,0.169339521,0.1693458617,0.0,-0.0172647068401562,-0.0171165257820116,0.3612849392598773,0.5667512531216147
2025-07-13,0.1693458617,0.174366089,0.1552314013,0.1602520462,0.0,-0.055195278072824,-0.0536996617969318,0.39294235028027286,0.5725825423794745
2025-07-14,0.1602520462,0.1617579405,0.1600653715,0.1603009828,0.0,0.0003053260830686,0.0003053726998214,0.39274783644112676,0.5155800252302253
2025-07-15,0.1603009828,0.1604373762,0.1581657625,0.158301763,12.98,-0.0125500866946389,-0.0124716627751079,0.39486185645275806,0.5155775231060178
2025-07-16,0.158301763,0.1590994875,0.1566011761,0.1574675508,0.0,-0.0052836935338287,-0.0052697593772219,0.3861478549889903,0.5155674420053226
2025-07-17,0.1574675508,0.1584588888,0.156453209,0.1567557581,0.0,-0.0045304972439981,-0.0045202500222032,0.38284238986205466,0.5150249128170874
2025-07-18,0.1567557581,0.1591104895,0.1567557581,0.1591104895,0.0,0.0149099502743833,0.015021658078409,0.32954608069862057,0.5161102343110411
2025-07-19,0.1591104895,0.1593207546,0.1585046376,0.1586483585,0.0,-0.0029086921023906,-0.0029044659560298,0.32608817940078816,0.5159904394829338
2025-07-20,0.1586483585,0.1647413005,0.1586483585,0.163771164,0.0,0.0317799406647624,0.0322903151878497,0.3395943525687974,0.5195622739221843
2025-07-21,0.163771164,0.1664251513,0.1637336528,0.1655638917,0.0,0.0108870609206049,0.0109465406254303,0.340026880987678,0.5115478162461892
2025-07-22,0.1655638917,0.1746344377,0.1607607714,0.1708065657,0.0,0.031174548596175,0.0316655639473593,0.3508204019499549,0.5118186208946689
2025-07-23,0.1708065657,0.1708261217,0.1661095798,0.1661576702,0.0,-0.0275945634377255,-0.0272173114713002,0.3402295096344501,0.5132422078694194
2025-07-24,0.1661576702,0.1669325027,0.1634311542,0.1634327842,99.09,-0.0165353580446737,-0.0163993994181558,0.3419021676817492,0.4995677081821376
2025-07-25,0.1634327842,0.1654814057,0.1634165628,0.1654805721,0.0,0.0124519988028584,0.0125298477292905,0.3434385644509321,0.5002130453737837
2025-07-26,0.1654805721,0.1693227112,0.1632947492,0.1693223973,0.0,0.0229507751481848,0.0232161706431519,0.34913497818733136,0.5020311463663967
2025-07-27,0.1693223973,0.1704985779,0.1693161396,0.1699517608,0.0,0.0037100628319823,0.0037169536342254,0.34910867389241285,0.5021868012670936
2025-07-28,0.1699517608,0.1703353303,0.1588677803,0.1593618687,679.79,-0.0643371167351189,-0.0623111643571744,0.3685578348345119,0.5118711852396245
2025-07-29,0.1593618687,0.161134367,0.1575097402,0.1579163809,0.0,-0.0091118619249888,-0.0090704747113699,0.3653232533980564,0.5117211090256758
2025-07-30,0.1579163809,0.1582042204,0.1576165693,0.1576165693,1.01,-0.001900351072917,-0.0018985465490741,0.3642940182759971,0.5112577113604764
2025-07-31,0.1576165693,0.1606677261,0.1576165693,0.1606186822,0.0,0.0188678152191828,0.0190469372181671,0.36831315816105403,0.5127521408889333
2025-08-01,0.1606186822,0.1607568403,0.1599401344,0.1600292479,72.17,-0.003676524365876,-0.0036697742250558,0.34703516928812966,0.5127047283202261
2025-08-02,0.1600292479,0.1600488604,0.1582907831,0.1584782994,53.91,-0.0097389262619057,-0.0096916564962498,0.34799583874635237,0.5127229872589999
2025-08-03,0.1584782994,0.1584926685,0.1583294781,0.1583867063,0.0,-0.0005781206564523,-0.0005779535769045,0.34749671677872246,0.5127557430259685
2025-08-04,0.1583867063,0.1590323957,0.1583695612,0.1586123773,0.0,0.0014237961546161,0.0014248102335845,0.3474290710883437,0.5106598934683283
2025-08-05,0.1586123773,0.1743224617,0.1586123773,0.1731209707,0.0,0.0875272555964275,0.0914720127582375,0.4314982772941795,0.5336028855705113
2025-08-06,0.1731209707,0.1731223409,0.1714586572,0.1718024969,0.0,-0.0076450595310154,-0.0076159103929978,0.432289435085136,0.5336355920431478
2025-08-07,0.1718024969,0.1722884299,0.1718024969,0.1720979169,8.5,0.0017180559302155,0.0017195326338705,0.4295292974011522,0.533263708550597
2025-08-08,0.1720979169,0.1820117396,0.1697607381,0.1785401882,0.0,0.0367501207212402,0.0374337552484342,0.4373380351996899,0.5375347827972631
2025-08-09,0.1785401882,0.1785875798,0.1730518502,0.1784842029,0.0,-0.0003136217124347,-0.0003135725382863,0.43137259875162753,0.5290496158396859
2025-08-10,0.1784842029,0.193402144,0.1784842029,0.1933669632,781.05,0.0800896491876868,0.0833841878339138,0.48749233913454426,0.5468692410621989
2025-08-11,0.1933669632,0.1958583625,0.1928627939,0.1929064572,495.64,-0.002384353640969,-0.0023815133277119,0.48378640729242844,0.5354453907598465
2025-08-12,0.1929064572,0.1930175211,0.1922633016,0.1930167183,0.0,0.0005714147788989,0.000571578067424,0.4499664890005938,0.5353138650471815
2025-08-13,0.1930167183,0.1947506192,0.1930069609,0.1946544148,0.0,0.0084489460388611,0.0084847391170259,0.44965820833516273,0.45888092574730244
2025-08-14,0.1946544148,0.1948578032,0.1895262182,0.1916004125,314.76,-0.0158137360510277,-0.0156893554309459,0.45095557672495107,0.45958522408720687
2025-08-15,0.1916004125,0.1920339561,0.1896146397,0.1896262865,0.0,-0.0103567963685367,-0.0103033494252002,0.45233176724264434,0.45985963213780373
2025-08-16,0.1896262865,0.1897527943,0.1892455307,0.1895755657,45.73,-0.0002675134628599,-0.000267477684324,0.45162162098104935,0.45967537368495187
2025-08-17,0.1895755657,0.1911417245,0.1895755657,0.19069344,0.0,0.0058794038083995,0.0058967214254235,0.4508897620665794,0.4596200393135212
2025-08-18,0.19069344,0.1919183514,0.1902827735,0.1908431539,0.0,0.000784794486703,0.0007851025184715,0.45037987537526025,0.45954897268892064
2025-08-19,0.1908431539,0.1912686328,0.1890380977,0.1899414453,8.33,-0.0047360648900233,-0.0047248674189931,0.4447279348378687,0.44759386061040046
2025-08-20,0.1899414453,0.1926588454,0.1879125118,0.1879190379,0.0,-0.0107046214251303,-0.0106475308577638,0.4466183698899763,0.44584139341129775
2025-08-21,0.1879190379,0.1879230747,0.1858484753,0.185904348,0.0,-0.0107789372330953,-0.0107210526539206,0.4411359289033853,0.44604018325397415
2025-08-22,0.185904348,0.2198993621,0.185904348,0.219892726,0.0,0.1679075349688251,0.1828272354339986,0.642111518796471,0.5288386903584806
2025-08-23,0.219892726,0.2199464423,0.2182180196,0.2186486223,0.0,-0.0056738414399733,-0.0056577756009992,0.6390725905166603,0.5288651024272758
2025-08-24,0.2186486223,0.2207219397,0.2177874579,0.2198813752,67.55,0.0056222203919326,0.0056380547338119,0.6391237764676051,0.5283516708254561
2025-08-25,0.2198813752,0.2246890895,0.2156254941,0.2156254941,886.19,-0.0195451180321802,-0.0193553505663175,0.6431919316332554,0.5293438310963252
2025-08-26,0.2156254941,0.2156254941,0.2132467597,0.2133962028,65.18,-0.0103925343663515,-0.0103387185699208,0.6453155187576834,0.5296115844299485
2025-08-27,0.2133962028,0.2146955934,0.2130535467,0.2146955934,0.0,0.006070635326473,0.0060890989762261,0.6083279380260366,0.526704027982153
2025-08-28,0.2146955934,0.2155701027,0.2121486515,0.2127999483,0.0,-0.008868665705049,-0.0088294550902504,0.6082621760017132,0.5267345255543627
2025-08-29,0.2127999483,0.2128807175,0.2021602086,0.202194456,0.0,-0.0511226267034783,-0.0498378518638015,0.6328238006558788,0.5335674437776775
2025-08-30,0.202194456,0.202968697,0.2016704842,0.2022704534,0.0,0.0003757923079512,0.0003758629267263,0.6324103146274658,0.5335619011812149
2025-08-31,0.2022704534,0.2027398045,0.1982274206,0.198233037,0.0,-0.0201623869488477,-0.0199604852420822,0.636774079102807,0.5267611993334848
2025-09-01,0.198233037,0.1982996299,0.196773821,0.1969196072,0.0,-0.0066477330026142,-0.0066256857074735,0.6361249196639921,0.5268105998378353
2025-09-02,0.1969196072,0.1971589307,0.1963538148,0.1968405804,0.0,-0.0004013955882271,-0.0004013150397956,0.6361062535193435,0.5242091063675864
2025-09-03,0.1968405804,0.2081491287,0.1968405804,0.2081358018,0.0,0.0557965953473465,0.0573825853238543,0.6511251617897713,0.5067284877060227
2025-09-04,0.2081358018,0.2081522464,0.2077344122,0.2080576774,0.0,-0.0003754234740426,-0.0003753530114682,0.6074476110931962,0.5067304895705897
2025-09-05,0.2080576774,0.2094131643,0.2069603664,0.2074160246,0.0,-0.0030887794199968,-0.0030840140485005,0.6066930048209181,0.5062547421071097
2025-09-06,0.2074160246,0.2087752479,0.2073600612,0.2077378197,0.0,0.0015502453794642,0.0015514476310138,0.6067041629972004,0.47175968114437694
2025-09-07,0.2077378197,0.2080453982,0.207660901,0.2080453982,0.0,0.0014795140489795,0.0014806090698564,0.5998819199323175,0.47175610169390414
2025-09-08,0.2080453982,0.2086284474,0.2078494649,0.2085418893,0.0,0.0023836125103664,0.0023864555731374,0.5997213926911195,0.47168312598144685
2025-09-09,0.2085418893,0.2091998673,0.2068646772,0.2073083332,0.0,-0.005932711593668,-0.0059151478110254,0.5566379335002377,0.46937545636467837
2025-09-10,0.2073083332,0.2073512388,0.1776368315,0.179752835,0.0,-0.14262444899736,-0.1329203596143717,0.6975085703476651,0.5285747611356626
2025-09-11,0.179752835,0.1812331034,0.1592903113,0.1641300746,0.0,-0.0909235171207037,-0.0869124562068798,0.7430917971574261,0.549550947922195
2025-09-12,0.1641300746,0.1647583857,0.1621808916,0.1628206809,0.0,-0.0080097732057307,-0.0079777804475574,0.7419557941132127,0.5497166274968511
2025-09-13,0.1628206809,0.163716361,0.1628205217,0.163716361,0.0,0.0054859463485283,0.0055010217071265,0.7420639644865518,0.5497599106851713
2025-09-14,0.163716361,0.1639081455,0.1632872226,0.1633512774,0.0,-0.0022324663694305,-0.0022299762697511,0.7419509824267204,0.547735710571474
2025-09-15,0.1633512774,0.1688466224,0.1633512774,0.1676755969,0.0,0.0261281838074261,0.0264725171962445,0.7473297995921937,0.5484712015936617
2025-09-16,0.1676755969,0.1676971841,0.167453466,0.1676505635,0.0,-0.0001493077666034,-0.0001492966207535,0.7468349148691386,0.5366974760176851
2025-09-17,0.1676505635,0.1692185731,0.1671177652,0.1688891711,0.0,0.0073608734138576,0.0073880312367695,0.7474663591460312,0.5362383532316926
2025-09-18,0.1688891711,0.1713330372,0.1683720936,0.1713330372,0.0,0.0143665408913436,0.0144702356230581,0.7493672529100528,0.5366760927296779
2025-09-19,0.1713330372,0.1829365385,0.1713330369,0.182219082,691.73,0.0616004620258143,0.0635373362773725,0.7722266273667205,0.5460847645506863
2025-09-20,0.182219082,0.1957778563,0.1820999936,0.1957461816,347.12,0.0716091177605411,0.0742353624633012,0.7996172338096096,0.5585278560093572
2025-09-21,0.1957461816,0.1968004441,0.1957461816,0.1968004441,0.0,0.0053714130540498,0.0053858649572757,0.6259846069093666,0.5541083125301933
2025-09-22,0.1968004441,0.1968447596,0.1936427605,0.1968247185,0.0,0.0001233376437138,0.0001233452501137,0.6260511109305124,0.553728762468054
2025-09-23,0.1968247185,0.1977985994,0.1968247185,0.1976322662,0.0,0.0040944836041452,0.0041028774543883,0.6258731979150736,0.5536788261225187
2025-09-24,0.1976322662,0.2006199954,0.1975219601,0.2000379254,0.0,0.0120989131019526,0.0121724010266903,0.6255679974435195,0.5539127287737006
2025-09-25,0.2000379254,0.2155624848,0.2000264479,0.2150328985,0.0,0.0722840571298262,0.0749606509366449,0.6613728770942671,0.5660686539297357
2025-09-26,0.2150328985,0.217697881,0.2143603644,0.2176966861,71.27,0.0123117130994056,0.0123878142302025,0.6620967469466551,0.5588064264062051
2025-09-27,0.2176966861,0.2231310873,0.2176966861,0.2231058704,65.67,0.0245436681561543,0.0248473433238907,0.6650798064974781,0.5591940218862728
2025-09-28,0.2231058704,0.2234535538,0.2216991205,0.2232857565,0.0,0.0008059564691505,0.0008062813393368,0.6460823254206288,0.5591304082815679
2025-09-29,0.2232857565,0.2675459921,0.2230993717,0.2675432909,1116.86,0.1808290179567082,0.1982102893338833,0.8256879746525573,0.6326319913640485
2025-09-30,0.2675432909,0.3002801183,0.2670551796,0.2717243184,1126.87,0.0155066286453121,0.015627480270334,0.8210785535054278,0.6299065570873313
2025-10-01,0.2717243184,0.273524503,0.2583578963,0.2591851778,1103.1,-0.0472452385982183,-0.046146552777589,0.8367325248472285,0.6359875063243877
2025-10-02,0.2591851778,0.2592006503,0.2577597245,0.2582490022,0.0,-0.0036185341351316,-0.0036119951300701,0.8371037886657946,0.6358137098701458
2025-10-03,0.2582490022,0.2592064691,0.2582490022,0.2588918337,0.0,0.0024860996713843,0.0024891925797341,0.8254125350106769,0.6358126085867898
2025-10-04,0.2588918337,0.2601247365,0.2579876796,0.2584187627,0.0,-0.0018289636251989,-0.0018272920904418,0.8255403297544714,0.6359079773249384
2025-10-05,0.2584187627,0.2644639089,0.2584187627,0.2643108265,158.34,0.0225444033517068,0.0228004489242141,0.8261000225470859,0.6365792291462639
2025-10-06,0.2643108265,0.2678472364,0.2641313363,0.2677097744,0.0,0.0127776786815401,0.0128596620312864,0.8259697317529686,0.6357846573382205
2025-10-07,0.2677097744,0.2704776214,0.2628985635,0.2628991604,0.0,-0.018132924252751,-0.0179695119865597,0.8293578072863691,0.6363475325818515
2025-10-08,0.2628991604,0.2628991604,0.2618500713,0.2620132981,0.0,-0.0033752795410788,-0.0033695896885032,0.8298524608811338,0.6354670250622236
2025-10-09,0.2620132981,0.2620302331,0.2569655197,0.2573596452,187.71,-0.0179207542637141,-0.0177611324835272,0.8322761132859743,0.6365262504904584
2025-10-10,0.2573596452,0.2709132739,0.2524727833,0.2698416026,629.35,0.0473606254945606,0.0485000567602587,0.7079227861278098,0.639460454221429
2025-10-11,0.2698416026,0.270432911,0.2661271212,0.2661271212,0.0,-0.0138610359384233,-0.0137654140955655,0.6411938537719585,0.6321092724889805
2025-10-12,0.2661271212,0.2796434916,0.2661205641,0.2796094519,0.0,0.0494197209946174,0.0506612427895605,0.6440185661602739,0.6362654918333434
2025-10-13,0.2796094519,0.3785719351,0.2796094519,0.3698240362,8375.02,0.2796334998104648,0.3226449738625592,0.9931446774544712,0.7828663021582623
2025-10-14,0.3698240362,0.3698240362,0.3218235041,0.345683067,6236.43,-0.0675049507255989,-0.065276906952972,1.0273609608812393,0.7930343917096866
2025-10-15,0.345683067,0.345804273,0.3142484003,0.3142492096,0.0,-0.0953360316795407,-0.0909325923100536,1.084892655947868,0.8116733774086444
2025-10-16,0.3142492096,0.3179983445,0.2994181049,0.2994301157,921.32,-0.0483052785049269,-0.0471571397708935,1.101871324620883,0.8169650108996389
2025-10-17,0.2994301157,0.3001780352,0.2920854793,0.2923323453,0.0,-0.0239897298865564,-0.0237042636256109,1.1085574616167626,0.8184510412355597
2025-10-18,0.2923323453,0.2945691412,0.2909397704,0.2945588273,0.0,0.007587412403754,0.0076162697552852,1.1089399116880327,0.8173600240877826
2025-10-19,0.2945588273,0.2966280883,0.2945078623,0.2966280883,0.0,0.0070003898794568,0.0070249498851124,1.1015787245649433,0.8173271308120389
2025-10-20,0.2966280883,0.2966280883,0.2884954699,0.2891767216,0.0,-0.0254411315118972,-0.0251202330254843,1.0950834972539667,0.8179737016667735
2025-10-21,0.2891767216,0.2897396849,0.2833526777,0.28473553,391.31,-0.015477210121733,-0.0153580536338717,1.0980099277596325,0.8168213656278241
2025-10-22,0.28473553,0.2851380786,0.2645885722,0.2666304459,1339.39,-0.0656971826310059,-0.0635856160978575,1.1206965082854592,0.8247629945684832
2025-10-23,0.2666304459,0.2703051631,0.2545710163,0.2698406713,0.0,0.0119680766214546,0.012039980614982,1.120561073508006,0.8247517401818731
2025-10-24,0.2698406713,0.2698407502,0.2666377032,0.2683976476,0.0,-0.0053620379922643,-0.0053476879265382,1.1214708068555463,0.8244096606150509
2025-10-25,0.2683976476,0.2691796672,0.2460889986,0.2474753602,0.0,-0.0811586182231992,-0.0779525736797106,1.1352711454929414,0.8369562299264206
2025-10-26,0.2474753602,0.2524713258,0.2474753602,0.2520828818,0.0,0.0184469071633583,0.0186181024093727,1.1357684901404894,0.8291959923814374
2025-10-27,0.2520828818,0.2544559179,0.2511043877,0.2511043877,944.77,-0.0038891895430785,-0.0038816364404161,1.1344815483719641,0.8289886496354694
2025-10-28,0.2511043877,0.2546837293,0.2459400775,0.2505131305,0.0,-0.0023574036087905,-0.0023546271151038,1.1345945453720176,0.8290000138368304
2025-10-29,0.2505131305,0.2515874401,0.2481588836,0.2499333182,210.29,-0.0023171812326362,-0.0023144986406211,1.002845480773453,0.8287652001411715
2025-10-30,0.2499333182,0.2549964296,0.2377978343,0.2510324501,0.0,0.0043880589581347,0.004397700586364,1.001649907765808,0.8286383956048688
2025-10-31,0.2510324501,0.252710817,0.2505752913,0.2525755181,0.0,0.0061280715412366,0.0061468865853211,0.9929030420605512,0.828264422121112
2025-11-01,0.2525755181,0.2534047704,0.244166713,0.2447841283,437.59,-0.0313335724231414,-0.0308477633090126,0.9968133544811573,0.8304656080527232
2025-11-02,0.2447841283,0.2449561116,0.2427657452,0.2427874712,0.0,-0.0081902566244579,-0.0081568078529705,0.9968961112796837,0.8307332674875911
2025-11-03,0.2427874712,0.2442519295,0.2397803621,0.2410329754,0.0,-0.0072527050194581,-0.0072264676234249,0.9970052986918349,0.8190427840277299
2025-11-04,0.2410329754,0.2415641914,0.2008528371,0.2012929576,0.0,-0.1801724040828631,-0.1648737801707442,1.1187516283426668,0.874778196651289
2025-11-05,0.2012929576,0.2027560485,0.2009639449,0.2020765392,0.0,0.0038851851311238,0.0038927422466368,1.1175381995385718,0.8747854173962327
2025-11-06,0.2020765392,0.2221632517,0.1941618024,0.2184898937,0.0,0.078093227811898,0.0812234540683385,1.1454367367587772,0.8821687699429731
2025-11-07,0.2184898937,0.2197792739,0.2175384608,0.2182129018,0.0,-0.0012685604030929,-0.0012677561204744,1.145497638092521,0.8821780551138612
2025-11-08,0.2182129018,0.2200506497,0.2182129018,0.2188946216,0.0,0.0031192341300231,0.0031241040029101,1.1452336232470317,0.8722904432288568
2025-11-09,0.2188946216,0.219822637,0.2143461987,0.2143461987,0.0,-0.0209979752966635,-0.0207790528006286,1.1349608048477013,0.8730734690042251
2025-11-10,0.2143461987,0.2154627179,0.1788508495,0.1793901968,0.0,-0.1780291550454441,-0.1630819772499188,1.2378110200505605,0.9231351625270905
2025-11-11,0.1793901968,0.1856608086,0.1793901634,0.1797805978,693.23,0.0021739025534237,0.0021762671927676,1.2245622838971126,0.9230165981295079
2025-11-12,0.1797805978,0.1887399765,0.179755834,0.1886340413,0.0,0.048071642294983,0.0492458230106074,0.8748535756460133,0.9262752622404515
2025-11-13,0.1886340341,0.1898697629,0.1847444089,0.1858236542,114.18,-0.0150107203226513,-0.0148986210581706,0.8645249493132169,0.9264528530470247
2025-11-14,0.1858236542,0.1858446098,0.1791971288,0.1817948458,0.0,-0.0219192978808811,-0.0216808157031711,0.8351271067189754,0.9271638103820182
2025-11-15,0.1817948458,0.1818797742,0.1807575873,0.1816474371,0.0,-0.0008111808395372,-0.0008108519213034,0.8316079068120196,0.9271017566010318
2025-11-16,0.1816474371,0.1816474371,0.1767360028,0.1767360028,154.89,-0.0274105400052362,-0.0270382801894207,0.831928928781011,0.9281875220526833
2025-11-17,0.1767360028,0.1772314641,0.1704512312,0.170469609,0.0,-0.0361000750601213,-0.035456238121959,0.8304462576455499,0.9300408963878646
2025-11-18,0.170469609,0.1714906463,0.1657060899,0.1657060899,132.24,-0.0283413581794603,-0.0279435092738437,0.8274270857719837,0.9310188632060311
2025-11-19,0.1657060899,0.1704887599,0.1656098466,0.1704887312,306.48,0.0284535255486985,0.0288621939174729,0.8386800915684647,0.9322132901528201
2025-11-20,0.1704887312,0.1753953908,0.1704823939,0.1742002922,157.74,0.0215365399285817,0.0217701250626705,0.8463249297992258,0.8882772370163518
2025-11-21,0.1742002922,0.1744908892,0.1735349253,0.1743341867,0.0,0.0007683286141986,0.0007686238542372,0.8345088596266705,0.8882792825061664
2025-11-22,0.1743341867,0.1743341867,0.1698430023,0.170493015,0.0,-0.0222797422710781,-0.0220333818209162,0.8310861619343856,0.8887822874929727
2025-11-23,0.170493015,0.1720019995,0.1703511139,0.1718030307,0.63,0.0076543221135885,0.0076836913230726,0.8332925892013833,0.8884989005693507
2025-11-24,0.1718030307,0.1759396081,0.1695398613,0.1696128652,453.03,-0.0128300736430764,-0.0127481191168533,0.8092448790888582,0.8885693791447128
2025-11-25,0.1696128652,0.1719383897,0.1658278655,0.1710446201,3.88,0.0084058821090784,0.0084413107361387,0.8064164641179083,0.888642128436442
2025-11-26,0.1710446201,0.1710919865,0.1693332508,0.1696783991,0.0,-0.0080195833285886,-0.0079875122596738,0.8061029698505228,0.888626103262274
2025-11-27,0.1696783991,0.1709924313,0.169196643,0.1695851296,63.16,-0.0005498351249669,-0.0005496839933351,0.806328611330033,0.8848148036544431
2025-11-28,0.1687092834,0.1692307271,0.1686410539,0.1691344113,0.0,-0.0026613083191031,-0.0026577701775096,0.8062895896668318,0.884806753645664
2025-11-29,0.1691344113,0.1691463494,0.1685141895,0.1689279126,0.0,-0.0012216606884805,-0.0012209147648477,0.8054007699966393,0.8842726406036344
2025-11-30,0.1689279126,0.16966881,0.1689279126,0.1696665599,0.0,0.0043630273482443,0.0043725592096139,0.8050487956935521,0.8842928754014832
2025-12-01,0.1687274569,0.1687274569,0.1669587081,0.1673608801,0.0,-0.0136826590226902,-0.0135894769208437,0.8032291891784147,0.8845187921681564
2025-12-02,0.1673608801,0.1685175741,0.1659866907,0.1684660657,0.0,0.0065818994197341,0.0066036077208702,0.8050846522133713,0.8792624613911842
2025-12-03,0.1684660657,0.168907227,0.1675356388,0.167902806,239.24,-0.0033490627335619,-0.003343460878365,0.8053717765098612,0.8792576370999222
2025-12-04,0.167902806,0.1707131063,0.167902806,0.1692368372,0.0,0.0079138611512582,0.0079452585205752,0.6294688067306368,0.8794253534930176
2025-12-05,0.1692368372,0.1692368372,0.1669201529,0.1676831822,0.0,-0.0092227586563846,-0.0091803594637254,0.628865631115037,0.8794779387254567
2025-12-06,0.1676831822,0.1744366766,0.1676765953,0.1732439456,1.27,0.0326243126601533,0.0331623203176543,0.5883988885952779,0.8814069127687337
2025-12-07,0.1732439456,0.1742027181,0.171626891,0.1726356129,0.0,-0.0035176020803678,-0.0035114225659842,0.5882201991919627,0.8813784813326986
2025-12-08,0.1726356129,0.17367934,0.1709825736,0.1709825736,39.46,-0.0096214468095936,-0.0095753087803357,0.5873215666296752,0.8814455161279258
2025-12-09,0.1709825736,0.1732257205,0.1495406505,0.1495786812,0.0,-0.1337390924997467,-0.1251817185187109,0.6904520312818476,0.8775525714132357
2025-12-10,0.1495786812,0.1495786812,0.1458671249,0.145867408,0.0,-0.0251245053442739,-0.0248115117089292,0.4815517587800656,0.8655070814704846
2025-12-11,0.145867408,0.1465025076,0.1445860542,0.1464934447,0.0,0.0042826366872436,0.0042918202810595,0.48193550198644447,0.8654821010225848
2025-12-12,0.1464934447,0.1504941118,0.1460626547,0.1504796583,0.0,0.0268472328756433,0.0272108667262434,0.4645387601833612,0.8666848143466818
2025-12-13,0.1504796583,0.1513816807,0.1504229515,0.1504565009,0.0,-0.0001539024097819,-0.0001538905674136,0.46445615000974805,0.8666829945679551
2025-12-14,0.1504565009,0.1514140641,0.1503179923,0.1505025274,0.0,0.0003058655566427,0.0003059123382815,0.4627316030954732,0.8654779659180688
2025-12-15,0.1505025274,0.1515301254,0.1403366651,0.1403366651,0.0,-0.0699355908657401,-0.0675461234812458,0.4976619543077772,0.873082474763461
2025-12-16,0.1403366651,0.1405349412,0.1395568302,0.1405349412,0.0,0.0014118631323985,0.0014128602803744,0.49520046181975036,0.8729590797013749
2025-12-17,0.1405349412,0.1405349412,0.1390877931,0.1393456604,0.0,-0.0084985379564785,-0.008462527467155,0.4878225440051593,0.8725805344353097
2025-12-18,0.1393456604,0.1410921372,0.138897175,0.1392281985,0.0,-0.0008433088978633,-0.0008429534128496,0.48372475538624854,0.8658636602057478
2025-12-19,0.1392281985,0.1413334079,0.1392163589,0.1413334079,0.0,0.0150073913423268,0.0151205676916088,0.4769727849671337,0.8571925515910628
2025-12-20,0.1413334079,0.1413334079,0.1408311175,0.1411358985,0.0,-0.0013984488063899,-0.0013974714325134,0.4699418745634654,0.8570663542841601
2025-12-21,0.1394645697,0.1395261428,0.1391180657,0.1395261428,0.47,-0.0114712580638671,-0.0114057140465931,0.46951877776750356,0.8571397225110271
2025-12-22,0.1395261428,0.1401375305,0.139523799,0.1401375305,0.0,0.0043723138352826,0.0043818863456748,0.46854413717858345,0.8571471149754095
2025-12-23,0.1401375305,0.1401375305,0.1400340488,0.1400340488,0.0,-0.0007387023691996,-0.0007384295957747,0.4669641377950028,0.8567411291908702
2025-12-24,0.1400340488,0.1400340488,0.1286484565,0.1306283582,0.0,-0.0695292676571284,-0.0671671688464385,0.5009856248855812,0.8538643558271299
2025-12-25,0.1306283582,0.1306419039,0.1286970151,0.130094611,38.87,-0.0040943684192905,-0.0040859979207791,0.49857977711267687,0.8533344115446728
2025-12-26,0.130094611,0.1312664883,0.130094611,0.1302535994,0.0,0.0012213521231378,0.0012220982773836,0.4994758991993715,0.8518835405915918
2025-12-27,0.1302535994,0.1310595475,0.1302226479,0.1310468439,0.0,0.0060715315044565,0.00609000061153,0.5007948220925951,0.8520478480614802
2025-12-28,0.1310468439,0.1311534886,0.1302610525,0.1302610525,31.5,-0.0060143132255791,-0.0059962634475929,0.5005439194249146,0.7912890516177913
2025-12-29,0.1302610525,0.131485509,0.1037442145,0.104425212,0.0,-0.2210693925331023,-0.1983389509308624,0.7924322444287366,0.8668108911377894
2025-12-30,0.104425212,0.10524009,0.1041092945,0.1046954882,0.0,0.0025848837559535,0.0025882274483675,0.7920512061993249,0.8648584843780747
2025-12-31,0.1046954882,0.1052894853,0.1033950067,0.1033950067,37.95,-0.0124993544965608,-0.0124215620210461,0.7920899167487746,0.8647985161832246
2026-01-01,0.1033950067,0.106780629,0.103286109,0.1067801745,2.83,0.0322156074661046,0.0327401477889743,0.8018789269821843,0.8674572558766362
2026-01-02,0.1067801745,0.1079009293,0.1067474424,0.1078883649,0.0,0.0103247569258222,0.0103782411406341,0.8046094482855546,0.8680132949223955
2026-01-03,0.1078883649,0.1078883649,0.1007795424,0.1012574901,0.0,-0.0634303546508549,-0.0614605180655584,0.8136706152112689,0.8708859441139826
2026-01-04,0.1012574901,0.1040098064,0.1007744672,0.1008687982,0.0,-0.0038460348962627,-0.0038386483766893,0.8142731457815291,0.8700630122502618
2026-01-05,0.1008687982,0.1008687982,0.1006855534,0.1006855534,0.0,-0.0018183169853045,-0.0018166648484961,0.8020822027067291,0.8701043763341357
2026-01-06,0.1006855534,0.10255441,0.1004849425,0.1004849425,0.0,-0.0019944372617997,-0.0019924496933838,0.8023347809585182,0.8701401956855598
2026-01-07,0.1004849425,0.1027101797,0.0990877187,0.0990877187,0.0,-0.0140023851024742,-0.0139048076780259,0.8020357925483408,0.8700721744269257
